round_idx,kind,cycles
0,invalid,70846
1,valid,60104
2,valid,60749
3,valid,60776
4,valid,60667
5,valid,60654
6,valid,59999
7,invalid,59700
8,valid,60096
9,invalid,59733
10,invalid,59737
11,valid,60656
12,valid,59783
13,invalid,59815
14,invalid,60579
15,invalid,59749
16,valid,60632
17,invalid,63778
18,invalid,59741
19,valid,59731
20,invalid,60400
21,invalid,60661
22,valid,60021
23,valid,60879
24,invalid,60645
25,valid,60140
26,valid,60644
27,valid,60681
28,valid,59711
29,valid,61336
30,valid,59793
31,invalid,59734
32,invalid,61311
33,valid,60689
34,valid,59998
35,valid,60096
36,invalid,59707
37,valid,60667
38,valid,59975
39,invalid,59623
40,valid,59946
41,valid,60672
42,invalid,59907
43,valid,59812
44,valid,62829
45,invalid,60688
46,invalid,60606
47,invalid,59764
48,invalid,59485
49,valid,60632
50,invalid,59683
51,valid,60002
52,valid,59821
53,invalid,60713
54,invalid,59699
55,valid,60674
56,valid,59756
57,invalid,59795
58,invalid,59470
59,invalid,59768
60,valid,60655
61,valid,59726
62,invalid,59683
63,valid,59906
64,valid,60024
65,invalid,60001
66,valid,60041
67,invalid,60979
68,valid,60617
69,invalid,59767
70,invalid,59925
71,invalid,60475
72,invalid,59909
73,valid,59783
74,valid,59763
75,invalid,59764
76,invalid,59735
77,invalid,59747
78,invalid,59778
79,valid,59763
80,invalid,61034
81,invalid,59442
82,valid,60001
83,invalid,64082
84,invalid,63183
85,valid,60006
86,invalid,59706
87,valid,60007
88,valid,59751
89,invalid,60000
90,valid,59774
91,valid,59559
92,valid,60436
93,valid,60019
94,invalid,60004
95,valid,60647
96,invalid,59484
97,invalid,59708
98,valid,59765
99,valid,60713
100,valid,59780
101,invalid,60956
102,invalid,59879
103,invalid,59966
104,invalid,59970
105,invalid,59709
106,valid,59712
107,valid,60658
108,invalid,59589
109,valid,59792
110,valid,60496
111,invalid,60823
112,invalid,60002
113,valid,63450
114,valid,59749
115,invalid,59799
116,valid,59850
117,invalid,59749
118,invalid,61092
119,valid,59978
120,invalid,59854
121,valid,60674
122,invalid,59784
123,valid,59773
124,valid,60020
125,invalid,59742
126,invalid,60051
127,invalid,59899
128,invalid,59801
129,valid,60640
130,invalid,60148
131,invalid,59777
132,invalid,59500
133,invalid,60724
134,invalid,60322
135,invalid,59828
136,invalid,59792
137,invalid,60362
138,invalid,59735
139,valid,59817
140,invalid,59895
141,valid,62747
142,invalid,59815
143,valid,59750
144,valid,59918
145,invalid,59782
146,valid,59822
147,invalid,59747
148,valid,59862
149,invalid,59801
150,valid,59802
151,valid,59747
152,invalid,59628
153,valid,60027
154,valid,60710
155,invalid,59793
156,invalid,59852
157,valid,59793
158,invalid,59777
159,valid,59806
160,invalid,59774
161,valid,60696
162,valid,59756
163,valid,60641
164,invalid,59863
165,invalid,59813
166,invalid,59582
167,invalid,59875
168,invalid,60757
169,invalid,59781
170,invalid,59844
171,invalid,59783
172,invalid,59757
173,invalid,59805
174,valid,59816
175,invalid,59620
176,valid,59819
177,valid,60743
178,invalid,59777
179,invalid,59685
180,invalid,60916
181,valid,60341
182,valid,59795
183,valid,59856
184,invalid,59701
185,valid,60746
186,valid,60424
187,valid,60704
188,valid,60009
189,valid,59802
190,invalid,59925
191,valid,60730
192,valid,60033
193,invalid,59929
194,invalid,59862
195,invalid,59646
196,invalid,60709
197,valid,59891
198,valid,60675
199,invalid,59510
200,valid,60221
201,invalid,60808
202,valid,59765
203,valid,59756
204,invalid,60751
205,invalid,59838
206,invalid,59781
207,invalid,59555
208,valid,59834
209,valid,59863
210,valid,61687
211,valid,60036
212,valid,61857
213,invalid,60030
214,invalid,60743
215,valid,60009
216,invalid,59817
217,invalid,59728
218,valid,59646
219,invalid,59739
220,invalid,59585
221,valid,60110
222,valid,59845
223,invalid,59623
224,valid,59787
225,valid,59794
226,invalid,59770
227,valid,60324
228,invalid,59870
229,valid,59752
230,valid,59876
231,invalid,60060
232,valid,59764
233,valid,59856
234,invalid,59786
235,invalid,59670
236,invalid,60051
237,invalid,59789
238,invalid,59837
239,valid,59816
240,invalid,60070
241,valid,59849
242,valid,60068
243,valid,60764
244,valid,59922
245,valid,59785
246,invalid,65983
247,valid,59839
248,invalid,59779
249,invalid,59772
250,valid,59788
251,invalid,59776
252,invalid,59801
253,invalid,60069
254,invalid,59745
255,invalid,60846
256,invalid,59839
257,valid,59738
258,valid,60403
259,invalid,59828
260,invalid,59745
261,valid,59800
262,valid,59783
263,valid,60214
264,valid,59802
265,invalid,59649
266,invalid,59853
267,valid,59996
268,invalid,59536
269,valid,59778
270,invalid,59823
271,invalid,59810
272,invalid,59487
273,invalid,59738
274,valid,59721
275,invalid,59767
276,valid,59840
277,invalid,60429
278,invalid,59976
279,invalid,59479
280,invalid,60047
281,invalid,60678
282,valid,59754
283,invalid,59711
284,valid,59858
285,invalid,59829
286,valid,59897
287,valid,60640
288,invalid,59778
289,valid,59716
290,invalid,60436
291,invalid,59786
292,invalid,59705
293,invalid,59817
294,invalid,59908
295,valid,63329
296,valid,60376
297,valid,60678
298,invalid,59850
299,invalid,59778
300,invalid,61517
301,invalid,60704
302,valid,60102
303,valid,59747
304,invalid,59738
305,invalid,60646
306,invalid,60720
307,invalid,59561
308,valid,59861
309,valid,59831
310,valid,59792
311,valid,59802
312,valid,60975
313,valid,59712
314,valid,59805
315,valid,60615
316,invalid,59717
317,valid,59835
318,invalid,59749
319,invalid,59747
320,valid,60023
321,valid,59837
322,invalid,59821
323,valid,59786
324,valid,59993
325,valid,61552
326,invalid,59796
327,invalid,59776
328,invalid,59805
329,invalid,59882
330,invalid,61768
331,valid,60909
332,invalid,59976
333,invalid,59547
334,invalid,59736
335,valid,63454
336,invalid,60970
337,invalid,60246
338,valid,59734
339,valid,60578
340,invalid,60451
341,valid,59783
342,invalid,59787
343,valid,59809
344,valid,59931
345,invalid,59824
346,invalid,59815
347,invalid,59556
348,invalid,59787
349,valid,59793
350,invalid,60384
351,invalid,59513
352,valid,59805
353,invalid,60187
354,invalid,63600
355,invalid,59809
356,invalid,60988
357,valid,59781
358,invalid,59819
359,invalid,60182
360,valid,59758
361,valid,59727
362,invalid,59772
363,invalid,60753
364,valid,59828
365,invalid,59724
366,invalid,59758
367,invalid,59734
368,valid,59792
369,invalid,60220
370,invalid,59511
371,valid,59759
372,invalid,59744
373,valid,59806
374,invalid,59979
375,invalid,59462
376,valid,60261
377,invalid,60659
378,valid,60027
379,valid,59891
380,invalid,59743
381,invalid,59760
382,invalid,62179
383,invalid,59804
384,invalid,59664
385,invalid,59740
386,valid,59834
387,valid,59735
388,valid,59779
389,invalid,59800
390,invalid,59788
391,valid,59756
392,valid,60710
393,valid,59760
394,invalid,59748
395,invalid,59755
396,valid,59769
397,valid,60709
398,valid,59802
399,valid,59733
400,valid,59831
401,invalid,59738
402,valid,60588
403,invalid,59913
404,invalid,59788
405,valid,60220
406,invalid,59781
407,valid,59768
408,invalid,59808
409,valid,59776
410,invalid,59828
411,valid,59797
412,invalid,59834
413,valid,60077
414,valid,59791
415,valid,60091
416,invalid,60359
417,invalid,60405
418,valid,59853
419,valid,59793
420,valid,59762
421,valid,59818
422,invalid,59662
423,valid,59790
424,invalid,60955
425,invalid,59760
426,invalid,59746
427,invalid,59804
428,valid,60691
429,invalid,59879
430,invalid,60547
431,valid,59803
432,valid,59733
433,invalid,59765
434,valid,59730
435,invalid,59703
436,valid,59784
437,valid,59736
438,valid,59790
439,valid,59743
440,valid,61485
441,valid,59843
442,invalid,59524
443,valid,59708
444,valid,59818
445,invalid,59739
446,invalid,59656
447,invalid,59814
448,valid,59821
449,valid,59789
450,valid,60387
451,invalid,59770
452,valid,59894
453,valid,59801
454,invalid,59750
455,valid,59777
456,valid,59867
457,valid,59757
458,invalid,59794
459,invalid,59795
460,valid,59729
461,valid,59764
462,valid,59744
463,invalid,60334
464,invalid,61485
465,invalid,59494
466,valid,59782
467,valid,59817
468,valid,59788
469,valid,59763
470,invalid,60518
471,valid,59741
472,valid,59860
473,invalid,59776
474,valid,59734
475,invalid,60884
476,valid,62118
477,invalid,59815
478,valid,59807
479,valid,59856
480,invalid,59743
481,valid,59752
482,valid,59767
483,invalid,59825
484,invalid,59798
485,invalid,59740
486,invalid,60254
487,invalid,63194
488,valid,60079
489,valid,60164
490,invalid,59565
491,invalid,59590
492,invalid,59836
493,valid,59780
494,valid,59805
495,invalid,59793
496,invalid,60925
497,valid,60138
498,valid,60092
499,invalid,59783
500,valid,59877
501,invalid,59773
502,valid,59849
503,valid,60690
504,invalid,59746
505,valid,61017
506,invalid,59715
507,invalid,60790
508,valid,59808
509,valid,59815
510,invalid,60316
511,invalid,59722
512,invalid,60397
513,valid,59765
514,invalid,59760
515,invalid,59651
516,invalid,59764
517,invalid,59728
518,invalid,59774
519,invalid,59979
520,valid,59756
521,invalid,59940
522,invalid,60479
523,valid,59789
524,valid,59802
525,invalid,59793
526,invalid,59682
527,valid,59703
528,valid,59770
529,valid,60143
530,valid,59881
531,invalid,59744
532,valid,60584
533,valid,59780
534,valid,59775
535,valid,60713
536,valid,60077
537,invalid,59771
538,valid,59839
539,valid,59792
540,invalid,59741
541,invalid,59878
542,valid,60939
543,invalid,59862
544,invalid,59829
545,valid,60583
546,invalid,59785
547,invalid,59794
548,valid,59927
549,valid,59762
550,valid,59815
551,valid,59744
552,valid,59817
553,valid,59762
554,valid,59774
555,valid,60576
556,valid,59754
557,invalid,59763
558,invalid,59883
559,invalid,59768
560,invalid,59732
561,invalid,59743
562,valid,59469
563,invalid,59802
564,invalid,59761
565,invalid,59756
566,invalid,59922
567,invalid,59876
568,invalid,59847
569,valid,59766
570,valid,60602
571,invalid,59917
572,valid,59844
573,invalid,59724
574,valid,60914
575,valid,59729
576,invalid,59786
577,valid,60163
578,invalid,59750
579,invalid,59736
580,valid,59812
581,invalid,59770
582,valid,59749
583,valid,59710
584,invalid,60763
585,valid,59766
586,invalid,59786
587,valid,60243
588,valid,59758
589,invalid,59769
590,invalid,59853
591,valid,59828
592,valid,59799
593,valid,59832
594,invalid,59890
595,invalid,59772
596,invalid,59883
597,invalid,60323
598,invalid,59833
599,invalid,59748
600,invalid,59772
601,valid,59750
602,invalid,59760
603,invalid,59511
604,invalid,60303
605,invalid,59545
606,invalid,60743
607,invalid,60383
608,valid,59761
609,valid,59807
610,invalid,59788
611,valid,59770
612,valid,59732
613,invalid,59757
614,valid,59823
615,invalid,60648
616,invalid,59779
617,valid,60734
618,invalid,59825
619,invalid,59735
620,valid,60227
621,invalid,59772
622,valid,59869
623,valid,59751
624,valid,59743
625,invalid,59767
626,valid,59860
627,invalid,60159
628,valid,59653
629,valid,59785
630,invalid,60534
631,valid,59773
632,invalid,59541
633,invalid,59737
634,invalid,59665
635,valid,59774
636,valid,59844
637,valid,60534
638,invalid,59763
639,valid,59764
640,invalid,61920
641,valid,60181
642,valid,59737
643,valid,60210
644,valid,59744
645,valid,59811
646,invalid,59778
647,valid,59727
648,invalid,59738
649,valid,59760
650,valid,60061
651,valid,59977
652,invalid,59814
653,valid,60459
654,invalid,61498
655,valid,60134
656,valid,60855
657,valid,59773
658,valid,59847
659,invalid,60486
660,invalid,59815
661,invalid,59578
662,valid,59835
663,valid,59762
664,invalid,59720
665,invalid,59778
666,valid,60146
667,valid,59493
668,valid,59789
669,invalid,59481
670,valid,59724
671,valid,59743
672,invalid,59758
673,invalid,59782
674,invalid,59820
675,invalid,59526
676,invalid,59762
677,valid,59775
678,invalid,59504
679,invalid,59748
680,invalid,59629
681,valid,61355
682,valid,59744
683,invalid,59974
684,valid,59789
685,invalid,59755
686,invalid,59809
687,invalid,59756
688,invalid,59785
689,invalid,59749
690,valid,59749
691,invalid,59761
692,valid,59798
693,invalid,59500
694,valid,59780
695,invalid,59725
696,valid,59757
697,valid,59753
698,invalid,59789
699,valid,60023
700,valid,59780
701,valid,59762
702,invalid,59754
703,valid,59768
704,invalid,59744
705,invalid,59697
706,invalid,59829
707,invalid,59656
708,invalid,59873
709,valid,59796
710,valid,59565
711,invalid,59745
712,valid,59780
713,valid,59866
714,invalid,59800
715,invalid,59858
716,valid,59781
717,valid,59774
718,valid,59876
719,invalid,59793
720,invalid,60637
721,valid,59789
722,valid,59767
723,invalid,59715
724,invalid,60167
725,valid,60079
726,invalid,59862
727,invalid,62455
728,invalid,59734
729,valid,60352
730,valid,59751
731,valid,59758
732,invalid,59741
733,valid,60506
734,invalid,59741
735,invalid,59759
736,valid,60501
737,invalid,59794
738,invalid,60300
739,invalid,60305
740,invalid,59822
741,valid,59800
742,valid,59739
743,invalid,59762
744,invalid,59639
745,valid,59809
746,valid,61487
747,invalid,60287
748,valid,60223
749,invalid,60225
750,invalid,60157
751,invalid,59969
752,invalid,59822
753,invalid,59766
754,invalid,59776
755,valid,60094
756,valid,59791
757,invalid,59738
758,invalid,59803
759,invalid,60559
760,invalid,59796
761,invalid,59827
762,valid,60549
763,invalid,59679
764,valid,59813
765,invalid,59764
766,valid,60870
767,invalid,59578
768,invalid,61532
769,invalid,60246
770,valid,60215
771,invalid,59756
772,invalid,59754
773,invalid,59738
774,invalid,59843
775,invalid,61076
776,invalid,59659
777,invalid,59780
778,invalid,59754
779,valid,59876
780,valid,59804
781,invalid,59766
782,invalid,59789
783,invalid,59763
784,valid,59756
785,invalid,60239
786,invalid,59708
787,invalid,59738
788,valid,59785
789,valid,59739
790,valid,59771
791,valid,59805
792,invalid,59738
793,valid,60689
794,valid,59761
795,valid,59735
796,invalid,59777
797,valid,59768
798,valid,59773
799,invalid,59795
800,invalid,59774
801,invalid,59558
802,invalid,59758
803,invalid,59754
804,invalid,59759
805,invalid,59729
806,valid,59780
807,valid,59750
808,valid,59784
809,invalid,59697
810,valid,59732
811,valid,60945
812,valid,59752
813,invalid,59825
814,valid,59723
815,invalid,59519
816,invalid,59848
817,valid,59998
818,valid,59510
819,valid,59790
820,invalid,59625
821,valid,59793
822,invalid,60718
823,invalid,59806
824,valid,60063
825,invalid,61529
826,invalid,59735
827,valid,59765
828,invalid,59753
829,valid,59776
830,valid,59764
831,valid,59780
832,invalid,59495
833,valid,59817
834,invalid,59786
835,invalid,59730
836,invalid,59759
837,invalid,59766
838,invalid,59758
839,valid,59856
840,valid,59759
841,valid,59806
842,valid,60281
843,valid,59527
844,invalid,59756
845,invalid,59769
846,valid,59779
847,invalid,59793
848,valid,59734
849,invalid,59796
850,invalid,59757
851,invalid,59802
852,valid,61228
853,invalid,59741
854,valid,59826
855,invalid,60153
856,valid,59756
857,invalid,59787
858,valid,59774
859,invalid,59762
860,invalid,59745
861,invalid,59762
862,valid,59878
863,valid,59810
864,valid,59756
865,invalid,59751
866,valid,59810
867,invalid,59726
868,invalid,59559
869,invalid,59524
870,invalid,59902
871,valid,59789
872,invalid,59753
873,valid,59711
874,invalid,59741
875,invalid,59784
876,valid,59765
877,valid,59974
878,valid,60221
879,invalid,59983
880,valid,59778
881,invalid,59806
882,valid,59791
883,invalid,59931
884,valid,59821
885,invalid,59840
886,valid,59827
887,invalid,59757
888,invalid,59496
889,invalid,59879
890,invalid,60784
891,invalid,60788
892,valid,59840
893,invalid,59493
894,invalid,59789
895,invalid,59739
896,valid,59718
897,invalid,60513
898,invalid,59773
899,invalid,59643
900,valid,59759
901,valid,60447
902,invalid,59815
903,invalid,59759
904,valid,60195
905,valid,60695
906,invalid,59798
907,valid,59789
908,valid,59769
909,invalid,59805
910,invalid,60447
911,valid,59777
912,invalid,59746
913,invalid,59806
914,valid,60579
915,invalid,59754
916,invalid,59767
917,valid,60067
918,valid,59785
919,invalid,59807
920,valid,59737
921,valid,59793
922,valid,59818
923,valid,63194
924,invalid,59566
925,invalid,59501
926,valid,59763
927,invalid,59714
928,invalid,59759
929,invalid,59801
930,valid,59802
931,invalid,59781
932,valid,59760
933,valid,63470
934,invalid,63022
935,valid,60609
936,valid,59784
937,invalid,59834
938,invalid,59900
939,valid,59813
940,valid,59791
941,invalid,59777
942,invalid,59777
943,invalid,59793
944,valid,59770
945,invalid,60897
946,valid,59794
947,invalid,59732
948,valid,59786
949,valid,60344
950,invalid,60119
951,valid,60733
952,invalid,60618
953,valid,59764
954,valid,62199
955,valid,59781
956,invalid,59718
957,valid,59762
958,invalid,60412
959,invalid,59754
960,invalid,60663
961,invalid,59904
962,invalid,59542
963,valid,59900
964,valid,59779
965,valid,60696
966,valid,61755
967,valid,59810
968,invalid,59857
969,valid,59866
970,valid,59835
971,invalid,59814
972,invalid,60568
973,valid,59784
974,invalid,59615
975,invalid,59837
976,invalid,59763
977,valid,59778
978,invalid,59913
979,invalid,59943
980,invalid,59765
981,invalid,59731
982,invalid,60460
983,valid,59895
984,valid,59784
985,invalid,59819
986,valid,59847
987,valid,59810
988,valid,59798
989,valid,59897
990,invalid,59777
991,invalid,59794
992,invalid,60064
993,invalid,59759
994,valid,59755
995,valid,60691
996,invalid,59818
997,valid,59824
998,invalid,59773
999,invalid,59810
1000,valid,59853
1001,valid,59748
1002,valid,60318
1003,valid,62618
1004,valid,60791
1005,valid,59853
1006,valid,59778
1007,invalid,59839
1008,valid,61027
1009,invalid,59776
1010,invalid,59925
1011,invalid,61068
1012,invalid,59876
1013,valid,60089
1014,valid,60960
1015,valid,63111
1016,invalid,59781
1017,valid,59783
1018,valid,59799
1019,valid,59841
1020,invalid,59805
1021,invalid,59808
1022,valid,59738
1023,invalid,59790
1024,valid,59817
1025,valid,60727
1026,valid,59742
1027,invalid,60012
1028,invalid,59760
1029,valid,59753
1030,valid,60046
1031,valid,59764
1032,valid,60157
1033,invalid,59900
1034,valid,59820
1035,valid,59766
1036,invalid,59653
1037,valid,59905
1038,invalid,60880
1039,valid,60441
1040,valid,60769
1041,valid,59861
1042,valid,60758
1043,valid,59763
1044,valid,59900
1045,invalid,60135
1046,invalid,59732
1047,valid,59836
1048,invalid,59792
1049,invalid,59758
1050,invalid,59741
1051,invalid,60361
1052,valid,59876
1053,invalid,60241
1054,valid,59787
1055,valid,60512
1056,valid,59766
1057,valid,59782
1058,valid,59670
1059,invalid,60175
1060,valid,60305
1061,invalid,60281
1062,invalid,59822
1063,invalid,59798
1064,invalid,59782
1065,invalid,60188
1066,valid,59947
1067,valid,59853
1068,invalid,60759
1069,valid,60140
1070,valid,59862
1071,invalid,59765
1072,valid,59843
1073,valid,63170
1074,valid,59796
1075,invalid,60585
1076,invalid,59804
1077,invalid,59808
1078,valid,59780
1079,valid,59802
1080,valid,60716
1081,invalid,59794
1082,invalid,59834
1083,valid,59830
1084,valid,60218
1085,valid,59712
1086,invalid,59763
1087,valid,60933
1088,valid,60249
1089,valid,60476
1090,valid,61262
1091,valid,59831
1092,invalid,59907
1093,invalid,59847
1094,invalid,59720
1095,valid,59855
1096,invalid,59798
1097,invalid,59832
1098,valid,59784
1099,invalid,59805
1100,valid,60977
1101,valid,59805
1102,valid,59805
1103,invalid,59519
1104,valid,59757
1105,valid,59826
1106,valid,59806
1107,valid,59785
1108,valid,59721
1109,invalid,59832
1110,valid,59864
1111,valid,59826
1112,invalid,60895
1113,invalid,59919
1114,valid,61402
1115,invalid,59787
1116,invalid,59803
1117,valid,59803
1118,valid,59749
1119,invalid,59786
1120,valid,59761
1121,invalid,60767
1122,invalid,59753
1123,valid,60086
1124,valid,59842
1125,valid,60011
1126,invalid,60155
1127,invalid,59757
1128,invalid,59785
1129,valid,59787
1130,valid,59821
1131,valid,59841
1132,invalid,59818
1133,invalid,59886
1134,invalid,59808
1135,invalid,59768
1136,valid,60195
1137,valid,59815
1138,valid,59770
1139,invalid,59807
1140,valid,59829
1141,invalid,60745
1142,valid,60206
1143,valid,59758
1144,invalid,59766
1145,valid,59813
1146,invalid,59853
1147,valid,59784
1148,invalid,59846
1149,valid,59810
1150,invalid,60729
1151,invalid,59782
1152,valid,59839
1153,valid,59809
1154,invalid,59748
1155,invalid,59891
1156,valid,60496
1157,valid,59786
1158,invalid,59804
1159,valid,59796
1160,valid,59847
1161,invalid,59872
1162,valid,59754
1163,valid,59800
1164,invalid,60611
1165,invalid,59540
1166,valid,60133
1167,invalid,59685
1168,invalid,59644
1169,invalid,60438
1170,invalid,59912
1171,valid,59852
1172,invalid,59762
1173,valid,59765
1174,valid,60119
1175,valid,59768
1176,valid,59812
1177,valid,59830
1178,valid,59760
1179,valid,60351
1180,valid,59885
1181,invalid,59826
1182,invalid,59812
1183,invalid,60162
1184,valid,59863
1185,invalid,59555
1186,invalid,60251
1187,valid,60170
1188,invalid,59519
1189,valid,59855
1190,invalid,59784
1191,valid,59796
1192,invalid,60290
1193,valid,59778
1194,valid,59846
1195,invalid,59804
1196,invalid,59842
1197,invalid,64073
1198,valid,59771
1199,valid,59724
1200,invalid,59556
1201,invalid,59792
1202,valid,59689
1203,invalid,60460
1204,valid,59742
1205,valid,59780
1206,invalid,59774
1207,valid,59785
1208,invalid,59770
1209,invalid,59805
1210,valid,59724
1211,invalid,59797
1212,invalid,59771
1213,valid,59809
1214,valid,59875
1215,invalid,59717
1216,invalid,59798
1217,invalid,59761
1218,invalid,59803
1219,invalid,59719
1220,invalid,60391
1221,invalid,59767
1222,valid,59850
1223,valid,60360
1224,valid,59782
1225,valid,59800
1226,valid,59836
1227,valid,59770
1228,invalid,63125
1229,invalid,60205
1230,invalid,59820
1231,invalid,59854
1232,invalid,59753
1233,invalid,59786
1234,valid,59789
1235,valid,59792
1236,invalid,60392
1237,valid,59735
1238,valid,59758
1239,valid,59825
1240,invalid,59825
1241,valid,59828
1242,valid,59775
1243,invalid,59771
1244,valid,59802
1245,valid,59883
1246,valid,60488
1247,valid,59887
1248,invalid,59764
1249,invalid,59474
1250,valid,60670
1251,invalid,59771
1252,invalid,59790
1253,valid,59806
1254,valid,59806
1255,valid,59912
1256,invalid,59833
1257,valid,59790
1258,valid,59855
1259,valid,60334
1260,valid,59568
1261,valid,59761
1262,valid,59763
1263,invalid,59713
1264,valid,59773
1265,valid,59794
1266,valid,60354
1267,valid,59853
1268,invalid,59795
1269,valid,60316
1270,valid,59939
1271,valid,59729
1272,invalid,59842
1273,invalid,59833
1274,valid,59794
1275,invalid,59760
1276,valid,59766
1277,valid,61534
1278,invalid,60185
1279,valid,59760
1280,valid,59752
1281,invalid,59655
1282,invalid,60168
1283,valid,59791
1284,valid,60123
1285,invalid,60725
1286,invalid,60115
1287,valid,59764
1288,valid,59879
1289,invalid,59769
1290,valid,59770
1291,valid,59759
1292,valid,60866
1293,valid,59769
1294,invalid,59777
1295,invalid,59869
1296,invalid,59787
1297,invalid,59795
1298,invalid,59792
1299,invalid,59791
1300,valid,59805
1301,valid,59806
1302,invalid,60466
1303,valid,59803
1304,invalid,60489
1305,invalid,60500
1306,valid,59785
1307,valid,59756
1308,invalid,59776
1309,valid,59761
1310,valid,59859
1311,valid,59751
1312,invalid,59790
1313,valid,59758
1314,valid,59740
1315,invalid,59493
1316,valid,59812
1317,valid,59842
1318,invalid,60165
1319,valid,59808
1320,valid,60405
1321,invalid,60287
1322,valid,59775
1323,valid,60172
1324,invalid,60296
1325,valid,60016
1326,invalid,59745
1327,valid,59773
1328,valid,60033
1329,valid,59779
1330,valid,59813
1331,invalid,59732
1332,valid,59764
1333,invalid,59699
1334,invalid,59793
1335,valid,60526
1336,valid,59777
1337,invalid,59758
1338,valid,60353
1339,valid,59768
1340,invalid,61277
1341,invalid,59855
1342,invalid,61881
1343,valid,59859
1344,valid,61732
1345,invalid,60527
1346,invalid,59807
1347,valid,59828
1348,invalid,59775
1349,valid,60136
1350,invalid,59799
1351,invalid,59845
1352,invalid,60470
1353,valid,59787
1354,invalid,59810
1355,invalid,59748
1356,valid,59798
1357,valid,59786
1358,valid,59821
1359,invalid,59903
1360,invalid,59774
1361,invalid,59753
1362,invalid,60142
1363,invalid,59666
1364,valid,59755
1365,invalid,59794
1366,invalid,59794
1367,valid,59821
1368,invalid,59666
1369,valid,59792
1370,valid,59946
1371,invalid,59703
1372,invalid,59822
1373,invalid,59785
1374,invalid,62534
1375,valid,59747
1376,invalid,59782
1377,valid,59768
1378,valid,59762
1379,invalid,59816
1380,valid,59776
1381,invalid,59810
1382,valid,59770
1383,invalid,59764
1384,valid,59721
1385,invalid,59814
1386,invalid,59745
1387,valid,59789
1388,invalid,59781
1389,valid,59781
1390,valid,59786
1391,valid,59758
1392,invalid,59798
1393,invalid,59795
1394,invalid,60574
1395,valid,59764
1396,valid,59852
1397,valid,59801
1398,invalid,59741
1399,invalid,59518
1400,valid,59736
1401,valid,59820
1402,valid,60515
1403,invalid,59503
1404,valid,59778
1405,valid,59798
1406,invalid,59790
1407,invalid,59530
1408,valid,59791
1409,valid,60470
1410,valid,59887
1411,invalid,60690
1412,invalid,60685
1413,valid,59806
1414,invalid,59786
1415,invalid,59582
1416,invalid,59741
1417,invalid,59584
1418,invalid,59779
1419,invalid,59830
1420,valid,59784
1421,invalid,59796
1422,valid,60410
1423,invalid,59769
1424,valid,59766
1425,valid,60733
1426,valid,59469
1427,valid,59741
1428,valid,59746
1429,valid,59816
1430,valid,59755
1431,valid,59820
1432,valid,59781
1433,invalid,59815
1434,invalid,59486
1435,invalid,59782
1436,valid,59767
1437,valid,60423
1438,valid,59803
1439,valid,59744
1440,valid,60119
1441,invalid,59721
1442,valid,59759
1443,valid,59769
1444,invalid,59837
1445,invalid,60020
1446,invalid,59458
1447,invalid,60529
1448,invalid,59736
1449,valid,59777
1450,invalid,60431
1451,valid,59780
1452,invalid,59581
1453,invalid,59974
1454,valid,59773
1455,invalid,59742
1456,invalid,59882
1457,valid,60179
1458,valid,59749
1459,invalid,59760
1460,valid,60442
1461,valid,59787
1462,invalid,59782
1463,valid,59755
1464,valid,59785
1465,invalid,59747
1466,invalid,59520
1467,valid,60467
1468,invalid,59743
1469,invalid,59798
1470,valid,61560
1471,valid,59750
1472,invalid,59774
1473,invalid,59784
1474,invalid,59788
1475,invalid,59762
1476,valid,59796
1477,invalid,59757
1478,valid,60690
1479,invalid,59802
1480,valid,62845
1481,invalid,59989
1482,invalid,59518
1483,valid,59818
1484,invalid,59710
1485,invalid,59776
1486,valid,60480
1487,invalid,59769
1488,valid,59775
1489,valid,59799
1490,invalid,59749
1491,valid,59896
1492,valid,59802
1493,valid,59996
1494,invalid,60095
1495,valid,59981
1496,invalid,60677
1497,valid,59793
1498,invalid,60920
1499,invalid,59743
1500,valid,59775
1501,valid,60454
1502,invalid,59786
1503,invalid,59580
1504,valid,59766
1505,invalid,59765
1506,invalid,59769
1507,valid,59708
1508,invalid,60286
1509,invalid,59724
1510,invalid,59739
1511,invalid,60324
1512,valid,59788
1513,invalid,59768
1514,invalid,59801
1515,valid,59805
1516,invalid,59785
1517,invalid,59847
1518,valid,59984
1519,valid,59833
1520,invalid,59692
1521,valid,59800
1522,valid,59763
1523,valid,59751
1524,valid,59795
1525,invalid,60025
1526,invalid,59655
1527,valid,59564
1528,invalid,60705
1529,invalid,59777
1530,invalid,59785
1531,invalid,60416
1532,valid,59849
1533,invalid,59717
1534,valid,60026
1535,invalid,59769
1536,valid,59766
1537,valid,59911
1538,valid,59706
1539,invalid,59796
1540,valid,59774
1541,invalid,60464
1542,valid,59782
1543,invalid,59750
1544,invalid,59771
1545,invalid,59810
1546,invalid,59479
1547,valid,59775
1548,invalid,59976
1549,invalid,59799
1550,valid,59688
1551,invalid,59516
1552,invalid,59801
1553,invalid,59764
1554,invalid,61515
1555,valid,60834
1556,valid,59726
1557,invalid,59746
1558,valid,59718
1559,invalid,59736
1560,invalid,59802
1561,invalid,60176
1562,valid,60583
1563,invalid,59776
1564,valid,59760
1565,valid,60667
1566,invalid,59735
1567,valid,59740
1568,valid,59810
1569,invalid,59690
1570,valid,59832
1571,valid,59809
1572,invalid,59674
1573,invalid,59832
1574,valid,60787
1575,invalid,59803
1576,invalid,59752
1577,valid,62259
1578,invalid,59718
1579,valid,60082
1580,valid,60310
1581,valid,59742
1582,invalid,59806
1583,valid,59781
1584,invalid,59794
1585,valid,59834
1586,invalid,59822
1587,invalid,59779
1588,valid,59762
1589,valid,59809
1590,invalid,59812
1591,invalid,59731
1592,invalid,59599
1593,valid,59800
1594,valid,59719
1595,invalid,59827
1596,valid,59753
1597,invalid,59510
1598,invalid,59799
1599,invalid,59787
1600,invalid,59780
1601,valid,59860
1602,valid,59831
1603,invalid,60610
1604,valid,59878
1605,invalid,59819
1606,invalid,59790
1607,invalid,60424
1608,valid,59747
1609,valid,59869
1610,invalid,60429
1611,invalid,61656
1612,invalid,59803
1613,valid,60947
1614,valid,59753
1615,invalid,59776
1616,valid,59755
1617,valid,61494
1618,valid,59835
1619,invalid,60982
1620,valid,59856
1621,valid,59801
1622,valid,59755
1623,invalid,60309
1624,invalid,59743
1625,valid,59788
1626,valid,59757
1627,invalid,59782
1628,invalid,59759
1629,invalid,60316
1630,valid,59790
1631,invalid,59789
1632,invalid,60181
1633,valid,60274
1634,valid,59812
1635,invalid,59622
1636,invalid,59847
1637,valid,59809
1638,invalid,59740
1639,valid,59784
1640,valid,59868
1641,valid,59850
1642,invalid,59468
1643,invalid,59749
1644,invalid,59507
1645,valid,59734
1646,invalid,59819
1647,valid,59789
1648,valid,61547
1649,valid,59807
1650,valid,59793
1651,valid,60221
1652,invalid,60555
1653,valid,64202
1654,valid,59877
1655,valid,60628
1656,invalid,60116
1657,invalid,59783
1658,valid,59758
1659,invalid,59785
1660,invalid,59823
1661,invalid,59467
1662,invalid,59629
1663,valid,59747
1664,invalid,59808
1665,invalid,60921
1666,invalid,59772
1667,valid,59767
1668,valid,59764
1669,valid,59772
1670,valid,59786
1671,invalid,63879
1672,invalid,59780
1673,valid,59804
1674,invalid,59741
1675,valid,59749
1676,valid,59730
1677,valid,60619
1678,invalid,59761
1679,valid,59754
1680,valid,59758
1681,valid,60407
1682,valid,59739
1683,valid,59756
1684,invalid,59514
1685,valid,59827
1686,invalid,59853
1687,invalid,59781
1688,invalid,59804
1689,invalid,59821
1690,invalid,59863
1691,invalid,59750
1692,invalid,59668
1693,valid,59771
1694,invalid,59614
1695,valid,59846
1696,valid,59785
1697,invalid,59915
1698,invalid,59750
1699,valid,59784
1700,invalid,59765
1701,valid,59807
1702,invalid,59730
1703,invalid,59821
1704,invalid,59777
1705,invalid,59748
1706,valid,59840
1707,valid,59769
1708,invalid,60567
1709,valid,59772
1710,invalid,59734
1711,valid,60450
1712,valid,59850
1713,valid,59725
1714,valid,60024
1715,invalid,59731
1716,invalid,59777
1717,valid,59717
1718,invalid,59780
1719,valid,60451
1720,invalid,62940
1721,valid,60236
1722,valid,59872
1723,valid,59791
1724,invalid,59774
1725,valid,59748
1726,valid,59726
1727,invalid,60156
1728,valid,59833
1729,valid,59740
1730,valid,63850
1731,invalid,60332
1732,valid,59857
1733,valid,60335
1734,invalid,59862
1735,valid,59823
1736,valid,59896
1737,valid,59840
1738,valid,59856
1739,invalid,59949
1740,invalid,59582
1741,invalid,59767
1742,invalid,59874
1743,invalid,59747
1744,valid,59721
1745,valid,59827
1746,invalid,59880
1747,valid,59775
1748,valid,59756
1749,invalid,59723
1750,invalid,60227
1751,invalid,59618
1752,invalid,59782
1753,valid,60152
1754,invalid,59709
1755,invalid,59794
1756,invalid,59818
1757,invalid,59741
1758,valid,59774
1759,valid,59765
1760,invalid,59738
1761,invalid,62422
1762,valid,60194
1763,valid,59837
1764,valid,59841
1765,valid,59813
1766,valid,60380
1767,invalid,59775
1768,valid,59800
1769,invalid,59923
1770,valid,60012
1771,invalid,59743
1772,valid,59854
1773,invalid,59695
1774,invalid,59743
1775,valid,59760
1776,valid,59866
1777,valid,59749
1778,invalid,59781
1779,invalid,59752
1780,invalid,59810
1781,valid,59802
1782,valid,59728
1783,invalid,59793
1784,invalid,59819
1785,invalid,59777
1786,invalid,59845
1787,valid,59780
1788,valid,59729
1789,invalid,59712
1790,valid,59753
1791,valid,59751
1792,valid,59778
1793,invalid,60675
1794,invalid,59773
1795,invalid,59809
1796,valid,59793
1797,valid,59791
1798,invalid,59962
1799,valid,60871
1800,invalid,59963
1801,valid,60513
1802,invalid,60625
1803,valid,59780
1804,valid,60159
1805,invalid,59781
1806,valid,60394
1807,invalid,59979
1808,valid,61920
1809,valid,60168
1810,valid,60173
1811,valid,60146
1812,invalid,60124
1813,invalid,59841
1814,invalid,62168
1815,invalid,59887
1816,invalid,59746
1817,invalid,60856
1818,valid,59754
1819,invalid,59762
1820,invalid,59529
1821,invalid,59865
1822,invalid,59813
1823,invalid,59753
1824,invalid,59765
1825,valid,59786
1826,invalid,59891
1827,valid,60811
1828,invalid,59772
1829,invalid,59558
1830,invalid,59555
1831,valid,59800
1832,invalid,59790
1833,invalid,59825
1834,valid,59751
1835,invalid,59858
1836,invalid,59758
1837,invalid,61073
1838,valid,59745
1839,invalid,59774
1840,invalid,59722
1841,valid,59772
1842,invalid,59775
1843,invalid,59778
1844,valid,59785
1845,invalid,59759
1846,valid,59802
1847,valid,60865
1848,valid,59935
1849,valid,59771
1850,valid,60393
1851,invalid,59813
1852,invalid,59713
1853,valid,59753
1854,valid,59739
1855,valid,59801
1856,valid,59762
1857,valid,59956
1858,invalid,59808
1859,invalid,59749
1860,invalid,60052
1861,invalid,59825
1862,invalid,59869
1863,valid,59846
1864,invalid,59775
1865,valid,59740
1866,valid,59785
1867,valid,60490
1868,invalid,59678
1869,invalid,59765
1870,invalid,59828
1871,invalid,59831
1872,valid,59775
1873,valid,59756
1874,invalid,59751
1875,valid,59851
1876,invalid,59874
1877,invalid,60435
1878,valid,59889
1879,invalid,59887
1880,valid,60540
1881,valid,59785
1882,invalid,59804
1883,valid,59746
1884,invalid,59779
1885,invalid,60741
1886,valid,59843
1887,invalid,59754
1888,invalid,59806
1889,valid,59780
1890,invalid,59773
1891,valid,59834
1892,invalid,59645
1893,valid,59793
1894,valid,59788
1895,valid,60115
1896,invalid,59721
1897,invalid,59777
1898,invalid,59775
1899,invalid,59691
1900,valid,59839
1901,valid,59771
1902,valid,60624
1903,invalid,59819
1904,invalid,59803
1905,invalid,60413
1906,invalid,60042
1907,invalid,59728
1908,valid,59805
1909,invalid,59767
1910,valid,59753
1911,valid,59803
1912,invalid,60124
1913,valid,63285
1914,valid,63667
1915,invalid,59990
1916,valid,59783
1917,valid,60507
1918,invalid,59768
1919,valid,59739
1920,invalid,59738
1921,invalid,59747
1922,invalid,59795
1923,valid,60357
1924,valid,59733
1925,invalid,59780
1926,invalid,60376
1927,invalid,59815
1928,valid,59802
1929,invalid,63207
1930,valid,60049
1931,invalid,59811
1932,valid,59747
1933,valid,59759
1934,invalid,59771
1935,valid,59739
1936,invalid,59748
1937,valid,59718
1938,invalid,59576
1939,valid,59728
1940,invalid,61033
1941,invalid,59812
1942,invalid,59768
1943,invalid,59764
1944,invalid,59758
1945,invalid,60119
1946,invalid,59761
1947,invalid,59501
1948,invalid,59829
1949,valid,60478
1950,invalid,60046
1951,invalid,59795
1952,invalid,61074
1953,invalid,60354
1954,valid,60169
1955,invalid,60365
1956,valid,60023
1957,invalid,59752
1958,valid,60891
1959,invalid,59808
1960,invalid,60689
1961,valid,59803
1962,valid,59728
1963,invalid,59750
1964,invalid,59814
1965,invalid,59786
1966,valid,59934
1967,invalid,59781
1968,valid,59898
1969,valid,59824
1970,invalid,59786
1971,invalid,60263
1972,invalid,59856
1973,invalid,59892
1974,invalid,59893
1975,invalid,59752
1976,valid,59818
1977,invalid,59792
1978,valid,59763
1979,valid,59796
1980,invalid,59753
1981,valid,59787
1982,invalid,61851
1983,valid,59842
1984,invalid,59846
1985,valid,59856
1986,invalid,59793
1987,invalid,59767
1988,valid,59838
1989,valid,59926
1990,valid,60111
1991,valid,59745
1992,invalid,60000
1993,invalid,59815
1994,valid,59778
1995,invalid,60895
1996,invalid,59798
1997,invalid,59837
1998,invalid,59835
1999,valid,59858
2000,valid,59753
2001,valid,59778
2002,invalid,59836
2003,invalid,59752
2004,valid,59755
2005,invalid,59742
2006,invalid,59770
2007,valid,59828
2008,invalid,59772
2009,invalid,59822
2010,invalid,59893
2011,invalid,59740
2012,invalid,59781
2013,invalid,59796
2014,valid,60701
2015,invalid,59771
2016,invalid,61732
2017,valid,60156
2018,invalid,60247
2019,invalid,59755
2020,invalid,60455
2021,valid,59831
2022,invalid,59542
2023,valid,59802
2024,invalid,59833
2025,valid,59844
2026,invalid,59811
2027,invalid,59653
2028,valid,59766
2029,invalid,59818
2030,valid,59730
2031,valid,59758
2032,invalid,59761
2033,valid,59763
2034,invalid,59792
2035,invalid,59764
2036,valid,59766
2037,valid,59774
2038,valid,59782
2039,valid,59771
2040,valid,59863
2041,valid,60028
2042,invalid,59874
2043,valid,59771
2044,invalid,59729
2045,invalid,59571
2046,valid,59773
2047,valid,60395
2048,invalid,59752
2049,invalid,59758
2050,valid,59770
2051,invalid,59797
2052,invalid,59755
2053,invalid,59758
2054,invalid,61664
2055,invalid,63478
2056,invalid,63138
2057,valid,59811
2058,valid,59920
2059,valid,60384
2060,invalid,59819
2061,valid,59738
2062,invalid,60369
2063,valid,59813
2064,valid,59818
2065,valid,59824
2066,valid,59756
2067,valid,59797
2068,valid,60881
2069,valid,59769
2070,valid,59886
2071,invalid,59794
2072,invalid,59544
2073,invalid,59829
2074,invalid,59739
2075,invalid,59757
2076,invalid,59839
2077,valid,59755
2078,valid,59863
2079,invalid,59789
2080,valid,59769
2081,invalid,59849
2082,invalid,60194
2083,valid,59800
2084,valid,60230
2085,valid,60144
2086,invalid,59771
2087,invalid,59965
2088,valid,59781
2089,invalid,60959
2090,valid,59793
2091,valid,59823
2092,valid,59829
2093,invalid,59849
2094,valid,59824
2095,valid,60187
2096,invalid,59766
2097,valid,59788
2098,invalid,59783
2099,invalid,59741
2100,valid,59748
2101,valid,59848
2102,invalid,60208
2103,valid,59784
2104,invalid,59773
2105,valid,60511
2106,invalid,63546
2107,invalid,59742
2108,invalid,59760
2109,invalid,60569
2110,valid,59880
2111,invalid,59821
2112,valid,59876
2113,valid,59782
2114,invalid,62609
2115,invalid,59744
2116,invalid,59801
2117,valid,59764
2118,valid,59833
2119,valid,60099
2120,invalid,60632
2121,invalid,60574
2122,invalid,59849
2123,invalid,59767
2124,valid,59849
2125,invalid,59749
2126,valid,59767
2127,valid,59777
2128,valid,59801
2129,valid,59767
2130,valid,59768
2131,invalid,59762
2132,invalid,59813
2133,valid,60366
2134,invalid,59564
2135,invalid,59547
2136,valid,59921
2137,valid,60993
2138,valid,61679
2139,valid,59781
2140,valid,59926
2141,valid,60246
2142,invalid,59843
2143,valid,59764
2144,valid,59826
2145,invalid,59960
2146,invalid,60791
2147,invalid,59787
2148,invalid,59708
2149,invalid,60496
2150,invalid,59599
2151,invalid,59824
2152,valid,59993
2153,valid,59777
2154,valid,59767
2155,invalid,59808
2156,valid,60072
2157,valid,59794
2158,valid,59828
2159,invalid,60247
2160,invalid,59773
2161,valid,59854
2162,invalid,59868
2163,valid,59781
2164,valid,59810
2165,valid,59816
2166,valid,59828
2167,invalid,59523
2168,invalid,59777
2169,valid,59826
2170,invalid,59774
2171,valid,59746
2172,invalid,59764
2173,valid,59783
2174,invalid,59781
2175,valid,59787
2176,invalid,60519
2177,invalid,59755
2178,valid,59891
2179,valid,60464
2180,valid,59634
2181,valid,59751
2182,invalid,59760
2183,invalid,59811
2184,valid,59809
2185,valid,59786
2186,invalid,60675
2187,valid,59748
2188,invalid,59810
2189,valid,60287
2190,valid,59736
2191,invalid,59768
2192,valid,59820
2193,invalid,59748
2194,valid,59882
2195,invalid,59580
2196,valid,60499
2197,invalid,59888
2198,valid,60651
2199,valid,59988
2200,invalid,59941
2201,invalid,59735
2202,valid,59817
2203,invalid,59775
2204,valid,59831
2205,invalid,59744
2206,invalid,59828
2207,invalid,59836
2208,valid,59946
2209,valid,60697
2210,invalid,59725
2211,invalid,59788
2212,valid,59823
2213,valid,59796
2214,invalid,59602
2215,valid,59863
2216,valid,60106
2217,valid,59790
2218,invalid,59819
2219,invalid,60953
2220,valid,59788
2221,valid,59731
2222,invalid,60469
2223,invalid,59783
2224,valid,59759
2225,valid,59762
2226,invalid,59819
2227,valid,59840
2228,valid,59855
2229,valid,59908
2230,valid,59762
2231,invalid,59815
2232,invalid,60293
2233,valid,59840
2234,invalid,59870
2235,invalid,59590
2236,valid,59834
2237,invalid,59877
2238,valid,59969
2239,invalid,59826
2240,valid,59892
2241,valid,59887
2242,invalid,60905
2243,invalid,60069
2244,valid,59791
2245,valid,59777
2246,invalid,60019
2247,valid,59840
2248,invalid,61573
2249,invalid,59841
2250,invalid,59800
2251,valid,59796
2252,valid,59780
2253,invalid,60680
2254,valid,59873
2255,valid,59756
2256,valid,59855
2257,invalid,59973
2258,valid,60358
2259,valid,59873
2260,valid,59804
2261,invalid,59932
2262,invalid,59790
2263,valid,60301
2264,invalid,59908
2265,valid,59809
2266,valid,59806
2267,invalid,59793
2268,invalid,59774
2269,valid,59799
2270,invalid,59816
2271,valid,59779
2272,valid,59781
2273,valid,59803
2274,valid,59776
2275,valid,62371
2276,valid,59786
2277,valid,59701
2278,invalid,59910
2279,invalid,59757
2280,valid,59828
2281,valid,60135
2282,valid,60179
2283,valid,60150
2284,invalid,59866
2285,valid,59829
2286,valid,59781
2287,valid,59803
2288,valid,59800
2289,invalid,59888
2290,valid,59866
2291,invalid,62069
2292,valid,59823
2293,valid,59797
2294,valid,59729
2295,invalid,59758
2296,invalid,59800
2297,invalid,59855
2298,invalid,59802
2299,invalid,59483
2300,invalid,60009
2301,valid,59809
2302,valid,60097
2303,valid,61073
2304,valid,59766
2305,valid,59753
2306,valid,60680
2307,valid,59776
2308,invalid,60880
2309,invalid,60321
2310,invalid,59787
2311,valid,59763
2312,invalid,59718
2313,invalid,59770
2314,invalid,59815
2315,valid,59901
2316,valid,59913
2317,valid,59843
2318,valid,59875
2319,valid,60539
2320,invalid,59863
2321,valid,59744
2322,invalid,59945
2323,valid,59734
2324,valid,59791
2325,invalid,59785
2326,valid,59796
2327,invalid,59582
2328,valid,59766
2329,invalid,60565
2330,valid,59843
2331,invalid,60229
2332,valid,60139
2333,invalid,59854
2334,valid,59940
2335,invalid,60673
2336,invalid,59795
2337,valid,59780
2338,invalid,60137
2339,invalid,59782
2340,valid,59821
2341,invalid,59746
2342,valid,59735
2343,invalid,59897
2344,invalid,60867
2345,invalid,60186
2346,invalid,60216
2347,invalid,63072
2348,invalid,59747
2349,invalid,59791
2350,valid,60302
2351,valid,59780
2352,invalid,59760
2353,valid,59767
2354,invalid,59874
2355,valid,59854
2356,valid,59700
2357,valid,59794
2358,invalid,59838
2359,valid,59783
2360,valid,59770
2361,invalid,59810
2362,invalid,63123
2363,invalid,59767
2364,valid,59756
2365,valid,59765
2366,invalid,60302
2367,valid,59849
2368,invalid,59694
2369,invalid,59798
2370,invalid,59548
2371,invalid,59739
2372,valid,61748
2373,valid,59753
2374,invalid,59880
2375,valid,59763
2376,valid,60523
2377,valid,59730
2378,invalid,59833
2379,invalid,59786
2380,valid,59651
2381,valid,59776
2382,valid,59802
2383,invalid,59796
2384,invalid,59791
2385,valid,59780
2386,valid,61632
2387,invalid,59738
2388,valid,60692
2389,invalid,60432
2390,invalid,59757
2391,invalid,59776
2392,valid,60468
2393,valid,59858
2394,valid,59816
2395,valid,59844
2396,valid,59892
2397,invalid,59818
2398,invalid,59756
2399,invalid,59762
2400,valid,59735
2401,valid,59855
2402,valid,59777
2403,invalid,60839
2404,invalid,60720
2405,invalid,60201
2406,invalid,59531
2407,invalid,59777
2408,invalid,63214
2409,valid,59861
2410,valid,59760
2411,valid,59819
2412,invalid,59785
2413,invalid,59820
2414,valid,59759
2415,valid,60037
2416,invalid,59829
2417,invalid,61783
2418,valid,59850
2419,invalid,60418
2420,valid,60206
2421,valid,59837
2422,invalid,59810
2423,invalid,60353
2424,valid,59836
2425,valid,59798
2426,invalid,59742
2427,invalid,59831
2428,invalid,59817
2429,invalid,59762
2430,invalid,59786
2431,valid,59811
2432,invalid,59796
2433,valid,59822
2434,valid,59932
2435,valid,59738
2436,invalid,59887
2437,invalid,59833
2438,valid,59743
2439,valid,59772
2440,invalid,60218
2441,invalid,59756
2442,invalid,59763
2443,invalid,63635
2444,invalid,59899
2445,invalid,60277
2446,valid,59944
2447,valid,59813
2448,invalid,59760
2449,valid,59790
2450,valid,59783
2451,valid,59776
2452,valid,59988
2453,invalid,59802
2454,valid,59788
2455,valid,59809
2456,invalid,60577
2457,valid,59969
2458,valid,62915
2459,valid,60155
2460,valid,60362
2461,invalid,60150
2462,invalid,59834
2463,invalid,59780
2464,invalid,59794
2465,invalid,60177
2466,invalid,59969
2467,invalid,61549
2468,invalid,59733
2469,invalid,59807
2470,invalid,59800
2471,invalid,59772
2472,invalid,59862
2473,valid,59769
2474,invalid,60672
2475,valid,59813
2476,valid,59790
2477,invalid,59807
2478,invalid,61004
2479,invalid,59773
2480,valid,59838
2481,valid,59796
2482,valid,59972
2483,valid,59788
2484,invalid,59501
2485,valid,59799
2486,valid,60396
2487,invalid,60235
2488,valid,59816
2489,valid,60215
2490,valid,59923
2491,valid,60989
2492,valid,59809
2493,invalid,59919
2494,invalid,59806
2495,invalid,60698
2496,valid,59819
2497,valid,59816
2498,invalid,59758
2499,invalid,59737
2500,valid,59752
2501,valid,59795
2502,valid,59793
2503,valid,59872
2504,invalid,60387
2505,invalid,59664
2506,invalid,59756
2507,invalid,59866
2508,valid,59851
2509,invalid,59772
2510,valid,59820
2511,invalid,59762
2512,invalid,59798
2513,valid,59770
2514,invalid,63145
2515,invalid,60307
2516,invalid,59926
2517,valid,59773
2518,invalid,59844
2519,valid,59810
2520,valid,60469
2521,valid,60035
2522,invalid,59863
2523,valid,60203
2524,valid,60153
2525,invalid,60189
2526,valid,60194
2527,valid,59878
2528,valid,59763
2529,valid,59888
2530,invalid,59811
2531,valid,59932
2532,valid,59720
2533,invalid,60224
2534,invalid,59903
2535,invalid,59797
2536,invalid,59803
2537,valid,59828
2538,valid,59833
2539,invalid,59803
2540,invalid,59812
2541,invalid,59805
2542,valid,59963
2543,valid,60363
2544,valid,59728
2545,invalid,59883
2546,valid,59799
2547,invalid,60863
2548,valid,59838
2549,valid,59799
2550,valid,59814
2551,invalid,59999
2552,valid,59800
2553,valid,60826
2554,valid,59750
2555,invalid,59790
2556,invalid,61941
2557,invalid,59780
2558,valid,59866
2559,invalid,61011
2560,valid,59873
2561,valid,60093
2562,valid,60419
2563,invalid,59581
2564,valid,60892
2565,valid,59758
2566,valid,59873
2567,valid,60586
2568,invalid,59542
2569,valid,59693
2570,invalid,60071
2571,invalid,63368
2572,valid,63317
2573,valid,59806
2574,invalid,59909
2575,invalid,60244
2576,invalid,59734
2577,valid,59843
2578,valid,60715
2579,valid,59970
2580,valid,60750
2581,valid,60144
2582,invalid,59805
2583,valid,59847
2584,invalid,59916
2585,valid,59715
2586,valid,59824
2587,invalid,59766
2588,valid,59792
2589,valid,59765
2590,valid,59769
2591,invalid,59774
2592,invalid,59820
2593,invalid,59851
2594,valid,59785
2595,invalid,62637
2596,valid,63183
2597,invalid,59784
2598,valid,59810
2599,invalid,59760
2600,valid,59544
2601,valid,59754
2602,valid,59823
2603,invalid,59750
2604,valid,59921
2605,valid,59769
2606,valid,59729
2607,invalid,59551
2608,invalid,59775
2609,valid,59766
2610,invalid,61236
2611,invalid,60177
2612,invalid,59658
2613,invalid,59796
2614,valid,59760
2615,invalid,59769
2616,valid,59799
2617,valid,59834
2618,valid,60301
2619,invalid,60134
2620,invalid,60107
2621,invalid,60260
2622,valid,60356
2623,invalid,60412
2624,valid,60004
2625,valid,59889
2626,invalid,59995
2627,valid,59902
2628,valid,59775
2629,valid,59790
2630,valid,59786
2631,valid,59700
2632,invalid,59663
2633,invalid,59787
2634,invalid,59787
2635,invalid,59755
2636,valid,59827
2637,valid,59809
2638,invalid,59768
2639,invalid,59755
2640,invalid,59786
2641,valid,59774
2642,valid,59786
2643,invalid,59745
2644,invalid,59758
2645,valid,59737
2646,invalid,59791
2647,valid,59729
2648,valid,59795
2649,valid,59787
2650,valid,61013
2651,valid,59885
2652,invalid,59790
2653,invalid,60433
2654,invalid,59685
2655,invalid,59735
2656,valid,59766
2657,valid,59757
2658,invalid,59871
2659,valid,59956
2660,invalid,59847
2661,invalid,59772
2662,invalid,59798
2663,invalid,60353
2664,invalid,60063
2665,valid,59789
2666,invalid,59795
2667,invalid,59757
2668,valid,59848
2669,valid,59771
2670,invalid,59753
2671,valid,63204
2672,invalid,59856
2673,valid,59774
2674,invalid,60115
2675,valid,60165
2676,invalid,59957
2677,valid,59710
2678,valid,59828
2679,valid,63799
2680,valid,59787
2681,invalid,60380
2682,invalid,59988
2683,invalid,59751
2684,invalid,59810
2685,valid,60423
2686,valid,59781
2687,valid,59817
2688,invalid,62509
2689,invalid,60356
2690,valid,60317
2691,valid,59889
2692,invalid,59781
2693,valid,59819
2694,invalid,60100
2695,invalid,59823
2696,invalid,59842
2697,invalid,59811
2698,valid,59770
2699,valid,59802
2700,invalid,59759
2701,valid,61049
2702,valid,59824
2703,valid,59785
2704,invalid,59741
2705,invalid,59774
2706,valid,59753
2707,valid,62555
2708,invalid,59803
2709,invalid,59773
2710,invalid,60870
2711,valid,59943
2712,valid,59988
2713,valid,59804
2714,invalid,59819
2715,invalid,59803
2716,invalid,59793
2717,invalid,59813
2718,valid,59575
2719,valid,59788
2720,invalid,59979
2721,invalid,59799
2722,invalid,59737
2723,invalid,59785
2724,valid,60434
2725,valid,63211
2726,invalid,62963
2727,invalid,59783
2728,valid,60694
2729,invalid,59730
2730,invalid,59838
2731,invalid,59488
2732,valid,59913
2733,valid,59718
2734,valid,59792
2735,invalid,62616
2736,invalid,59785
2737,valid,59881
2738,valid,59710
2739,valid,59998
2740,valid,59855
2741,valid,61667
2742,valid,59813
2743,valid,59732
2744,valid,60018
2745,valid,59781
2746,valid,59838
2747,invalid,60442
2748,valid,59994
2749,invalid,59755
2750,invalid,59809
2751,invalid,62062
2752,invalid,59785
2753,valid,59879
2754,valid,59779
2755,invalid,61554
2756,invalid,60619
2757,valid,59780
2758,valid,59813
2759,valid,59777
2760,valid,59818
2761,valid,59796
2762,valid,59863
2763,valid,60934
2764,invalid,59793
2765,valid,59773
2766,valid,60358
2767,invalid,59761
2768,valid,59816
2769,invalid,59787
2770,valid,59798
2771,valid,59752
2772,invalid,59790
2773,invalid,59864
2774,valid,59915
2775,invalid,59769
2776,invalid,59513
2777,valid,59949
2778,invalid,59880
2779,invalid,59856
2780,invalid,59795
2781,valid,59517
2782,valid,59850
2783,valid,60668
2784,invalid,59850
2785,valid,59855
2786,invalid,60466
2787,invalid,59700
2788,valid,59868
2789,invalid,61458
2790,invalid,60322
2791,valid,59869
2792,valid,60013
2793,invalid,59735
2794,invalid,60081
2795,valid,59854
2796,valid,59776
2797,valid,59786
2798,invalid,59759
2799,valid,59795
2800,invalid,59856
2801,valid,60382
2802,invalid,59930
2803,valid,59862
2804,valid,59770
2805,valid,59888
2806,invalid,59914
2807,invalid,59776
2808,valid,59689
2809,invalid,59840
2810,valid,59748
2811,invalid,60393
2812,invalid,60070
2813,valid,59811
2814,invalid,59587
2815,invalid,62731
2816,valid,59788
2817,valid,60374
2818,invalid,59770
2819,valid,59754
2820,valid,59776
2821,invalid,59787
2822,valid,59782
2823,invalid,59750
2824,invalid,59897
2825,invalid,59715
2826,valid,59753
2827,invalid,60649
2828,valid,59777
2829,valid,59783
2830,valid,59808
2831,invalid,59731
2832,invalid,60027
2833,valid,59726
2834,valid,59910
2835,valid,59847
2836,invalid,59886
2837,invalid,60324
2838,invalid,59708
2839,valid,59727
2840,valid,59800
2841,valid,59757
2842,invalid,59551
2843,invalid,59952
2844,invalid,60050
2845,invalid,62123
2846,invalid,60317
2847,valid,59912
2848,valid,59781
2849,invalid,59770
2850,valid,59863
2851,invalid,59775
2852,invalid,59808
2853,invalid,59734
2854,invalid,59791
2855,invalid,59596
2856,invalid,59767
2857,valid,59819
2858,valid,59803
2859,valid,59786
2860,valid,59829
2861,valid,59788
2862,valid,59755
2863,invalid,59694
2864,valid,59751
2865,invalid,59784
2866,invalid,59761
2867,invalid,59744
2868,valid,59848
2869,valid,59936
2870,invalid,59742
2871,invalid,59805
2872,invalid,59773
2873,invalid,59763
2874,valid,59789
2875,invalid,59781
2876,valid,59832
2877,valid,60376
2878,invalid,60302
2879,valid,59823
2880,valid,59755
2881,invalid,59757
2882,invalid,59848
2883,valid,59806
2884,valid,59828
2885,valid,59838
2886,valid,60157
2887,invalid,59732
2888,valid,59828
2889,valid,60416
2890,valid,59823
2891,valid,59822
2892,invalid,59783
2893,invalid,59784
2894,valid,59781
2895,valid,59560
2896,invalid,59813
2897,valid,59746
2898,invalid,59811
2899,valid,60317
2900,invalid,59521
2901,valid,59848
2902,valid,59767
2903,valid,59837
2904,valid,59795
2905,invalid,59797
2906,invalid,60534
2907,valid,59799
2908,invalid,59779
2909,valid,60467
2910,valid,59801
2911,valid,60126
2912,valid,63488
2913,invalid,60381
2914,invalid,60026
2915,valid,59807
2916,invalid,59709
2917,valid,59849
2918,invalid,59758
2919,valid,59897
2920,invalid,59832
2921,invalid,59781
2922,valid,59744
2923,invalid,59844
2924,valid,59790
2925,valid,61118
2926,invalid,59834
2927,invalid,59797
2928,valid,59782
2929,valid,59813
2930,invalid,59810
2931,invalid,59784
2932,valid,59842
2933,invalid,59864
2934,valid,59936
2935,invalid,60031
2936,valid,59812
2937,valid,59785
2938,invalid,60510
2939,valid,59782
2940,invalid,59802
2941,valid,59755
2942,valid,61020
2943,valid,59785
2944,valid,59827
2945,invalid,59778
2946,valid,59762
2947,valid,59754
2948,invalid,60579
2949,valid,59823
2950,invalid,59657
2951,valid,60277
2952,valid,59855
2953,valid,60021
2954,invalid,59525
2955,invalid,59787
2956,invalid,59755
2957,invalid,59786
2958,invalid,59767
2959,valid,60639
2960,valid,59781
2961,invalid,61116
2962,valid,60396
2963,valid,59799
2964,invalid,60814
2965,valid,60264
2966,invalid,59804
2967,valid,60194
2968,valid,59789
2969,valid,59808
2970,invalid,59812
2971,valid,59802
2972,valid,59877
2973,valid,59962
2974,invalid,60168
2975,valid,59771
2976,valid,59831
2977,valid,60191
2978,valid,59904
2979,valid,59935
2980,valid,59864
2981,invalid,59821
2982,valid,59720
2983,valid,60315
2984,valid,59752
2985,valid,59750
2986,valid,59855
2987,valid,60419
2988,valid,59750
2989,valid,59781
2990,valid,64310
2991,valid,59823
2992,invalid,59752
2993,valid,60301
2994,valid,59802
2995,valid,60006
2996,invalid,60600
2997,valid,59796
2998,valid,59732
2999,invalid,59801
3000,valid,59763
3001,valid,59838
3002,valid,59783
3003,invalid,59739
3004,valid,59791
3005,invalid,59763
3006,valid,60632
3007,valid,59984
3008,invalid,59809
3009,invalid,59820
3010,valid,60090
3011,valid,59786
3012,invalid,59724
3013,valid,59802
3014,invalid,59701
3015,valid,59893
3016,invalid,63309
3017,valid,59740
3018,valid,59754
3019,invalid,59534
3020,valid,62036
3021,invalid,59742
3022,invalid,59777
3023,valid,59748
3024,invalid,59814
3025,invalid,59848
3026,invalid,59742
3027,valid,59816
3028,invalid,59818
3029,valid,60875
3030,valid,59734
3031,invalid,60711
3032,invalid,59913
3033,invalid,60354
3034,invalid,60158
3035,invalid,60479
3036,invalid,59725
3037,invalid,59802
3038,valid,59793
3039,valid,59740
3040,invalid,59792
3041,invalid,59784
3042,invalid,59775
3043,invalid,59794
3044,invalid,60942
3045,valid,59846
3046,invalid,59803
3047,invalid,60335
3048,valid,59792
3049,invalid,59803
3050,valid,59775
3051,valid,59782
3052,invalid,59992
3053,invalid,59723
3054,valid,59954
3055,valid,59867
3056,invalid,59796
3057,valid,60711
3058,invalid,59925
3059,valid,59896
3060,invalid,60294
3061,valid,59832
3062,valid,59825
3063,valid,59746
3064,invalid,59742
3065,invalid,59790
3066,invalid,59755
3067,invalid,60696
3068,valid,59764
3069,valid,59821
3070,valid,59641
3071,valid,59765
3072,invalid,60513
3073,valid,59782
3074,invalid,59747
3075,valid,59789
3076,valid,59761
3077,valid,59814
3078,valid,59633
3079,valid,59739
3080,invalid,59762
3081,invalid,59758
3082,valid,59786
3083,invalid,59721
3084,invalid,60125
3085,invalid,59780
3086,invalid,59814
3087,valid,60416
3088,invalid,59844
3089,invalid,59797
3090,valid,59755
3091,valid,59786
3092,valid,59782
3093,valid,59815
3094,valid,59841
3095,valid,59770
3096,invalid,59738
3097,invalid,60106
3098,valid,60870
3099,valid,59745
3100,invalid,59960
3101,invalid,60147
3102,invalid,63208
3103,valid,60862
3104,invalid,59792
3105,valid,59791
3106,valid,59760
3107,invalid,59827
3108,invalid,59784
3109,invalid,59739
3110,invalid,60068
3111,valid,59758
3112,valid,59756
3113,valid,60502
3114,invalid,59994
3115,invalid,59913
3116,invalid,60796
3117,valid,59852
3118,valid,59820
3119,valid,59627
3120,invalid,59766
3121,valid,59805
3122,invalid,59770
3123,valid,59737
3124,valid,59816
3125,invalid,59763
3126,valid,62368
3127,invalid,59767
3128,invalid,60484
3129,invalid,60472
3130,valid,59774
3131,invalid,59767
3132,valid,60186
3133,valid,59798
3134,valid,59805
3135,invalid,59735
3136,valid,59838
3137,valid,59743
3138,valid,59800
3139,invalid,60362
3140,invalid,59764
3141,invalid,59798
3142,valid,59841
3143,valid,59716
3144,valid,59755
3145,invalid,59870
3146,valid,59794
3147,valid,59778
3148,invalid,59829
3149,valid,60596
3150,valid,59762
3151,invalid,59739
3152,invalid,59811
3153,valid,59781
3154,invalid,59773
3155,invalid,59759
3156,invalid,59787
3157,valid,59950
3158,invalid,59887
3159,valid,60486
3160,valid,59850
3161,valid,59822
3162,valid,60504
3163,invalid,59869
3164,invalid,59783
3165,valid,59844
3166,invalid,59777
3167,invalid,60374
3168,valid,60268
3169,valid,59798
3170,invalid,59742
3171,valid,59823
3172,valid,59876
3173,invalid,59859
3174,invalid,59746
3175,valid,59840
3176,valid,59767
3177,valid,59825
3178,invalid,59977
3179,invalid,59771
3180,valid,59799
3181,invalid,59790
3182,invalid,59768
3183,valid,59835
3184,valid,59835
3185,invalid,69042
3186,invalid,65412
3187,valid,60807
3188,invalid,60171
3189,invalid,59752
3190,valid,59777
3191,valid,59605
3192,valid,59697
3193,invalid,60154
3194,invalid,59781
3195,invalid,60661
3196,valid,59765
3197,invalid,59807
3198,valid,59755
3199,valid,59807
3200,invalid,59758
3201,valid,59765
3202,invalid,60438
3203,valid,59749
3204,invalid,59815
3205,valid,59690
3206,invalid,60092
3207,valid,59758
3208,valid,59762
3209,valid,59700
3210,valid,59751
3211,invalid,59728
3212,valid,59724
3213,valid,59816
3214,invalid,63104
3215,invalid,59805
3216,invalid,59748
3217,valid,59711
3218,valid,59839
3219,valid,60852
3220,valid,59769
3221,valid,59721
3222,valid,59736
3223,invalid,59740
3224,invalid,59746
3225,valid,59736
3226,valid,59772
3227,valid,59727
3228,invalid,59747
3229,valid,61141
3230,valid,60899
3231,valid,59688
3232,invalid,59719
3233,invalid,59728
3234,invalid,59801
3235,valid,59790
3236,invalid,59715
3237,valid,59718
3238,invalid,59765
3239,invalid,60053
3240,invalid,59728
3241,valid,59807
3242,invalid,59701
3243,valid,59752
3244,invalid,59763
3245,invalid,59796
3246,invalid,59713
3247,invalid,63345
3248,invalid,63052
3249,valid,63132
3250,valid,59828
3251,valid,59742
3252,valid,59792
3253,valid,59772
3254,valid,60745
3255,valid,59769
3256,invalid,59719
3257,valid,60557
3258,valid,59762
3259,valid,59854
3260,invalid,59822
3261,invalid,59791
3262,valid,59838
3263,invalid,59759
3264,invalid,59746
3265,valid,60886
3266,valid,60138
3267,valid,59778
3268,invalid,60096
3269,invalid,59777
3270,valid,60662
3271,invalid,59831
3272,invalid,59703
3273,valid,59700
3274,valid,59793
3275,valid,59821
3276,invalid,59941
3277,invalid,59977
3278,valid,60002
3279,invalid,59744
3280,invalid,60537
3281,invalid,59849
3282,invalid,59805
3283,valid,60342
3284,invalid,59814
3285,invalid,59847
3286,valid,59805
3287,valid,59749
3288,valid,59793
3289,valid,59777
3290,valid,60021
3291,valid,59733
3292,invalid,59742
3293,valid,60321
3294,invalid,59703
3295,invalid,59801
3296,invalid,60161
3297,invalid,59794
3298,valid,59793
3299,valid,59780
3300,invalid,59810
3301,valid,59757
3302,valid,59771
3303,valid,59823
3304,invalid,59746
3305,valid,59817
3306,valid,59851
3307,valid,59753
3308,valid,59759
3309,valid,59785
3310,invalid,59757
3311,invalid,59907
3312,valid,59846
3313,invalid,59763
3314,valid,59759
3315,valid,59727
3316,valid,59759
3317,valid,62562
3318,invalid,59977
3319,invalid,59727
3320,valid,59751
3321,invalid,59780
3322,valid,59764
3323,valid,61089
3324,invalid,59780
3325,valid,59782
3326,valid,59832
3327,invalid,59973
3328,valid,59811
3329,valid,59743
3330,valid,59783
3331,valid,59889
3332,valid,59736
3333,valid,59911
3334,invalid,59567
3335,invalid,59855
3336,valid,59804
3337,valid,59797
3338,invalid,60282
3339,valid,59896
3340,valid,59793
3341,invalid,60718
3342,valid,63107
3343,valid,60147
3344,invalid,60227
3345,valid,59763
3346,invalid,59806
3347,invalid,60922
3348,valid,59770
3349,invalid,59777
3350,valid,60522
3351,valid,59871
3352,valid,59674
3353,valid,59791
3354,invalid,59734
3355,valid,59884
3356,valid,59830
3357,invalid,59825
3358,invalid,59786
3359,invalid,59793
3360,valid,60539
3361,valid,60115
3362,valid,59758
3363,invalid,60146
3364,invalid,59791
3365,invalid,59757
3366,invalid,59751
3367,invalid,59765
3368,valid,59866
3369,valid,59791
3370,invalid,59764
3371,valid,59798
3372,valid,59821
3373,valid,59786
3374,valid,59736
3375,valid,59801
3376,invalid,59744
3377,invalid,59713
3378,invalid,59743
3379,invalid,59743
3380,invalid,59791
3381,invalid,59780
3382,valid,59794
3383,valid,59809
3384,valid,59825
3385,invalid,59811
3386,invalid,59684
3387,valid,59755
3388,invalid,59748
3389,invalid,59793
3390,invalid,60984
3391,invalid,60700
3392,valid,60503
3393,valid,61047
3394,invalid,60124
3395,valid,60275
3396,invalid,60312
3397,invalid,60675
3398,valid,59730
3399,invalid,59821
3400,valid,59791
3401,valid,59531
3402,valid,59886
3403,valid,59758
3404,valid,59967
3405,invalid,59765
3406,invalid,60308
3407,valid,59784
3408,invalid,59800
3409,valid,62412
3410,valid,59796
3411,invalid,59878
3412,valid,59706
3413,valid,59776
3414,invalid,59790
3415,invalid,59723
3416,valid,59799
3417,valid,59798
3418,valid,59820
3419,valid,60162
3420,invalid,59774
3421,valid,60421
3422,invalid,60375
3423,invalid,60125
3424,invalid,62508
3425,invalid,61023
3426,valid,59793
3427,invalid,59949
3428,valid,60667
3429,valid,59894
3430,valid,59927
3431,valid,59701
3432,invalid,59698
3433,invalid,59827
3434,invalid,59809
3435,valid,59774
3436,invalid,59744
3437,valid,59770
3438,valid,59947
3439,invalid,59809
3440,invalid,59762
3441,valid,59729
3442,valid,59743
3443,valid,59763
3444,valid,59792
3445,valid,59896
3446,invalid,59818
3447,invalid,59804
3448,valid,60428
3449,valid,59810
3450,valid,59860
3451,valid,59781
3452,invalid,59659
3453,invalid,59743
3454,valid,59757
3455,invalid,60154
3456,valid,60067
3457,invalid,60103
3458,invalid,60239
3459,invalid,59813
3460,invalid,59776
3461,invalid,59740
3462,valid,59845
3463,valid,59763
3464,invalid,59808
3465,valid,59513
3466,valid,59764
3467,invalid,59808
3468,valid,60115
3469,invalid,60926
3470,invalid,59704
3471,valid,59772
3472,valid,59731
3473,invalid,59948
3474,valid,59780
3475,invalid,59726
3476,invalid,60339
3477,invalid,59779
3478,valid,59768
3479,valid,59738
3480,valid,59975
3481,invalid,59698
3482,invalid,59846
3483,valid,59777
3484,valid,59779
3485,valid,59782
3486,valid,59781
3487,valid,59785
3488,valid,59755
3489,invalid,59806
3490,valid,60335
3491,invalid,62246
3492,invalid,60062
3493,valid,59790
3494,invalid,59796
3495,invalid,60559
3496,valid,59829
3497,valid,59834
3498,invalid,60391
3499,valid,59852
3500,invalid,59781
3501,invalid,59752
3502,valid,59707
3503,invalid,61304
3504,invalid,59666
3505,valid,59744
3506,invalid,59792
3507,invalid,59790
3508,invalid,60579
3509,invalid,59676
3510,invalid,59787
3511,invalid,59755
3512,valid,59752
3513,valid,59775
3514,invalid,59639
3515,invalid,59712
3516,invalid,59715
3517,valid,59760
3518,valid,59856
3519,valid,59713
3520,invalid,59715
3521,invalid,59717
3522,valid,59748
3523,invalid,59741
3524,valid,59809
3525,invalid,60344
3526,valid,59729
3527,valid,59778
3528,valid,60360
3529,valid,59608
3530,valid,60041
3531,invalid,60225
3532,valid,59826
3533,valid,60165
3534,valid,59710
3535,valid,59746
3536,invalid,59732
3537,invalid,59759
3538,valid,59567
3539,invalid,59717
3540,valid,59761
3541,invalid,59776
3542,valid,59824
3543,invalid,59739
3544,invalid,60583
3545,invalid,60096
3546,invalid,59807
3547,invalid,59772
3548,valid,59798
3549,valid,59764
3550,invalid,59963
3551,invalid,59756
3552,valid,59785
3553,invalid,59724
3554,valid,59710
3555,invalid,59775
3556,valid,59727
3557,valid,59758
3558,invalid,59753
3559,valid,59781
3560,invalid,59787
3561,valid,59705
3562,valid,59728
3563,invalid,59844
3564,valid,59794
3565,valid,59798
3566,invalid,59748
3567,valid,59765
3568,invalid,59750
3569,invalid,60273
3570,invalid,59766
3571,valid,59763
3572,invalid,60196
3573,valid,59731
3574,valid,59710
3575,invalid,59733
3576,invalid,59743
3577,valid,59796
3578,valid,59776
3579,invalid,59631
3580,valid,59757
3581,valid,59834
3582,valid,59766
3583,invalid,59735
3584,valid,59746
3585,valid,59781
3586,valid,59733
3587,invalid,59732
3588,invalid,59907
3589,valid,59939
3590,valid,59702
3591,valid,60441
3592,valid,60366
3593,valid,59750
3594,valid,59751
3595,invalid,59823
3596,valid,59816
3597,valid,59713
3598,valid,59715
3599,invalid,59788
3600,valid,59714
3601,invalid,59798
3602,valid,60096
3603,valid,59771
3604,valid,59740
3605,valid,59698
3606,valid,59702
3607,invalid,59703
3608,valid,59699
3609,valid,60817
3610,invalid,59780
3611,valid,59847
3612,invalid,59956
3613,valid,59797
3614,invalid,59784
3615,invalid,59755
3616,invalid,59767
3617,valid,59754
3618,valid,59717
3619,valid,60322
3620,invalid,59736
3621,invalid,59758
3622,valid,60102
3623,valid,59739
3624,valid,59775
3625,valid,59733
3626,invalid,59584
3627,valid,59752
3628,valid,59737
3629,valid,59697
3630,invalid,59718
3631,invalid,59833
3632,invalid,59530
3633,invalid,59749
3634,invalid,59806
3635,valid,59784
3636,invalid,60171
3637,invalid,59789
3638,invalid,59818
3639,invalid,60165
3640,valid,59732
3641,invalid,59767
3642,valid,59773
3643,valid,59692
3644,invalid,59761
3645,invalid,59790
3646,invalid,62243
3647,invalid,62668
3648,valid,60068
3649,invalid,60160
3650,invalid,59736
3651,invalid,59803
3652,invalid,59861
3653,invalid,59890
3654,invalid,59700
3655,invalid,59762
3656,valid,59747
3657,invalid,59845
3658,valid,59576
3659,valid,59873
3660,invalid,59753
3661,invalid,59744
3662,valid,59788
3663,valid,59719
3664,invalid,59748
3665,valid,59780
3666,valid,59765
3667,invalid,59771
3668,invalid,59594
3669,invalid,59744
3670,invalid,59546
3671,invalid,60789
3672,valid,59686
3673,invalid,59794
3674,invalid,59811
3675,invalid,59826
3676,valid,59745
3677,invalid,60035
3678,valid,63045
3679,invalid,60441
3680,valid,59748
3681,invalid,60102
3682,invalid,60084
3683,valid,60078
3684,invalid,59770
3685,invalid,59663
3686,invalid,59801
3687,valid,60192
3688,invalid,59821
3689,invalid,59769
3690,invalid,59739
3691,invalid,59807
3692,valid,59795
3693,invalid,59800
3694,valid,59723
3695,invalid,59804
3696,invalid,59503
3697,invalid,60946
3698,invalid,59789
3699,valid,59893
3700,invalid,60518
3701,valid,59870
3702,valid,59753
3703,valid,59849
3704,invalid,60305
3705,valid,59710
3706,invalid,59757
3707,valid,59469
3708,valid,59754
3709,valid,59766
3710,invalid,59777
3711,valid,63151
3712,valid,60147
3713,invalid,60034
3714,invalid,59750
3715,valid,59723
3716,valid,60922
3717,invalid,59744
3718,valid,60798
3719,valid,59760
3720,valid,59707
3721,invalid,59769
3722,invalid,59742
3723,valid,59786
3724,invalid,59796
3725,valid,59727
3726,invalid,59815
3727,valid,59760
3728,invalid,59765
3729,invalid,59839
3730,invalid,59782
3731,invalid,60914
3732,valid,59831
3733,invalid,59516
3734,invalid,59589
3735,valid,59726
3736,invalid,59755
3737,valid,59808
3738,invalid,61086
3739,invalid,59746
3740,invalid,59777
3741,invalid,59711
3742,invalid,59732
3743,valid,59747
3744,invalid,59719
3745,invalid,59778
3746,invalid,59729
3747,invalid,59652
3748,valid,61019
3749,invalid,59487
3750,invalid,59740
3751,invalid,59760
3752,valid,59776
3753,valid,59791
3754,valid,59522
3755,valid,59785
3756,invalid,59769
3757,valid,59764
3758,valid,60475
3759,valid,59786
3760,invalid,59773
3761,invalid,59780
3762,valid,59723
3763,valid,59853
3764,valid,59803
3765,valid,59774
3766,valid,59872
3767,invalid,59753
3768,valid,61474
3769,invalid,59839
3770,invalid,59752
3771,invalid,59779
3772,valid,59766
3773,valid,59788
3774,valid,59760
3775,valid,59733
3776,invalid,59782
3777,valid,59750
3778,invalid,61281
3779,valid,59733
3780,valid,59832
3781,valid,59774
3782,valid,59698
3783,invalid,60652
3784,invalid,59767
3785,valid,59714
3786,valid,59742
3787,valid,59772
3788,valid,59953
3789,valid,59770
3790,invalid,59686
3791,invalid,59723
3792,invalid,59552
3793,valid,59779
3794,valid,59775
3795,invalid,59780
3796,invalid,59737
3797,valid,59784
3798,valid,60011
3799,invalid,60659
3800,invalid,60519
3801,invalid,61335
3802,invalid,59871
3803,valid,59793
3804,valid,59904
3805,invalid,59879
3806,valid,59773
3807,valid,59833
3808,invalid,59780
3809,valid,59782
3810,valid,59798
3811,valid,59794
3812,valid,59766
3813,invalid,60056
3814,valid,59638
3815,valid,59513
3816,invalid,60551
3817,invalid,59802
3818,invalid,59764
3819,valid,59646
3820,invalid,59740
3821,valid,63072
3822,valid,59807
3823,valid,60105
3824,valid,59953
3825,invalid,59767
3826,invalid,59820
3827,invalid,59771
3828,invalid,59557
3829,valid,61155
3830,valid,59827
3831,invalid,59802
3832,valid,60037
3833,valid,59784
3834,valid,59782
3835,valid,59740
3836,invalid,59769
3837,invalid,59873
3838,invalid,62963
3839,invalid,59831
3840,valid,60680
3841,invalid,59755
3842,valid,59843
3843,invalid,59790
3844,valid,59768
3845,valid,60295
3846,invalid,59769
3847,valid,59774
3848,invalid,60096
3849,valid,59806
3850,invalid,59885
3851,valid,63642
3852,valid,59764
3853,invalid,59762
3854,valid,60137
3855,invalid,59542
3856,invalid,59775
3857,invalid,59798
3858,invalid,59527
3859,valid,59826
3860,valid,59725
3861,invalid,60741
3862,invalid,59820
3863,valid,59822
3864,valid,59717
3865,valid,59839
3866,valid,59764
3867,valid,59764
3868,valid,59775
3869,invalid,59851
3870,valid,59806
3871,invalid,60449
3872,invalid,63161
3873,invalid,60887
3874,invalid,60162
3875,valid,59822
3876,invalid,59755
3877,invalid,59835
3878,invalid,59812
3879,invalid,59784
3880,invalid,60387
3881,invalid,59741
3882,invalid,59802
3883,invalid,59798
3884,invalid,59787
3885,invalid,59776
3886,valid,59800
3887,invalid,59805
3888,valid,59783
3889,valid,59795
3890,invalid,60367
3891,invalid,59809
3892,invalid,59783
3893,valid,59834
3894,valid,59830
3895,valid,59780
3896,invalid,59809
3897,invalid,59791
3898,valid,59787
3899,valid,59745
3900,valid,60050
3901,valid,59844
3902,valid,59782
3903,valid,59770
3904,invalid,59744
3905,invalid,59767
3906,invalid,59841
3907,valid,59825
3908,invalid,59703
3909,invalid,59811
3910,invalid,59763
3911,valid,60459
3912,valid,60399
3913,valid,60237
3914,invalid,59903
3915,invalid,59766
3916,invalid,59777
3917,valid,59757
3918,invalid,59696
3919,invalid,59756
3920,invalid,61056
3921,invalid,59764
3922,invalid,62940
3923,valid,59796
3924,valid,59744
3925,invalid,62428
3926,invalid,59747
3927,invalid,59770
3928,valid,59788
3929,valid,60533
3930,valid,59481
3931,invalid,62377
3932,invalid,59935
3933,invalid,59725
3934,valid,59797
3935,invalid,59756
3936,invalid,59788
3937,valid,59831
3938,invalid,59777
3939,invalid,59804
3940,valid,59760
3941,valid,60084
3942,valid,59684
3943,invalid,59785
3944,invalid,59854
3945,invalid,59783
3946,invalid,59788
3947,valid,59839
3948,valid,59715
3949,valid,59750
3950,invalid,59796
3951,invalid,60471
3952,invalid,59796
3953,valid,60139
3954,invalid,63208
3955,valid,60191
3956,invalid,59776
3957,valid,59743
3958,valid,60032
3959,invalid,61310
3960,invalid,59709
3961,valid,59899
3962,invalid,60381
3963,invalid,59726
3964,invalid,59784
3965,valid,59756
3966,valid,59807
3967,invalid,59744
3968,invalid,59761
3969,invalid,59826
3970,valid,59821
3971,invalid,59764
3972,valid,60135
3973,invalid,59806
3974,invalid,60089
3975,invalid,60113
3976,valid,59825
3977,invalid,59790
3978,invalid,59748
3979,invalid,59750
3980,invalid,59882
3981,invalid,59982
3982,valid,61089
3983,valid,59522
3984,valid,59774
3985,invalid,60275
3986,invalid,59753
3987,valid,59769
3988,invalid,59770
3989,valid,59752
3990,valid,59702
3991,invalid,59835
3992,valid,60452
3993,invalid,59753
3994,valid,60694
3995,invalid,61075
3996,valid,59767
3997,invalid,59683
3998,invalid,60299
3999,invalid,59809
4000,valid,60343
4001,valid,59920
4002,valid,59859
4003,invalid,60685
4004,valid,60851
4005,valid,59810
4006,invalid,60581
4007,valid,59756
4008,valid,59798
4009,valid,60194
4010,invalid,60161
4011,valid,59823
4012,valid,59808
4013,invalid,61621
4014,valid,61005
4015,valid,59748
4016,invalid,59761
4017,valid,61647
4018,valid,59851
4019,invalid,59793
4020,valid,60841
4021,invalid,59769
4022,valid,59773
4023,invalid,60131
4024,valid,59796
4025,invalid,59741
4026,valid,59774
4027,valid,59775
4028,valid,59770
4029,valid,59775
4030,valid,60299
4031,valid,59743
4032,invalid,59794
4033,invalid,60190
4034,invalid,59781
4035,valid,59812
4036,invalid,59729
4037,invalid,59948
4038,invalid,60242
4039,invalid,60872
4040,valid,59764
4041,valid,59838
4042,invalid,59766
4043,invalid,60398
4044,valid,59811
4045,invalid,60674
4046,invalid,60745
4047,valid,59777
4048,invalid,59819
4049,valid,60154
4050,invalid,59781
4051,invalid,59765
4052,invalid,59811
4053,valid,60545
4054,valid,59766
4055,invalid,59831
4056,valid,59804
4057,invalid,59801
4058,invalid,59800
4059,invalid,59622
4060,invalid,59829
4061,invalid,61975
4062,invalid,59806
4063,invalid,59760
4064,valid,59743
4065,valid,59847
4066,invalid,59799
4067,invalid,59830
4068,invalid,59761
4069,invalid,59730
4070,valid,59810
4071,invalid,59744
4072,invalid,60173
4073,invalid,59798
4074,invalid,59777
4075,valid,59831
4076,invalid,59838
4077,invalid,59763
4078,valid,59860
4079,valid,59842
4080,valid,59930
4081,invalid,59721
4082,invalid,60346
4083,valid,59761
4084,invalid,59891
4085,valid,59882
4086,invalid,59894
4087,valid,59802
4088,valid,59764
4089,invalid,60197
4090,valid,60320
4091,invalid,61773
4092,invalid,59784
4093,valid,59795
4094,invalid,59774
4095,invalid,60878
4096,invalid,59858
4097,valid,59813
4098,valid,60795
4099,invalid,60095
4100,valid,59905
4101,invalid,59752
4102,valid,59801
4103,invalid,60899
4104,valid,59771
4105,valid,59817
4106,valid,59698
4107,valid,62147
4108,invalid,60448
4109,invalid,59827
4110,valid,59789
4111,invalid,61543
4112,valid,59802
4113,invalid,59793
4114,invalid,59759
4115,valid,59823
4116,invalid,59776
4117,valid,60521
4118,valid,59714
4119,invalid,59772
4120,valid,60938
4121,invalid,59774
4122,invalid,59813
4123,valid,60138
4124,invalid,59785
4125,invalid,59859
4126,invalid,59561
4127,invalid,59775
4128,valid,59825
4129,valid,59809
4130,invalid,60020
4131,invalid,59848
4132,invalid,60523
4133,invalid,61057
4134,invalid,63243
4135,invalid,60225
4136,invalid,59801
4137,invalid,59805
4138,invalid,59877
4139,valid,60003
4140,valid,59895
4141,valid,63210
4142,invalid,59789
4143,valid,59775
4144,invalid,59802
4145,invalid,60258
4146,invalid,59790
4147,invalid,59837
4148,invalid,60197
4149,invalid,59753
4150,invalid,59776
4151,valid,59787
4152,invalid,59798
4153,valid,59844
4154,invalid,59803
4155,invalid,60063
4156,invalid,59763
4157,invalid,63873
4158,valid,60472
4159,invalid,59767
4160,invalid,60136
4161,invalid,59784
4162,valid,59757
4163,valid,59746
4164,valid,59823
4165,invalid,60007
4166,valid,59727
4167,invalid,59755
4168,valid,59805
4169,valid,59869
4170,valid,59821
4171,invalid,59762
4172,valid,59712
4173,invalid,59789
4174,valid,59799
4175,invalid,59761
4176,valid,59988
4177,invalid,59815
4178,valid,59788
4179,invalid,60074
4180,valid,59791
4181,invalid,59623
4182,invalid,59773
4183,valid,59763
4184,invalid,59782
4185,valid,59771
4186,valid,59792
4187,valid,59763
4188,valid,59792
4189,valid,59769
4190,invalid,59709
4191,invalid,59805
4192,invalid,59775
4193,invalid,59756
4194,invalid,59475
4195,invalid,59720
4196,invalid,61498
4197,valid,59753
4198,invalid,59770
4199,valid,59729
4200,valid,59799
4201,valid,59654
4202,invalid,59811
4203,valid,59773
4204,invalid,59768
4205,valid,59815
4206,valid,61935
4207,invalid,59807
4208,valid,59792
4209,invalid,60344
4210,valid,59769
4211,valid,59788
4212,valid,59775
4213,valid,59771
4214,invalid,59569
4215,invalid,59791
4216,invalid,59772
4217,valid,59795
4218,valid,59826
4219,invalid,60528
4220,invalid,59536
4221,invalid,59751
4222,invalid,59830
4223,valid,59800
4224,valid,59842
4225,invalid,59782
4226,valid,59961
4227,valid,59794
4228,valid,59774
4229,valid,60232
4230,invalid,59789
4231,invalid,59800
4232,invalid,59775
4233,valid,59779
4234,valid,59764
4235,valid,59756
4236,invalid,59843
4237,valid,59780
4238,invalid,59858
4239,invalid,59748
4240,valid,59744
4241,invalid,59798
4242,valid,59465
4243,invalid,59796
4244,valid,59836
4245,invalid,59724
4246,invalid,60126
4247,valid,59785
4248,valid,59773
4249,invalid,59815
4250,invalid,59722
4251,valid,59871
4252,invalid,59668
4253,valid,59764
4254,invalid,59823
4255,valid,59811
4256,valid,59773
4257,invalid,59788
4258,invalid,59795
4259,invalid,59818
4260,invalid,60241
4261,invalid,60016
4262,valid,59738
4263,invalid,59759
4264,valid,59810
4265,valid,59760
4266,valid,59748
4267,invalid,59837
4268,valid,59694
4269,invalid,59820
4270,invalid,60868
4271,invalid,59817
4272,valid,59771
4273,valid,60125
4274,invalid,59700
4275,valid,60023
4276,invalid,59752
4277,invalid,59687
4278,valid,59754
4279,valid,59795
4280,invalid,59708
4281,valid,59777
4282,invalid,59810
4283,invalid,59838
4284,valid,59983
4285,valid,60402
4286,invalid,59798
4287,valid,59875
4288,valid,60393
4289,valid,59749
4290,valid,59720
4291,valid,59610
4292,invalid,59762
4293,invalid,59768
4294,invalid,59765
4295,valid,60271
4296,invalid,59743
4297,valid,59770
4298,invalid,60079
4299,invalid,59781
4300,invalid,59710
4301,valid,59761
4302,invalid,59863
4303,valid,59802
4304,valid,59807
4305,invalid,60046
4306,valid,59799
4307,invalid,59935
4308,invalid,59896
4309,valid,62624
4310,valid,59730
4311,invalid,61074
4312,invalid,59678
4313,valid,59779
4314,valid,60335
4315,invalid,59766
4316,valid,59783
4317,valid,59737
4318,invalid,59780
4319,valid,59812
4320,valid,59845
4321,invalid,59923
4322,invalid,59750
4323,invalid,59770
4324,invalid,59822
4325,invalid,59723
4326,invalid,59782
4327,valid,59828
4328,invalid,59737
4329,valid,59764
4330,valid,59856
4331,invalid,60671
4332,valid,61267
4333,invalid,59803
4334,invalid,60200
4335,valid,59776
4336,valid,59786
4337,valid,59972
4338,invalid,60160
4339,invalid,59828
4340,invalid,59822
4341,valid,59767
4342,invalid,59768
4343,invalid,59756
4344,invalid,60998
4345,invalid,59716
4346,valid,59764
4347,invalid,61025
4348,valid,59774
4349,valid,59732
4350,valid,59787
4351,invalid,62613
4352,invalid,59777
4353,valid,61040
4354,invalid,59775
4355,valid,59814
4356,valid,60134
4357,invalid,59792
4358,valid,59744
4359,invalid,60018
4360,valid,59757
4361,invalid,59791
4362,invalid,59831
4363,valid,61150
4364,valid,59772
4365,valid,60051
4366,invalid,60493
4367,invalid,59784
4368,valid,59773
4369,invalid,60308
4370,invalid,59766
4371,valid,59684
4372,valid,59890
4373,invalid,59763
4374,valid,59753
4375,valid,59753
4376,valid,59789
4377,valid,59789
4378,invalid,59673
4379,valid,59771
4380,valid,59781
4381,invalid,59760
4382,invalid,59674
4383,valid,59804
4384,invalid,60488
4385,valid,61540
4386,invalid,60700
4387,invalid,59850
4388,invalid,59768
4389,valid,59817
4390,invalid,59698
4391,invalid,62033
4392,invalid,60243
4393,valid,59824
4394,valid,61448
4395,invalid,59755
4396,invalid,59906
4397,valid,60787
4398,invalid,59724
4399,invalid,60707
4400,invalid,59730
4401,valid,59792
4402,invalid,61079
4403,invalid,60791
4404,invalid,60106
4405,valid,59784
4406,valid,59726
4407,valid,59984
4408,valid,59786
4409,valid,59733
4410,invalid,59744
4411,valid,59797
4412,valid,61485
4413,invalid,59816
4414,invalid,60862
4415,invalid,60107
4416,valid,60211
4417,invalid,59784
4418,valid,60000
4419,invalid,59647
4420,valid,60823
4421,invalid,60196
4422,invalid,60110
4423,valid,59805
4424,invalid,60167
4425,invalid,60206
4426,valid,59747
4427,invalid,59808
4428,valid,59742
4429,invalid,60041
4430,valid,59768
4431,invalid,60699
4432,invalid,59785
4433,invalid,60907
4434,invalid,59768
4435,invalid,59828
4436,valid,60362
4437,valid,59847
4438,valid,59759
4439,valid,59779
4440,invalid,59835
4441,invalid,59511
4442,valid,59934
4443,invalid,60033
4444,invalid,59812
4445,invalid,59817
4446,valid,59788
4447,invalid,59786
4448,valid,59804
4449,invalid,59782
4450,valid,59857
4451,valid,59743
4452,invalid,59782
4453,valid,60427
4454,valid,60153
4455,valid,59757
4456,invalid,60395
4457,valid,59813
4458,valid,59763
4459,invalid,59788
4460,invalid,61533
4461,valid,60869
4462,invalid,59805
4463,valid,59844
4464,valid,59774
4465,invalid,59874
4466,invalid,59739
4467,invalid,59760
4468,valid,59817
4469,invalid,60637
4470,valid,59750
4471,valid,59768
4472,valid,60813
4473,invalid,60121
4474,valid,59859
4475,invalid,59549
4476,invalid,60624
4477,valid,59799
4478,valid,60204
4479,valid,59815
4480,invalid,59826
4481,valid,60064
4482,valid,59950
4483,invalid,59749
4484,invalid,59800
4485,invalid,60437
4486,invalid,60065
4487,invalid,59804
4488,invalid,59820
4489,invalid,59787
4490,invalid,59758
4491,invalid,59811
4492,valid,59912
4493,invalid,59794
4494,valid,59742
4495,invalid,60399
4496,invalid,59839
4497,invalid,59826
4498,invalid,59768
4499,valid,59802
4500,invalid,59756
4501,valid,59884
4502,valid,59748
4503,invalid,59746
4504,invalid,60711
4505,invalid,60319
4506,valid,59780
4507,invalid,59769
4508,invalid,60419
4509,valid,59794
4510,invalid,59794
4511,invalid,59712
4512,valid,59769
4513,invalid,59729
4514,invalid,59831
4515,valid,61264
4516,invalid,59765
4517,invalid,59781
4518,valid,60685
4519,valid,59818
4520,valid,59805
4521,invalid,61141
4522,invalid,59833
4523,valid,59836
4524,invalid,59781
4525,valid,59626
4526,invalid,61558
4527,invalid,60299
4528,invalid,59826
4529,valid,59786
4530,invalid,60793
4531,invalid,59774
4532,valid,59793
4533,valid,59892
4534,valid,59962
4535,valid,59776
4536,invalid,59758
4537,invalid,60375
4538,invalid,59771
4539,valid,59798
4540,invalid,59823
4541,invalid,59736
4542,valid,59776
4543,valid,59874
4544,invalid,59748
4545,invalid,61532
4546,valid,59796
4547,valid,59853
4548,invalid,59749
4549,valid,59773
4550,valid,60342
4551,invalid,59750
4552,valid,59835
4553,invalid,59813
4554,valid,59885
4555,valid,59801
4556,invalid,59828
4557,invalid,59769
4558,invalid,59774
4559,valid,59745
4560,valid,59812
4561,valid,59737
4562,invalid,61457
4563,invalid,60506
4564,valid,60254
4565,valid,59823
4566,valid,59805
4567,invalid,59773
4568,invalid,60091
4569,valid,61676
4570,valid,59528
4571,invalid,59873
4572,invalid,59816
4573,invalid,59755
4574,valid,59669
4575,valid,60358
4576,invalid,59756
4577,valid,59785
4578,valid,60275
4579,valid,59836
4580,invalid,59799
4581,valid,59879
4582,valid,59774
4583,valid,59846
4584,valid,59814
4585,valid,61077
4586,valid,59742
4587,valid,59766
4588,invalid,59791
4589,invalid,60299
4590,invalid,60156
4591,invalid,60126
4592,invalid,59815
4593,invalid,59754
4594,invalid,59765
4595,invalid,59812
4596,invalid,59882
4597,valid,59757
4598,invalid,60165
4599,valid,59753
4600,valid,59760
4601,invalid,59752
4602,valid,59727
4603,invalid,59843
4604,valid,59795
4605,invalid,59495
4606,valid,61539
4607,invalid,59779
4608,invalid,60126
4609,valid,60075
4610,invalid,60172
4611,invalid,63115
4612,valid,60800
4613,invalid,59853
4614,invalid,59805
4615,invalid,59884
4616,valid,59812
4617,valid,59793
4618,valid,59750
4619,invalid,60010
4620,valid,59806
4621,invalid,59758
4622,invalid,61017
4623,valid,60256
4624,valid,59771
4625,valid,59838
4626,valid,59799
4627,valid,59806
4628,valid,59786
4629,invalid,59789
4630,invalid,59750
4631,invalid,59772
4632,invalid,60284
4633,valid,59766
4634,valid,59791
4635,invalid,59797
4636,valid,59737
4637,valid,59727
4638,invalid,59782
4639,valid,59852
4640,invalid,59760
4641,invalid,59772
4642,invalid,60002
4643,invalid,59761
4644,invalid,59747
4645,invalid,59570
4646,valid,59792
4647,invalid,60127
4648,valid,60119
4649,invalid,59970
4650,valid,59803
4651,invalid,60213
4652,valid,60544
4653,invalid,59777
4654,valid,59855
4655,valid,59776
4656,invalid,59748
4657,valid,59790
4658,valid,59782
4659,invalid,59755
4660,valid,59766
4661,valid,59761
4662,invalid,60091
4663,invalid,59778
4664,valid,59814
4665,invalid,62547
4666,invalid,59745
4667,valid,59735
4668,invalid,59747
4669,valid,59776
4670,invalid,59667
4671,valid,59769
4672,invalid,59976
4673,valid,59771
4674,valid,59764
4675,valid,59750
4676,valid,59779
4677,invalid,59792
4678,invalid,59559
4679,valid,59796
4680,valid,59863
4681,invalid,60523
4682,invalid,59764
4683,invalid,59782
4684,invalid,59773
4685,valid,59738
4686,invalid,59793
4687,invalid,59768
4688,invalid,59837
4689,invalid,59811
4690,invalid,59758
4691,invalid,59779
4692,invalid,60325
4693,invalid,59883
4694,invalid,59792
4695,valid,59745
4696,invalid,59747
4697,invalid,59811
4698,valid,59828
4699,valid,59773
4700,invalid,59847
4701,valid,63076
4702,invalid,59778
4703,invalid,59783
4704,valid,59745
4705,invalid,60679
4706,valid,59763
4707,invalid,59767
4708,valid,60356
4709,invalid,59804
4710,invalid,60430
4711,valid,59820
4712,valid,59780
4713,valid,59735
4714,valid,59802
4715,valid,59836
4716,invalid,59833
4717,valid,59757
4718,invalid,60160
4719,invalid,59730
4720,valid,59777
4721,valid,59692
4722,invalid,60085
4723,invalid,60232
4724,valid,59751
4725,invalid,60112
4726,invalid,59771
4727,invalid,60595
4728,valid,59866
4729,valid,59790
4730,valid,60500
4731,valid,59805
4732,invalid,59786
4733,valid,62052
4734,invalid,59915
4735,valid,59892
4736,invalid,59777
4737,invalid,59839
4738,invalid,59910
4739,invalid,59786
4740,valid,67105
4741,valid,64709
4742,invalid,61454
4743,invalid,60136
4744,invalid,59962
4745,invalid,59717
4746,invalid,59777
4747,invalid,59800
4748,invalid,59765
4749,valid,59738
4750,invalid,59775
4751,valid,59731
4752,valid,59443
4753,valid,59750
4754,invalid,60032
4755,invalid,59697
4756,valid,59795
4757,invalid,59754
4758,valid,59798
4759,valid,59727
4760,valid,59771
4761,invalid,60363
4762,valid,59774
4763,invalid,59673
4764,invalid,59753
4765,invalid,63066
4766,valid,60200
4767,valid,60784
4768,valid,59778
4769,valid,59761
4770,invalid,59686
4771,invalid,59779
4772,invalid,59770
4773,invalid,59809
4774,valid,59815
4775,invalid,59726
4776,invalid,59683
4777,valid,59742
4778,invalid,59763
4779,invalid,59763
4780,valid,59699
4781,invalid,59711
4782,valid,59730
4783,valid,59685
4784,invalid,59875
4785,valid,59698
4786,invalid,59706
4787,invalid,59723
4788,invalid,59698
4789,valid,59808
4790,invalid,59818
4791,invalid,59787
4792,valid,59845
4793,invalid,59769
4794,invalid,60197
4795,invalid,59840
4796,valid,59770
4797,valid,59795
4798,invalid,59706
4799,valid,59704
4800,valid,59761
4801,invalid,60780
4802,invalid,59762
4803,invalid,59729
4804,invalid,59691
4805,valid,59776
4806,invalid,59759
4807,valid,59768
4808,valid,59708
4809,valid,59742
4810,valid,59757
4811,invalid,59906
4812,invalid,59464
4813,invalid,59835
4814,invalid,59747
4815,valid,59791
4816,invalid,59667
4817,valid,59779
4818,invalid,60857
4819,invalid,59756
4820,valid,59755
4821,valid,59732
4822,valid,59754
4823,valid,59731
4824,invalid,59728
4825,valid,59699
4826,invalid,59736
4827,invalid,60598
4828,invalid,61104
4829,invalid,59737
4830,valid,59743
4831,valid,59747
4832,valid,59721
4833,invalid,59793
4834,invalid,59712
4835,invalid,59797
4836,invalid,59738
4837,invalid,61065
4838,valid,59805
4839,valid,59826
4840,invalid,60269
4841,invalid,60675
4842,valid,59775
4843,invalid,60349
4844,valid,59796
4845,invalid,59699
4846,invalid,59781
4847,valid,59795
4848,invalid,59781
4849,invalid,59765
4850,valid,59739
4851,invalid,59789
4852,valid,59702
4853,valid,60131
4854,valid,59793
4855,invalid,59758
4856,invalid,59746
4857,valid,59773
4858,valid,59814
4859,valid,59770
4860,valid,60672
4861,invalid,59818
4862,invalid,59738
4863,valid,60111
4864,valid,59715
4865,valid,59778
4866,invalid,59740
4867,valid,59766
4868,invalid,59730
4869,valid,59709
4870,valid,60771
4871,valid,59799
4872,invalid,59739
4873,valid,59765
4874,invalid,60310
4875,invalid,60002
4876,valid,59780
4877,valid,59767
4878,invalid,59797
4879,valid,59751
4880,valid,59819
4881,valid,60159
4882,invalid,59740
4883,valid,59871
4884,invalid,59803
4885,invalid,59808
4886,valid,59800
4887,invalid,59791
4888,invalid,59844
4889,valid,59768
4890,invalid,59788
4891,invalid,59751
4892,valid,59820
4893,valid,59816
4894,valid,59756
4895,valid,59817
4896,valid,59694
4897,valid,59773
4898,valid,60744
4899,invalid,59801
4900,valid,59790
4901,valid,60685
4902,valid,59772
4903,invalid,59925
4904,invalid,60705
4905,invalid,59815
4906,valid,59694
4907,invalid,59798
4908,invalid,59775
4909,invalid,59770
4910,invalid,59792
4911,invalid,61094
4912,valid,59771
4913,valid,59732
4914,invalid,60490
4915,valid,59761
4916,invalid,59889
4917,valid,59802
4918,valid,59798
4919,invalid,59813
4920,valid,59748
4921,invalid,59819
4922,valid,59772
4923,invalid,59800
4924,valid,60293
4925,invalid,59766
4926,valid,59777
4927,invalid,60708
4928,invalid,59773
4929,invalid,59690
4930,valid,59901
4931,valid,59755
4932,invalid,59797
4933,invalid,59902
4934,valid,61098
4935,invalid,59747
4936,invalid,59733
4937,valid,61018
4938,valid,60284
4939,invalid,59996
4940,valid,60356
4941,invalid,59747
4942,valid,59815
4943,valid,59741
4944,valid,59804
4945,valid,59806
4946,invalid,59824
4947,invalid,60099
4948,invalid,59759
4949,valid,59762
4950,invalid,60437
4951,valid,59469
4952,invalid,59747
4953,invalid,59835
4954,valid,59737
4955,valid,59820
4956,invalid,59787
4957,invalid,61379
4958,invalid,59615
4959,invalid,59793
4960,invalid,60390
4961,invalid,60553
4962,invalid,60342
4963,invalid,60369
4964,invalid,59763
4965,valid,59765
4966,invalid,59788
4967,invalid,59716
4968,invalid,59771
4969,valid,59837
4970,valid,59786
4971,invalid,59782
4972,valid,59861
4973,invalid,61344
4974,invalid,59791
4975,invalid,59725
4976,invalid,59710
4977,valid,59761
4978,valid,59750
4979,valid,59746
4980,invalid,59699
4981,invalid,59724
4982,valid,59789
4983,invalid,60568
4984,invalid,60151
4985,valid,59843
4986,invalid,59723
4987,valid,59738
4988,valid,59798
4989,valid,59774
4990,invalid,61089
4991,valid,60772
4992,invalid,59777
4993,valid,59816
4994,invalid,59769
4995,invalid,59817
4996,valid,60651
4997,invalid,59765
4998,valid,59836
4999,valid,59793
5000,valid,60026
5001,invalid,59822
5002,valid,59779
5003,valid,59804
5004,invalid,60683
5005,invalid,59744
5006,invalid,59770
5007,invalid,59795
5008,valid,59844
5009,valid,60358
5010,valid,59762
5011,invalid,59768
5012,invalid,62284
5013,invalid,61424
5014,invalid,59766
5015,invalid,60388
5016,valid,59804
5017,invalid,59708
5018,invalid,60940
5019,invalid,59771
5020,valid,59822
5021,invalid,59733
5022,valid,59752
5023,valid,59789
5024,invalid,59751
5025,invalid,60475
5026,valid,59663
5027,valid,59822
5028,valid,60121
5029,invalid,59931
5030,invalid,59782
5031,invalid,60029
5032,invalid,59795
5033,valid,59806
5034,valid,59878
5035,invalid,59885
5036,invalid,59822
5037,invalid,60435
5038,valid,61134
5039,valid,59836
5040,invalid,59690
5041,invalid,60318
5042,invalid,60214
5043,valid,60189
5044,valid,60190
5045,valid,59845
5046,invalid,59790
5047,valid,59765
5048,valid,59823
5049,invalid,59877
5050,valid,61066
5051,valid,59794
5052,invalid,59825
5053,valid,60323
5054,invalid,59852
5055,invalid,59819
5056,invalid,59868
5057,valid,59786
5058,invalid,59826
5059,valid,59753
5060,valid,59839
5061,invalid,59764
5062,invalid,59783
5063,valid,59825
5064,invalid,60447
5065,invalid,60331
5066,invalid,59820
5067,valid,59797
5068,invalid,59771
5069,invalid,59811
5070,valid,59764
5071,invalid,59835
5072,invalid,59793
5073,valid,59830
5074,valid,59758
5075,valid,60691
5076,invalid,59764
5077,valid,59902
5078,valid,60444
5079,invalid,59760
5080,valid,59799
5081,valid,59755
5082,valid,59773
5083,valid,59755
5084,valid,59751
5085,valid,59768
5086,valid,59764
5087,valid,59813
5088,valid,59759
5089,invalid,59821
5090,invalid,59843
5091,valid,59710
5092,invalid,59770
5093,valid,59833
5094,invalid,59810
5095,invalid,60950
5096,valid,59762
5097,invalid,59861
5098,invalid,60153
5099,valid,59725
5100,valid,59524
5101,invalid,59792
5102,invalid,59790
5103,invalid,59819
5104,valid,59754
5105,valid,60668
5106,valid,59767
5107,valid,59781
5108,invalid,60433
5109,valid,59771
5110,invalid,59819
5111,valid,59752
5112,valid,59819
5113,invalid,59771
5114,valid,59821
5115,valid,60392
5116,valid,59770
5117,valid,59760
5118,valid,60391
5119,invalid,59717
5120,valid,59781
5121,valid,59791
5122,invalid,59786
5123,invalid,59741
5124,invalid,59739
5125,valid,60444
5126,valid,59789
5127,valid,59731
5128,valid,60110
5129,valid,59819
5130,invalid,59772
5131,invalid,59814
5132,valid,59743
5133,invalid,59776
5134,valid,59842
5135,invalid,60563
5136,valid,62364
5137,valid,59795
5138,valid,59641
5139,invalid,59775
5140,valid,59838
5141,valid,60099
5142,invalid,59805
5143,valid,59789
5144,invalid,59810
5145,valid,59579
5146,valid,59800
5147,invalid,59767
5148,invalid,59774
5149,valid,59832
5150,invalid,59731
5151,invalid,59775
5152,valid,59772
5153,valid,59780
5154,valid,59827
5155,invalid,59828
5156,invalid,59771
5157,invalid,59804
5158,invalid,60325
5159,valid,59766
5160,invalid,59794
5161,invalid,59685
5162,valid,59785
5163,valid,59752
5164,valid,59779
5165,invalid,59896
5166,invalid,59830
5167,invalid,59801
5168,valid,59839
5169,valid,59828
5170,valid,59746
5171,invalid,59798
5172,invalid,59745
5173,invalid,60884
5174,invalid,59722
5175,invalid,59774
5176,invalid,59737
5177,valid,59855
5178,invalid,60032
5179,valid,59733
5180,valid,59784
5181,valid,59779
5182,invalid,62686
5183,invalid,60024
5184,invalid,59769
5185,valid,59720
5186,invalid,59806
5187,invalid,59766
5188,valid,59766
5189,valid,62753
5190,valid,59794
5191,invalid,59866
5192,valid,59831
5193,invalid,60137
5194,invalid,59818
5195,invalid,59859
5196,valid,60105
5197,valid,59789
5198,valid,59783
5199,invalid,59834
5200,valid,59916
5201,valid,59877
5202,invalid,59808
5203,invalid,59873
5204,invalid,60067
5205,valid,59805
5206,valid,60328
5207,invalid,59803
5208,valid,59802
5209,invalid,60148
5210,invalid,59824
5211,valid,59811
5212,invalid,59772
5213,valid,59714
5214,invalid,59824
5215,valid,59840
5216,invalid,59542
5217,valid,59831
5218,valid,59867
5219,valid,59873
5220,valid,59489
5221,valid,59759
5222,invalid,59818
5223,valid,60400
5224,invalid,59797
5225,valid,59828
5226,invalid,59796
5227,valid,60283
5228,valid,59766
5229,invalid,59820
5230,valid,59816
5231,invalid,59636
5232,invalid,59793
5233,invalid,59762
5234,invalid,59814
5235,invalid,59760
5236,valid,59741
5237,invalid,59775
5238,invalid,59836
5239,valid,59860
5240,invalid,59791
5241,invalid,59721
5242,valid,59786
5243,valid,60431
5244,valid,59823
5245,valid,59854
5246,invalid,59754
5247,invalid,59779
5248,valid,61096
5249,invalid,59969
5250,valid,59909
5251,valid,59785
5252,invalid,59892
5253,valid,59807
5254,invalid,60206
5255,valid,60110
5256,invalid,61010
5257,valid,60249
5258,invalid,59825
5259,invalid,60413
5260,invalid,59612
5261,invalid,59790
5262,invalid,59825
5263,invalid,59719
5264,valid,59788
5265,valid,59455
5266,invalid,59941
5267,valid,59841
5268,invalid,59819
5269,invalid,60419
5270,invalid,59911
5271,invalid,59842
5272,invalid,59830
5273,invalid,59670
5274,invalid,59569
5275,invalid,59783
5276,invalid,60281
5277,invalid,59833
5278,valid,59781
5279,valid,60320
5280,valid,59812
5281,valid,59817
5282,invalid,59762
5283,invalid,59760
5284,invalid,60842
5285,invalid,60173
5286,invalid,59853
5287,valid,60113
5288,valid,59844
5289,invalid,59748
5290,invalid,59794
5291,valid,61179
5292,valid,59780
5293,invalid,59809
5294,invalid,60169
5295,valid,59738
5296,invalid,59744
5297,invalid,59738
5298,valid,59715
5299,invalid,59823
5300,valid,59752
5301,invalid,59787
5302,valid,59759
5303,valid,59763
5304,invalid,59734
5305,invalid,59730
5306,invalid,59880
5307,valid,59882
5308,valid,59766
5309,invalid,61709
5310,invalid,59859
5311,invalid,59823
5312,valid,59774
5313,invalid,59752
5314,invalid,60843
5315,valid,60069
5316,valid,60231
5317,invalid,60803
5318,invalid,60138
5319,valid,60131
5320,invalid,59861
5321,valid,59749
5322,valid,59923
5323,valid,59644
5324,invalid,59900
5325,invalid,59747
5326,invalid,59841
5327,invalid,60428
5328,valid,59846
5329,valid,59804
5330,invalid,59805
5331,valid,59805
5332,valid,63454
5333,valid,60327
5334,invalid,59815
5335,invalid,59780
5336,invalid,61294
5337,invalid,60202
5338,valid,59776
5339,valid,59803
5340,valid,59831
5341,invalid,60691
5342,invalid,59771
5343,valid,60677
5344,valid,59822
5345,invalid,59738
5346,invalid,60416
5347,invalid,59810
5348,valid,59545
5349,invalid,59793
5350,invalid,59755
5351,invalid,59807
5352,valid,59828
5353,valid,60163
5354,valid,63130
5355,valid,60377
5356,valid,59875
5357,invalid,59808
5358,invalid,59869
5359,invalid,59875
5360,valid,59738
5361,invalid,59815
5362,valid,60345
5363,invalid,59810
5364,valid,59805
5365,valid,59799
5366,invalid,59550
5367,valid,59743
5368,invalid,59828
5369,invalid,59848
5370,valid,59798
5371,invalid,59673
5372,valid,59779
5373,valid,59770
5374,invalid,59802
5375,invalid,60663
5376,invalid,59809
5377,valid,59857
5378,valid,59792
5379,valid,60183
5380,valid,59819
5381,invalid,59765
5382,invalid,60540
5383,valid,59811
5384,valid,59725
5385,valid,59753
5386,valid,59755
5387,invalid,59824
5388,invalid,59817
5389,invalid,60109
5390,invalid,59829
5391,invalid,59738
5392,invalid,59704
5393,valid,59812
5394,valid,59779
5395,valid,59810
5396,invalid,59786
5397,invalid,59773
5398,valid,59775
5399,invalid,60806
5400,invalid,59795
5401,valid,59744
5402,valid,59763
5403,valid,59628
5404,invalid,59757
5405,valid,59813
5406,invalid,59754
5407,invalid,59777
5408,valid,59720
5409,valid,62971
5410,valid,59819
5411,invalid,59788
5412,valid,59826
5413,invalid,60288
5414,valid,59788
5415,valid,60544
5416,invalid,59835
5417,valid,59822
5418,invalid,59819
5419,invalid,59804
5420,valid,59762
5421,valid,59742
5422,valid,59799
5423,valid,59827
5424,valid,59806
5425,valid,61095
5426,valid,59740
5427,invalid,59854
5428,valid,60067
5429,valid,59893
5430,invalid,59859
5431,valid,59743
5432,invalid,59806
5433,invalid,59806
5434,valid,59805
5435,invalid,60355
5436,valid,59800
5437,invalid,59761
5438,invalid,59818
5439,valid,59771
5440,valid,59753
5441,valid,59775
5442,valid,59786
5443,invalid,59892
5444,invalid,59787
5445,valid,60414
5446,valid,59863
5447,invalid,59824
5448,valid,59837
5449,invalid,59590
5450,valid,60880
5451,valid,59798
5452,invalid,59727
5453,valid,59783
5454,invalid,59777
5455,valid,59839
5456,invalid,59802
5457,valid,59831
5458,invalid,60504
5459,valid,59829
5460,valid,59760
5461,invalid,59815
5462,valid,59779
5463,valid,59755
5464,valid,59760
5465,invalid,59781
5466,valid,59795
5467,valid,59761
5468,invalid,59808
5469,valid,59814
5470,valid,59517
5471,valid,59749
5472,valid,59487
5473,valid,59781
5474,valid,59805
5475,valid,60702
5476,invalid,59786
5477,invalid,59865
5478,valid,59547
5479,invalid,59781
5480,invalid,59753
5481,invalid,59805
5482,invalid,59815
5483,valid,59778
5484,invalid,59765
5485,valid,60874
5486,valid,59753
5487,valid,60376
5488,valid,59810
5489,invalid,60239
5490,valid,60060
5491,valid,59749
5492,valid,59785
5493,invalid,59724
5494,invalid,59758
5495,valid,59891
5496,valid,59826
5497,invalid,59784
5498,invalid,59753
5499,valid,59835
5500,valid,59939
5501,invalid,59784
5502,valid,59818
5503,valid,59740
5504,valid,59759
5505,invalid,59793
5506,valid,59699
5507,valid,59787
5508,valid,59798
5509,invalid,59830
5510,invalid,59802
5511,valid,59731
5512,valid,59768
5513,valid,59757
5514,valid,59773
5515,valid,59816
5516,invalid,59814
5517,valid,60822
5518,invalid,59819
5519,valid,59794
5520,invalid,60368
5521,valid,59807
5522,invalid,60067
5523,valid,59529
5524,valid,59862
5525,invalid,59835
5526,valid,59769
5527,valid,59751
5528,valid,59797
5529,valid,59777
5530,valid,59743
5531,valid,59795
5532,valid,59784
5533,invalid,59764
5534,valid,59810
5535,valid,59825
5536,invalid,59808
5537,invalid,59793
5538,valid,59785
5539,invalid,59750
5540,valid,59819
5541,valid,59808
5542,valid,60731
5543,invalid,59759
5544,valid,59864
5545,invalid,59827
5546,invalid,59702
5547,valid,59840
5548,invalid,59757
5549,invalid,59799
5550,valid,59780
5551,invalid,59782
5552,valid,60565
5553,invalid,59814
5554,invalid,59778
5555,valid,60745
5556,valid,61622
5557,invalid,59718
5558,invalid,59816
5559,invalid,59487
5560,valid,59843
5561,valid,60676
5562,invalid,59808
5563,invalid,59758
5564,invalid,59700
5565,invalid,61016
5566,invalid,59778
5567,invalid,59865
5568,invalid,59872
5569,valid,59790
5570,invalid,59738
5571,valid,59714
5572,invalid,59778
5573,valid,59807
5574,invalid,59798
5575,valid,60623
5576,valid,59747
5577,valid,59731
5578,valid,59668
5579,invalid,59738
5580,valid,59785
5581,invalid,59751
5582,invalid,59788
5583,invalid,59709
5584,valid,59860
5585,invalid,60711
5586,invalid,59718
5587,invalid,59848
5588,valid,62111
5589,invalid,59780
5590,valid,59792
5591,valid,60387
5592,invalid,59768
5593,invalid,59782
5594,valid,59777
5595,valid,59782
5596,invalid,59823
5597,invalid,59755
5598,invalid,60068
5599,invalid,59772
5600,invalid,59776
5601,invalid,59810
5602,valid,59583
5603,valid,59761
5604,invalid,59769
5605,valid,59775
5606,valid,59750
5607,invalid,59723
5608,invalid,61034
5609,invalid,59795
5610,valid,59802
5611,invalid,59791
5612,valid,59778
5613,invalid,59967
5614,invalid,59806
5615,invalid,59743
5616,valid,59807
5617,invalid,59731
5618,valid,60339
5619,invalid,59766
5620,invalid,59493
5621,invalid,59727
5622,invalid,59807
5623,valid,59820
5624,invalid,59817
5625,invalid,59706
5626,valid,59812
5627,valid,59784
5628,invalid,59777
5629,valid,59778
5630,invalid,59609
5631,invalid,59875
5632,invalid,59763
5633,valid,59801
5634,invalid,59827
5635,valid,59792
5636,valid,60004
5637,invalid,59681
5638,invalid,60231
5639,invalid,59752
5640,invalid,59812
5641,valid,59754
5642,valid,59830
5643,valid,60031
5644,invalid,60093
5645,invalid,59847
5646,valid,60184
5647,valid,61144
5648,invalid,59806
5649,invalid,59806
5650,valid,59844
5651,invalid,59782
5652,valid,59886
5653,invalid,59799
5654,valid,59819
5655,valid,59758
5656,valid,59805
5657,valid,60473
5658,valid,59577
5659,valid,60885
5660,valid,59730
5661,invalid,59931
5662,valid,59917
5663,invalid,59843
5664,invalid,59827
5665,valid,59792
5666,valid,59773
5667,invalid,59761
5668,invalid,59819
5669,invalid,59834
5670,valid,60425
5671,invalid,59753
5672,invalid,61479
5673,valid,60470
5674,invalid,59798
5675,valid,59814
5676,invalid,59768
5677,invalid,60035
5678,valid,59798
5679,valid,59838
5680,valid,59787
5681,valid,59882
5682,valid,59837
5683,invalid,60236
5684,invalid,59866
5685,invalid,59847
5686,valid,59821
5687,valid,59795
5688,invalid,59899
5689,valid,59780
5690,invalid,59827
5691,valid,59874
5692,invalid,59801
5693,valid,59788
5694,invalid,59795
5695,valid,59778
5696,invalid,59565
5697,valid,59818
5698,invalid,59852
5699,invalid,59822
5700,invalid,60387
5701,invalid,60980
5702,invalid,59781
5703,invalid,60821
5704,invalid,61535
5705,invalid,59804
5706,valid,60321
5707,valid,59853
5708,invalid,59864
5709,valid,59811
5710,valid,59881
5711,valid,59769
5712,invalid,59871
5713,invalid,59908
5714,valid,59693
5715,invalid,59795
5716,valid,60259
5717,invalid,59780
5718,invalid,59841
5719,invalid,60178
5720,valid,59821
5721,valid,59826
5722,invalid,59846
5723,invalid,59814
5724,valid,59789
5725,valid,59802
5726,invalid,60103
5727,valid,59766
5728,invalid,59824
5729,valid,59867
5730,invalid,59862
5731,valid,59800
5732,invalid,59890
5733,valid,59726
5734,invalid,59821
5735,valid,59690
5736,valid,60559
5737,invalid,59791
5738,invalid,59805
5739,valid,60375
5740,invalid,59790
5741,invalid,59766
5742,invalid,59831
5743,valid,59726
5744,valid,59803
5745,valid,59966
5746,valid,59756
5747,invalid,60601
5748,invalid,59831
5749,valid,59774
5750,valid,59731
5751,invalid,59769
5752,invalid,59770
5753,valid,59778
5754,valid,59749
5755,valid,59733
5756,valid,59839
5757,invalid,59943
5758,valid,59776
5759,invalid,59847
5760,valid,59780
5761,valid,59754
5762,valid,59793
5763,invalid,59785
5764,valid,59800
5765,invalid,59838
5766,invalid,60549
5767,valid,62741
5768,invalid,59798
5769,invalid,59818
5770,invalid,59738
5771,valid,59812
5772,valid,59705
5773,invalid,60381
5774,invalid,59802
5775,invalid,59876
5776,valid,59769
5777,invalid,59850
5778,valid,59729
5779,valid,59757
5780,invalid,59735
5781,valid,59786
5782,valid,59745
5783,valid,59772
5784,valid,63161
5785,valid,60270
5786,valid,60271
5787,valid,59771
5788,invalid,60042
5789,invalid,60425
5790,valid,59771
5791,valid,59851
5792,valid,59932
5793,valid,59788
5794,invalid,59942
5795,invalid,59853
5796,invalid,59774
5797,invalid,59845
5798,invalid,59978
5799,invalid,59835
5800,invalid,59769
5801,invalid,59815
5802,valid,59784
5803,valid,59814
5804,valid,59770
5805,invalid,59794
5806,valid,59776
5807,invalid,59796
5808,valid,59901
5809,invalid,59759
5810,invalid,59803
5811,valid,59791
5812,invalid,59801
5813,invalid,59800
5814,valid,59794
5815,invalid,59645
5816,invalid,59852
5817,invalid,59678
5818,invalid,59760
5819,invalid,59795
5820,invalid,59780
5821,invalid,59775
5822,valid,59739
5823,valid,59806
5824,invalid,59794
5825,valid,59789
5826,valid,59759
5827,valid,59769
5828,invalid,59804
5829,invalid,59819
5830,valid,59803
5831,invalid,59795
5832,invalid,61559
5833,invalid,59785
5834,invalid,60820
5835,valid,60089
5836,valid,59832
5837,invalid,59804
5838,valid,59804
5839,invalid,59790
5840,invalid,59968
5841,valid,60235
5842,valid,59747
5843,valid,59783
5844,invalid,59540
5845,invalid,59960
5846,invalid,59805
5847,valid,59720
5848,invalid,60515
5849,invalid,59761
5850,valid,59768
5851,valid,59790
5852,valid,59810
5853,valid,59819
5854,valid,60016
5855,valid,59995
5856,invalid,59811
5857,invalid,59771
5858,invalid,59769
5859,valid,59738
5860,valid,59819
5861,valid,59850
5862,invalid,59760
5863,valid,59747
5864,invalid,59736
5865,invalid,59771
5866,valid,59755
5867,invalid,59899
5868,valid,59812
5869,invalid,59764
5870,valid,59782
5871,valid,59857
5872,valid,59821
5873,valid,59627
5874,valid,59772
5875,valid,60347
5876,valid,59793
5877,valid,59762
5878,valid,59678
5879,invalid,59804
5880,valid,59823
5881,invalid,59826
5882,invalid,59777
5883,valid,59768
5884,valid,59736
5885,invalid,61838
5886,valid,60276
5887,valid,59913
5888,valid,59843
5889,valid,59810
5890,valid,59824
5891,valid,59741
5892,valid,59790
5893,invalid,59814
5894,invalid,59814
5895,valid,61053
5896,invalid,59772
5897,valid,59815
5898,valid,59776
5899,invalid,59951
5900,invalid,60109
5901,invalid,59842
5902,valid,59742
5903,invalid,60274
5904,invalid,59766
5905,valid,59995
5906,valid,59778
5907,invalid,59772
5908,invalid,60200
5909,valid,59817
5910,valid,59797
5911,invalid,59753
5912,invalid,59754
5913,invalid,59825
5914,invalid,59848
5915,valid,60425
5916,invalid,59766
5917,invalid,59771
5918,valid,60087
5919,invalid,59775
5920,valid,59776
5921,invalid,59787
5922,valid,59735
5923,invalid,59746
5924,valid,59765
5925,invalid,60865
5926,valid,59891
5927,invalid,59745
5928,invalid,60462
5929,invalid,59760
5930,invalid,59802
5931,valid,59822
5932,valid,63173
5933,invalid,59778
5934,valid,62652
5935,valid,60539
5936,invalid,59777
5937,valid,60880
5938,invalid,59736
5939,invalid,59548
5940,valid,59730
5941,valid,59798
5942,valid,59783
5943,valid,59760
5944,invalid,59726
5945,valid,59720
5946,invalid,59795
5947,invalid,60172
5948,valid,59763
5949,valid,59759
5950,invalid,60832
5951,invalid,60031
5952,valid,60220
5953,valid,59800
5954,valid,59769
5955,invalid,59857
5956,valid,59827
5957,valid,59830
5958,valid,59777
5959,valid,60801
5960,valid,59549
5961,invalid,59843
5962,valid,59829
5963,invalid,59792
5964,valid,59803
5965,invalid,59775
5966,invalid,59849
5967,invalid,59803
5968,valid,59852
5969,valid,60855
5970,invalid,59749
5971,valid,59777
5972,valid,60367
5973,valid,59765
5974,valid,59834
5975,invalid,60318
5976,invalid,59778
5977,valid,59770
5978,valid,59778
5979,valid,59507
5980,valid,60376
5981,valid,59710
5982,invalid,59776
5983,invalid,59778
5984,valid,60689
5985,invalid,59745
5986,valid,59778
5987,invalid,59762
5988,valid,59764
5989,invalid,59749
5990,invalid,59734
5991,valid,60706
5992,invalid,59826
5993,valid,59793
5994,invalid,60482
5995,valid,59832
5996,valid,59842
5997,valid,59994
5998,valid,59776
5999,valid,59737
6000,invalid,59764
6001,valid,59698
6002,invalid,60269
6003,valid,60080
6004,invalid,60801
6005,valid,59757
6006,invalid,59783
6007,valid,59773
6008,valid,59732
6009,invalid,63281
6010,invalid,59778
6011,invalid,59767
6012,valid,59741
6013,invalid,59656
6014,invalid,59726
6015,valid,59793
6016,invalid,59774
6017,invalid,60519
6018,invalid,59793
6019,valid,59779
6020,invalid,60314
6021,invalid,59790
6022,valid,59807
6023,valid,59774
6024,valid,59770
6025,invalid,59734
6026,valid,59764
6027,invalid,60602
6028,invalid,59797
6029,valid,59836
6030,valid,59828
6031,valid,59786
6032,valid,60355
6033,valid,59714
6034,invalid,59801
6035,invalid,59693
6036,invalid,59800
6037,invalid,60516
6038,invalid,60109
6039,valid,60168
6040,invalid,60318
6041,invalid,59718
6042,invalid,59745
6043,valid,59749
6044,invalid,59952
6045,valid,59700
6046,invalid,59817
6047,valid,59758
6048,valid,59889
6049,valid,59809
6050,invalid,59841
6051,invalid,59575
6052,valid,60587
6053,invalid,59765
6054,invalid,59782
6055,valid,59820
6056,invalid,59690
6057,valid,59854
6058,valid,59756
6059,valid,59760
6060,invalid,59723
6061,valid,60623
6062,invalid,59556
6063,invalid,60557
6064,invalid,59809
6065,valid,59793
6066,invalid,59776
6067,invalid,59714
6068,valid,59816
6069,invalid,59773
6070,valid,60356
6071,valid,59869
6072,invalid,59741
6073,valid,59856
6074,valid,59808
6075,invalid,59584
6076,invalid,59766
6077,invalid,59735
6078,valid,59731
6079,valid,59693
6080,valid,59844
6081,valid,59767
6082,valid,59757
6083,valid,59797
6084,valid,59734
6085,valid,59899
6086,invalid,59817
6087,valid,60692
6088,invalid,59785
6089,valid,59502
6090,invalid,59841
6091,invalid,60609
6092,valid,59748
6093,valid,59852
6094,valid,59816
6095,invalid,59796
6096,valid,59724
6097,invalid,59852
6098,invalid,59781
6099,valid,59779
6100,invalid,60263
6101,invalid,59798
6102,valid,59800
6103,valid,59752
6104,valid,59790
6105,valid,59797
6106,invalid,60630
6107,valid,59813
6108,valid,59781
6109,invalid,61112
6110,invalid,59782
6111,valid,61520
6112,valid,60398
6113,valid,59773
6114,invalid,59792
6115,valid,59860
6116,valid,59783
6117,valid,59774
6118,valid,59751
6119,invalid,59800
6120,valid,59779
6121,invalid,59783
6122,valid,59797
6123,invalid,59740
6124,valid,59756
6125,invalid,59796
6126,invalid,59812
6127,invalid,59752
6128,valid,59757
6129,invalid,59820
6130,invalid,59798
6131,invalid,59856
6132,invalid,61982
6133,valid,61529
6134,invalid,59799
6135,valid,60605
6136,invalid,59863
6137,invalid,59804
6138,invalid,59821
6139,valid,59555
6140,valid,60939
6141,valid,61236
6142,valid,59785
6143,invalid,59809
6144,valid,59768
6145,invalid,59790
6146,invalid,60222
6147,invalid,61472
6148,invalid,60012
6149,valid,59788
6150,valid,59810
6151,valid,60046
6152,invalid,61527
6153,invalid,60050
6154,valid,59791
6155,invalid,59776
6156,invalid,59730
6157,invalid,61119
6158,invalid,59807
6159,invalid,59798
6160,valid,59714
6161,valid,59819
6162,valid,59846
6163,valid,59763
6164,invalid,59793
6165,valid,59768
6166,valid,59790
6167,valid,59729
6168,invalid,59780
6169,invalid,59807
6170,invalid,59570
6171,valid,59641
6172,invalid,59519
6173,valid,59773
6174,invalid,60102
6175,valid,59822
6176,valid,59804
6177,valid,62170
6178,valid,60794
6179,invalid,59762
6180,invalid,60635
6181,invalid,59775
6182,invalid,59819
6183,valid,60104
6184,valid,59776
6185,invalid,59793
6186,invalid,59852
6187,valid,59788
6188,invalid,59727
6189,valid,59819
6190,invalid,60379
6191,valid,59989
6192,invalid,59791
6193,valid,60361
6194,invalid,59741
6195,invalid,59751
6196,invalid,59798
6197,invalid,59556
6198,invalid,59856
6199,invalid,59786
6200,valid,59816
6201,valid,59758
6202,valid,59764
6203,valid,60401
6204,invalid,59806
6205,invalid,59755
6206,valid,59779
6207,invalid,59777
6208,invalid,59674
6209,valid,59838
6210,valid,59763
6211,invalid,59792
6212,invalid,60982
6213,valid,59788
6214,valid,59826
6215,invalid,60144
6216,valid,59782
6217,invalid,62536
6218,invalid,59739
6219,invalid,59799
6220,invalid,59706
6221,invalid,59800
6222,valid,59745
6223,valid,59770
6224,valid,59803
6225,invalid,59810
6226,invalid,59752
6227,valid,59862
6228,invalid,59759
6229,valid,59820
6230,valid,59798
6231,invalid,59755
6232,invalid,59529
6233,invalid,59800
6234,invalid,59763
6235,valid,60384
6236,invalid,59650
6237,valid,59795
6238,valid,59803
6239,invalid,59762
6240,valid,59499
6241,invalid,59814
6242,valid,59738
6243,invalid,59735
6244,invalid,59505
6245,invalid,59748
6246,valid,59662
6247,invalid,59761
6248,invalid,59769
6249,valid,59735
6250,invalid,59748
6251,invalid,59747
6252,valid,59780
6253,invalid,63086
6254,invalid,59792
6255,invalid,60467
6256,invalid,59618
6257,invalid,59781
6258,invalid,60071
6259,invalid,59926
6260,valid,59983
6261,invalid,59812
6262,valid,59798
6263,invalid,59499
6264,invalid,60049
6265,valid,59713
6266,invalid,59859
6267,valid,60338
6268,valid,59816
6269,invalid,59782
6270,valid,59768
6271,valid,59771
6272,valid,59783
6273,invalid,59746
6274,invalid,60006
6275,invalid,59765
6276,valid,59760
6277,invalid,59752
6278,valid,59866
6279,invalid,59789
6280,valid,59798
6281,invalid,59767
6282,invalid,59861
6283,invalid,59833
6284,valid,59782
6285,valid,59808
6286,valid,59774
6287,valid,59825
6288,invalid,59794
6289,valid,59735
6290,valid,59733
6291,valid,59765
6292,valid,59763
6293,valid,59861
6294,invalid,60464
6295,invalid,59820
6296,invalid,59770
6297,valid,59758
6298,valid,59861
6299,valid,59810
6300,invalid,59776
6301,valid,59839
6302,valid,59779
6303,valid,59824
6304,valid,59753
6305,valid,59776
6306,valid,59530
6307,valid,59824
6308,valid,59813
6309,invalid,59821
6310,valid,59771
6311,invalid,60845
6312,valid,59746
6313,invalid,59765
6314,invalid,60134
6315,invalid,59805
6316,valid,59791
6317,invalid,59703
6318,invalid,59764
6319,valid,59817
6320,valid,59812
6321,valid,60878
6322,valid,59808
6323,invalid,59684
6324,invalid,59823
6325,valid,59770
6326,valid,59761
6327,valid,59781
6328,invalid,59785
6329,valid,59794
6330,invalid,59790
6331,invalid,60697
6332,valid,59749
6333,invalid,59765
6334,invalid,60079
6335,valid,59850
6336,valid,59772
6337,invalid,59767
6338,invalid,59846
6339,valid,59806
6340,invalid,59545
6341,valid,60537
6342,invalid,59811
6343,valid,59797
6344,invalid,60377
6345,valid,59813
6346,valid,59759
6347,valid,59773
6348,valid,59853
6349,invalid,59724
6350,valid,59742
6351,valid,60131
6352,invalid,59820
6353,invalid,59772
6354,invalid,59759
6355,valid,59822
6356,invalid,59790
6357,invalid,59813
6358,valid,59766
6359,invalid,59720
6360,invalid,59803
6361,invalid,61096
6362,valid,59828
6363,invalid,59744
6364,invalid,59779
6365,invalid,59817
6366,invalid,59904
6367,valid,59798
6368,invalid,59777
6369,invalid,59733
6370,valid,59782
6371,valid,60648
6372,valid,59788
6373,invalid,59818
6374,valid,59760
6375,valid,59866
6376,valid,59750
6377,invalid,59776
6378,valid,59753
6379,invalid,59842
6380,invalid,59799
6381,invalid,60637
6382,valid,59856
6383,valid,59728
6384,invalid,59783
6385,valid,59763
6386,valid,59758
6387,valid,59790
6388,valid,59830
6389,invalid,59770
6390,valid,60502
6391,invalid,60197
6392,valid,59781
6393,valid,59515
6394,invalid,59781
6395,invalid,59809
6396,invalid,59781
6397,invalid,59869
6398,invalid,59788
6399,valid,59813
6400,valid,60372
6401,invalid,60424
6402,valid,59784
6403,valid,59793
6404,valid,60178
6405,invalid,62028
6406,invalid,59797
6407,invalid,60296
6408,invalid,59760
6409,valid,59804
6410,invalid,59818
6411,invalid,59769
6412,invalid,59879
6413,invalid,63705
6414,invalid,62807
6415,invalid,60119
6416,invalid,60170
6417,valid,59815
6418,valid,59838
6419,valid,59570
6420,valid,59561
6421,invalid,59714
6422,invalid,59750
6423,invalid,59843
6424,invalid,59801
6425,valid,60190
6426,valid,59785
6427,invalid,59841
6428,valid,59800
6429,invalid,59774
6430,invalid,63658
6431,valid,63134
6432,invalid,59717
6433,invalid,59756
6434,invalid,59807
6435,invalid,59788
6436,invalid,60337
6437,valid,59814
6438,valid,59786
6439,valid,59820
6440,invalid,59801
6441,invalid,59838
6442,invalid,59795
6443,valid,60149
6444,valid,59780
6445,valid,59761
6446,invalid,59759
6447,invalid,59519
6448,invalid,59761
6449,invalid,59766
6450,valid,59821
6451,valid,59794
6452,invalid,59772
6453,valid,61108
6454,valid,59754
6455,invalid,59752
6456,invalid,59748
6457,valid,60882
6458,invalid,59881
6459,valid,59777
6460,invalid,59796
6461,invalid,59779
6462,invalid,59843
6463,invalid,59999
6464,invalid,59874
6465,invalid,59758
6466,valid,60086
6467,invalid,59802
6468,valid,59841
6469,invalid,59787
6470,valid,59824
6471,invalid,59827
6472,invalid,59807
6473,valid,60555
6474,valid,59546
6475,invalid,59812
6476,valid,59753
6477,invalid,63138
6478,valid,59733
6479,valid,60444
6480,invalid,59799
6481,valid,59819
6482,valid,59796
6483,valid,59799
6484,invalid,59790
6485,valid,59834
6486,valid,59537
6487,valid,59777
6488,invalid,59765
6489,invalid,59784
6490,invalid,59795
6491,valid,59581
6492,invalid,60069
6493,valid,59788
6494,valid,59767
6495,invalid,59759
6496,valid,60804
6497,invalid,59776
6498,invalid,59787
6499,valid,60385
6500,invalid,59826
6501,valid,59760
6502,valid,59766
6503,invalid,59754
6504,valid,59800
6505,valid,59814
6506,valid,60437
6507,valid,60159
6508,valid,59832
6509,valid,61501
6510,invalid,59827
6511,valid,59800
6512,invalid,60292
6513,valid,59557
6514,invalid,59791
6515,invalid,59758
6516,valid,59767
6517,invalid,59871
6518,valid,59796
6519,valid,60305
6520,valid,59823
6521,invalid,59788
6522,invalid,61109
6523,valid,59782
6524,valid,59594
6525,invalid,59788
6526,valid,59793
6527,invalid,59769
6528,valid,59778
6529,valid,59579
6530,valid,59741
6531,valid,59844
6532,invalid,60393
6533,invalid,59765
6534,invalid,59567
6535,valid,59826
6536,invalid,59814
6537,invalid,59806
6538,invalid,59810
6539,invalid,60375
6540,valid,59825
6541,invalid,59727
6542,valid,60462
6543,valid,59798
6544,invalid,59862
6545,invalid,59818
6546,invalid,59790
6547,invalid,59813
6548,valid,59853
6549,valid,59816
6550,invalid,59889
6551,valid,59792
6552,valid,60383
6553,invalid,59750
6554,valid,59737
6555,invalid,59706
6556,invalid,59810
6557,valid,59835
6558,invalid,59809
6559,valid,59961
6560,invalid,59784
6561,valid,59778
6562,valid,60131
6563,valid,59750
6564,invalid,59762
6565,invalid,59807
6566,invalid,59826
6567,invalid,59804
6568,valid,60182
6569,valid,59843
6570,valid,59771
6571,valid,60145
6572,invalid,59710
6573,invalid,59818
6574,invalid,59758
6575,valid,59711
6576,valid,59778
6577,valid,59773
6578,invalid,60149
6579,invalid,59821
6580,invalid,59785
6581,valid,60115
6582,valid,59796
6583,valid,59785
6584,valid,59771
6585,invalid,59763
6586,valid,59766
6587,invalid,59777
6588,valid,59855
6589,valid,59785
6590,invalid,59798
6591,valid,59776
6592,invalid,59779
6593,invalid,59799
6594,invalid,59859
6595,valid,59878
6596,invalid,59810
6597,valid,59775
6598,valid,60789
6599,valid,59887
6600,invalid,59806
6601,invalid,59842
6602,invalid,59754
6603,valid,59777
6604,invalid,59787
6605,invalid,59823
6606,invalid,59823
6607,valid,59768
6608,invalid,59765
6609,valid,59762
6610,invalid,61514
6611,valid,61120
6612,invalid,59990
6613,invalid,59840
6614,invalid,59796
6615,valid,59771
6616,valid,59801
6617,invalid,60063
6618,valid,59750
6619,valid,59758
6620,invalid,59810
6621,valid,59694
6622,valid,59576
6623,invalid,59752
6624,invalid,59803
6625,invalid,59667
6626,valid,59823
6627,invalid,59755
6628,invalid,59972
6629,valid,59730
6630,invalid,59811
6631,invalid,60365
6632,valid,59781
6633,valid,59773
6634,invalid,59784
6635,invalid,59764
6636,valid,59769
6637,valid,59738
6638,invalid,60325
6639,invalid,59798
6640,invalid,59839
6641,invalid,60104
6642,valid,59828
6643,valid,59539
6644,invalid,59817
6645,invalid,59808
6646,valid,59888
6647,invalid,59589
6648,valid,60635
6649,invalid,59765
6650,valid,59734
6651,valid,59764
6652,valid,59789
6653,valid,59766
6654,valid,59762
6655,valid,59803
6656,valid,59780
6657,invalid,60744
6658,valid,59768
6659,invalid,60146
6660,valid,59786
6661,invalid,59745
6662,invalid,60698
6663,invalid,59784
6664,invalid,59794
6665,valid,59851
6666,invalid,59820
6667,invalid,59775
6668,invalid,63246
6669,valid,60279
6670,invalid,59798
6671,valid,59747
6672,valid,59826
6673,valid,59721
6674,valid,59710
6675,valid,59644
6676,invalid,61631
6677,invalid,59739
6678,invalid,59776
6679,invalid,59762
6680,invalid,59756
6681,invalid,59761
6682,invalid,59490
6683,valid,59856
6684,invalid,59760
6685,invalid,60340
6686,valid,59794
6687,valid,59802
6688,invalid,59776
6689,invalid,59787
6690,valid,59721
6691,invalid,59643
6692,valid,60140
6693,valid,59840
6694,valid,59867
6695,invalid,60325
6696,valid,59807
6697,valid,59778
6698,invalid,59757
6699,invalid,59774
6700,valid,59773
6701,valid,59770
6702,valid,60157
6703,invalid,59836
6704,valid,59744
6705,invalid,60102
6706,invalid,60666
6707,invalid,59856
6708,valid,59822
6709,invalid,59786
6710,valid,59755
6711,invalid,59773
6712,valid,59792
6713,invalid,59690
6714,valid,59764
6715,valid,60481
6716,invalid,59863
6717,invalid,59850
6718,valid,59794
6719,invalid,59813
6720,valid,59808
6721,valid,59805
6722,invalid,60339
6723,invalid,59840
6724,invalid,60742
6725,valid,62044
6726,valid,59779
6727,invalid,59784
6728,valid,59770
6729,invalid,59830
6730,valid,60182
6731,valid,59878
6732,valid,59818
6733,valid,59707
6734,valid,59834
6735,valid,59817
6736,valid,59835
6737,invalid,59966
6738,invalid,59793
6739,invalid,60581
6740,invalid,60383
6741,valid,59779
6742,invalid,59839
6743,valid,59772
6744,valid,59718
6745,valid,59864
6746,valid,59505
6747,invalid,59983
6748,valid,59791
6749,invalid,59805
6750,valid,59575
6751,valid,59792
6752,valid,59826
6753,invalid,59786
6754,invalid,59785
6755,invalid,59786
6756,invalid,59858
6757,invalid,60596
6758,invalid,59821
6759,invalid,59763
6760,valid,60320
6761,invalid,59775
6762,valid,59650
6763,valid,59666
6764,valid,59799
6765,invalid,59783
6766,valid,59805
6767,valid,60560
6768,valid,59841
6769,invalid,59815
6770,valid,59767
6771,invalid,59740
6772,valid,59797
6773,invalid,59751
6774,invalid,59772
6775,valid,59835
6776,valid,59777
6777,valid,60839
6778,invalid,61315
6779,valid,59835
6780,valid,59901
6781,invalid,59821
6782,valid,59805
6783,valid,59838
6784,invalid,63176
6785,valid,63100
6786,invalid,59809
6787,invalid,59799
6788,invalid,59825
6789,valid,59762
6790,invalid,59790
6791,valid,59815
6792,valid,60226
6793,invalid,59746
6794,invalid,59823
6795,invalid,59731
6796,invalid,59824
6797,valid,59791
6798,valid,59752
6799,invalid,60348
6800,valid,59783
6801,valid,59815
6802,invalid,60367
6803,valid,59824
6804,valid,59861
6805,valid,59795
6806,invalid,59779
6807,invalid,59790
6808,valid,59821
6809,invalid,60096
6810,valid,59785
6811,invalid,59780
6812,invalid,59804
6813,valid,59807
6814,invalid,59839
6815,valid,59804
6816,invalid,59865
6817,valid,59783
6818,valid,60645
6819,valid,59770
6820,valid,59791
6821,valid,59794
6822,valid,59802
6823,valid,59850
6824,valid,59856
6825,valid,59807
6826,valid,59832
6827,valid,59811
6828,invalid,59804
6829,valid,60276
6830,valid,59734
6831,valid,59774
6832,valid,59792
6833,valid,59813
6834,invalid,59747
6835,invalid,59791
6836,invalid,59779
6837,invalid,59801
6838,valid,59889
6839,invalid,60837
6840,valid,59781
6841,invalid,59845
6842,valid,60420
6843,invalid,59786
6844,valid,59884
6845,invalid,59764
6846,valid,59836
6847,invalid,59818
6848,invalid,59815
6849,invalid,59944
6850,valid,59843
6851,valid,59757
6852,invalid,60147
6853,valid,59792
6854,valid,59813
6855,invalid,59768
6856,valid,59841
6857,invalid,59754
6858,valid,59850
6859,valid,60467
6860,invalid,59832
6861,invalid,60316
6862,valid,60835
6863,valid,59781
6864,invalid,59771
6865,valid,60468
6866,valid,59817
6867,invalid,59808
6868,valid,59783
6869,invalid,59823
6870,valid,59855
6871,invalid,59803
6872,valid,60451
6873,invalid,59790
6874,valid,59773
6875,invalid,60412
6876,valid,60258
6877,valid,59858
6878,valid,59810
6879,invalid,59826
6880,valid,59781
6881,valid,59605
6882,valid,59725
6883,invalid,59840
6884,valid,59793
6885,valid,59746
6886,invalid,60303
6887,valid,59768
6888,invalid,59797
6889,valid,59765
6890,valid,59879
6891,valid,59780
6892,invalid,59848
6893,invalid,59537
6894,invalid,59830
6895,valid,59772
6896,valid,59741
6897,invalid,59727
6898,invalid,59740
6899,invalid,59748
6900,invalid,59785
6901,valid,59799
6902,invalid,59840
6903,invalid,60370
6904,invalid,59779
6905,valid,59826
6906,invalid,59808
6907,valid,59786
6908,invalid,59810
6909,invalid,59776
6910,valid,59799
6911,valid,59738
6912,valid,59863
6913,valid,59797
6914,valid,59763
6915,valid,59840
6916,invalid,59802
6917,invalid,59791
6918,valid,59822
6919,invalid,59754
6920,valid,60862
6921,valid,59757
6922,invalid,59796
6923,invalid,60674
6924,valid,59771
6925,invalid,59792
6926,invalid,59804
6927,valid,59750
6928,invalid,59841
6929,invalid,59763
6930,valid,60162
6931,invalid,59735
6932,invalid,59798
6933,invalid,60099
6934,invalid,59693
6935,valid,59744
6936,invalid,59788
6937,invalid,59777
6938,valid,59841
6939,valid,59803
6940,invalid,60818
6941,valid,59812
6942,invalid,59778
6943,valid,60200
6944,valid,59800
6945,valid,59726
6946,invalid,59776
6947,invalid,59796
6948,valid,59821
6949,valid,59760
6950,invalid,60659
6951,valid,59805
6952,valid,59758
6953,valid,60411
6954,invalid,60131
6955,invalid,59700
6956,invalid,59879
6957,valid,59953
6958,invalid,60126
6959,invalid,60312
6960,valid,59783
6961,invalid,59792
6962,valid,59743
6963,invalid,59797
6964,invalid,59777
6965,invalid,59852
6966,invalid,59779
6967,invalid,59760
6968,valid,59745
6969,invalid,59750
6970,valid,60235
6971,invalid,60087
6972,invalid,59741
6973,valid,60538
6974,invalid,59813
6975,valid,59808
6976,invalid,59890
6977,valid,59741
6978,invalid,59798
6979,invalid,59836
6980,valid,59795
6981,invalid,59713
6982,invalid,59868
6983,valid,60347
6984,invalid,59788
6985,valid,59820
6986,valid,59838
6987,invalid,59771
6988,invalid,59791
6989,valid,59776
6990,valid,60332
6991,valid,59808
6992,valid,59743
6993,valid,59820
6994,invalid,59775
6995,invalid,59770
6996,valid,59740
6997,valid,59822
6998,valid,59786
6999,invalid,59761
7000,valid,61039
7001,invalid,60802
7002,invalid,60174
7003,invalid,60654
7004,invalid,59754
7005,valid,59894
7006,valid,60427
7007,invalid,59740
7008,invalid,59789
7009,valid,59726
7010,valid,59792
7011,valid,59771
7012,valid,59711
7013,valid,60509
7014,valid,59673
7015,invalid,59753
7016,invalid,59735
7017,valid,59755
7018,valid,59869
7019,invalid,59829
7020,valid,60338
7021,valid,59809
7022,valid,59807
7023,valid,60247
7024,invalid,59802
7025,invalid,59574
7026,invalid,59795
7027,invalid,59804
7028,invalid,59751
7029,valid,59775
7030,valid,60258
7031,invalid,61050
7032,invalid,60869
7033,valid,60792
7034,valid,64325
7035,invalid,63295
7036,invalid,59883
7037,valid,59937
7038,invalid,60509
7039,invalid,60063
7040,valid,59898
7041,invalid,59894
7042,invalid,59889
7043,invalid,59844
7044,invalid,59859
7045,invalid,59887
7046,valid,59809
7047,invalid,59861
7048,invalid,61222
7049,valid,59951
7050,invalid,59905
7051,valid,60410
7052,invalid,59842
7053,invalid,60031
7054,invalid,59834
7055,invalid,59595
7056,invalid,59851
7057,invalid,59824
7058,invalid,59860
7059,valid,59828
7060,invalid,59745
7061,invalid,60424
7062,invalid,59863
7063,valid,59883
7064,valid,59733
7065,valid,59910
7066,valid,59831
7067,valid,59851
7068,valid,59822
7069,valid,60924
7070,invalid,59924
7071,invalid,59890
7072,valid,60005
7073,valid,59865
7074,valid,60566
7075,valid,59845
7076,invalid,63243
7077,valid,61565
7078,valid,59901
7079,invalid,59857
7080,invalid,60270
7081,invalid,59834
7082,valid,59935
7083,valid,60619
7084,valid,59909
7085,invalid,59906
7086,valid,59996
7087,invalid,59899
7088,valid,59894
7089,invalid,59816
7090,valid,60328
7091,valid,60437
7092,valid,63753
7093,invalid,59852
7094,invalid,63320
7095,invalid,60361
7096,invalid,59960
7097,valid,59885
7098,valid,59882
7099,invalid,59865
7100,invalid,59854
7101,valid,59852
7102,invalid,59854
7103,invalid,59950
7104,invalid,59882
7105,valid,59846
7106,valid,59805
7107,invalid,59833
7108,valid,60244
7109,invalid,60731
7110,valid,59851
7111,invalid,59823
7112,invalid,59863
7113,invalid,60914
7114,invalid,59896
7115,invalid,59874
7116,valid,59880
7117,invalid,59799
7118,valid,59868
7119,invalid,59844
7120,invalid,59999
7121,valid,59938
7122,valid,59868
7123,valid,59860
7124,invalid,59874
7125,valid,59861
7126,valid,59595
7127,invalid,59820
7128,invalid,60533
7129,valid,59870
7130,valid,59855
7131,invalid,59680
7132,valid,59935
7133,invalid,59843
7134,invalid,59939
7135,invalid,59839
7136,valid,59845
7137,invalid,59845
7138,valid,60244
7139,invalid,59803
7140,valid,59893
7141,valid,59850
7142,invalid,59849
7143,valid,59845
7144,invalid,59847
7145,invalid,59839
7146,invalid,59900
7147,invalid,59927
7148,invalid,60500
7149,invalid,59922
7150,valid,60082
7151,valid,59929
7152,invalid,59857
7153,valid,59595
7154,invalid,59862
7155,invalid,59593
7156,valid,59813
7157,invalid,59906
7158,valid,61090
7159,valid,59623
7160,invalid,59904
7161,valid,59872
7162,invalid,59830
7163,valid,60359
7164,valid,60094
7165,valid,59912
7166,valid,60183
7167,valid,59861
7168,invalid,59917
7169,invalid,59869
7170,invalid,59936
7171,invalid,60841
7172,valid,59848
7173,invalid,59893
7174,valid,63916
7175,invalid,59862
7176,invalid,59801
7177,invalid,59864
7178,invalid,59893
7179,valid,59905
7180,valid,60256
7181,invalid,59886
7182,invalid,60270
7183,valid,60504
7184,valid,59852
7185,valid,59935
7186,invalid,59862
7187,invalid,59903
7188,valid,60323
7189,invalid,59838
7190,valid,59844
7191,invalid,59831
7192,invalid,59869
7193,invalid,59871
7194,invalid,59923
7195,invalid,59908
7196,valid,59918
7197,invalid,61104
7198,valid,59893
7199,invalid,59876
7200,invalid,59645
7201,invalid,60360
7202,invalid,59888
7203,valid,59831
7204,invalid,59893
7205,valid,59868
7206,valid,59918
7207,valid,59821
7208,valid,59906
7209,invalid,59885
7210,valid,59870
7211,valid,59924
7212,valid,59644
7213,invalid,59915
7214,valid,59888
7215,valid,59879
7216,invalid,59847
7217,valid,59870
7218,invalid,59891
7219,valid,59860
7220,valid,59920
7221,invalid,59882
7222,valid,59872
7223,valid,59911
7224,invalid,59912
7225,invalid,63011
7226,valid,63992
7227,valid,60239
7228,invalid,60211
7229,valid,60291
7230,invalid,59831
7231,invalid,59828
7232,valid,59861
7233,valid,59936
7234,invalid,59863
7235,invalid,59868
7236,invalid,60442
7237,invalid,59912
7238,invalid,59908
7239,invalid,59864
7240,valid,59872
7241,invalid,59897
7242,invalid,59888
7243,valid,59870
7244,invalid,59942
7245,valid,59893
7246,valid,59921
7247,valid,59833
7248,invalid,59874
7249,invalid,60857
7250,invalid,59842
7251,invalid,59830
7252,invalid,60889
7253,invalid,59909
7254,valid,59964
7255,invalid,59845
7256,invalid,59880
7257,valid,59918
7258,invalid,59938
7259,valid,59890
7260,invalid,59892
7261,invalid,59855
7262,valid,60559
7263,invalid,59900
7264,invalid,62277
7265,invalid,59797
7266,valid,59875
7267,valid,59883
7268,valid,59935
7269,valid,59800
7270,invalid,59878
7271,invalid,59894
7272,valid,59856
7273,invalid,59882
7274,invalid,59931
7275,invalid,60816
7276,valid,59848
7277,valid,59882
7278,invalid,59865
7279,invalid,59858
7280,valid,59931
7281,valid,60148
7282,invalid,59798
7283,valid,59838
7284,invalid,59824
7285,invalid,59857
7286,valid,59864
7287,valid,59904
7288,valid,59888
7289,valid,59819
7290,valid,60103
7291,valid,61177
7292,valid,59888
7293,invalid,59937
7294,valid,59858
7295,valid,59831
7296,valid,59863
7297,invalid,59890
7298,valid,59864
7299,valid,59894
7300,invalid,59908
7301,invalid,59881
7302,valid,59848
7303,valid,59887
7304,valid,61231
7305,valid,59899
7306,invalid,59826
7307,invalid,59925
7308,valid,59826
7309,invalid,59849
7310,invalid,59903
7311,invalid,59820
7312,valid,59901
7313,valid,59923
7314,valid,59880
7315,invalid,59961
7316,invalid,60887
7317,invalid,60148
7318,valid,59812
7319,valid,59878
7320,valid,60522
7321,valid,59877
7322,invalid,59963
7323,invalid,59865
7324,invalid,59714
7325,invalid,59890
7326,invalid,59889
7327,invalid,59898
7328,invalid,59935
7329,invalid,59937
7330,invalid,60806
7331,valid,59893
7332,valid,59885
7333,invalid,59716
7334,valid,59876
7335,invalid,59872
7336,valid,60452
7337,invalid,62773
7338,valid,61077
7339,valid,60273
7340,valid,60396
7341,invalid,59883
7342,invalid,59839
7343,invalid,61251
7344,invalid,59882
7345,valid,59854
7346,invalid,60167
7347,valid,59855
7348,valid,59736
7349,invalid,59888
7350,valid,59859
7351,valid,59847
7352,invalid,59857
7353,invalid,59581
7354,valid,59866
7355,valid,59855
7356,valid,59823
7357,invalid,59830
7358,valid,59879
7359,valid,59888
7360,valid,59919
7361,invalid,59863
7362,invalid,59843
7363,invalid,61126
7364,invalid,59875
7365,valid,63255
7366,valid,62913
7367,invalid,60463
7368,invalid,60373
7369,invalid,59842
7370,invalid,59862
7371,invalid,59866
7372,valid,59851
7373,invalid,59922
7374,invalid,59865
7375,valid,59979
7376,valid,59824
7377,valid,59875
7378,invalid,59872
7379,invalid,59815
7380,invalid,59899
7381,valid,59853
7382,invalid,59861
7383,invalid,59833
7384,valid,59874
7385,valid,60310
7386,valid,59948
7387,invalid,59883
7388,invalid,60486
7389,valid,59867
7390,invalid,59845
7391,valid,59881
7392,invalid,59918
7393,valid,59831
7394,valid,59852
7395,invalid,59876
7396,invalid,59834
7397,invalid,59924
7398,valid,60293
7399,invalid,59867
7400,invalid,59867
7401,invalid,59861
7402,invalid,59815
7403,invalid,59832
7404,valid,59838
7405,invalid,59850
7406,invalid,59888
7407,invalid,59860
7408,invalid,59804
7409,valid,59864
7410,valid,59820
7411,invalid,59864
7412,valid,59881
7413,invalid,59843
7414,valid,59846
7415,valid,59967
7416,invalid,59852
7417,valid,59857
7418,invalid,60616
7419,valid,59918
7420,valid,59689
7421,valid,60427
7422,invalid,59841
7423,invalid,60219
7424,valid,59846
7425,invalid,59824
7426,valid,59821
7427,invalid,59900
7428,invalid,60854
7429,invalid,59896
7430,invalid,59979
7431,valid,60173
7432,invalid,59862
7433,valid,59878
7434,invalid,59884
7435,valid,59907
7436,valid,59885
7437,invalid,59943
7438,valid,59832
7439,invalid,59907
7440,invalid,59855
7441,invalid,59854
7442,invalid,59871
7443,invalid,59845
7444,valid,59871
7445,valid,59837
7446,invalid,59896
7447,valid,59835
7448,invalid,59841
7449,invalid,59903
7450,invalid,59863
7451,valid,59839
7452,invalid,59844
7453,valid,59812
7454,valid,59826
7455,valid,59900
7456,invalid,59865
7457,invalid,59859
7458,invalid,59844
7459,invalid,59949
7460,valid,59820
7461,invalid,60492
7462,valid,59756
7463,valid,59825
7464,valid,59858
7465,valid,59866
7466,valid,59848
7467,invalid,59900
7468,invalid,59829
7469,valid,59949
7470,valid,59884
7471,valid,59883
7472,valid,59807
7473,valid,59849
7474,valid,59845
7475,valid,59804
7476,invalid,59832
7477,invalid,59903
7478,valid,60131
7479,valid,59842
7480,valid,59667
7481,invalid,60429
7482,invalid,59906
7483,valid,62558
7484,valid,60749
7485,valid,59811
7486,invalid,59834
7487,invalid,59860
7488,valid,59907
7489,invalid,59852
7490,invalid,60466
7491,valid,59929
7492,valid,60230
7493,valid,59879
7494,valid,60244
7495,invalid,59824
7496,valid,59913
7497,valid,59929
7498,invalid,59866
7499,invalid,60440
7500,valid,61158
7501,invalid,59909
7502,invalid,60447
7503,invalid,59864
7504,valid,59896
7505,valid,59904
7506,invalid,59632
7507,valid,61013
7508,invalid,60413
7509,valid,59848
7510,valid,59948
7511,invalid,59855
7512,valid,59918
7513,invalid,59916
7514,invalid,59906
7515,invalid,60173
7516,invalid,59861
7517,valid,59632
7518,valid,59585
7519,invalid,59888
7520,invalid,59854
7521,invalid,59938
7522,valid,59870
7523,valid,59829
7524,valid,59906
7525,invalid,59871
7526,invalid,59821
7527,valid,59892
7528,valid,59875
7529,valid,59853
7530,invalid,59875
7531,valid,59823
7532,invalid,61589
7533,valid,60139
7534,valid,59959
7535,valid,59912
7536,valid,59869
7537,invalid,59652
7538,valid,60238
7539,valid,61352
7540,valid,59867
7541,valid,60828
7542,valid,60222
7543,invalid,60162
7544,invalid,60859
7545,valid,59686
7546,invalid,59840
7547,valid,59858
7548,valid,59889
7549,valid,59852
7550,invalid,59884
7551,invalid,59882
7552,invalid,59886
7553,invalid,59881
7554,invalid,60908
7555,invalid,59847
7556,invalid,59839
7557,valid,60184
7558,invalid,59863
7559,invalid,59850
7560,invalid,59853
7561,invalid,59843
7562,valid,59836
7563,valid,59827
7564,valid,59876
7565,valid,59928
7566,invalid,59888
7567,valid,61018
7568,valid,59891
7569,valid,59861
7570,invalid,61047
7571,valid,59854
7572,invalid,59899
7573,invalid,60476
7574,valid,60739
7575,valid,59958
7576,invalid,59928
7577,invalid,59942
7578,invalid,59958
7579,invalid,59831
7580,invalid,59863
7581,valid,59845
7582,valid,59809
7583,valid,60155
7584,invalid,59844
7585,invalid,59851
7586,invalid,59831
7587,invalid,59606
7588,valid,59847
7589,invalid,59812
7590,invalid,59928
7591,invalid,60096
7592,valid,59866
7593,valid,59958
7594,valid,59929
7595,invalid,59868
7596,valid,59855
7597,invalid,60091
7598,valid,59801
7599,invalid,59843
7600,valid,59905
7601,invalid,59860
7602,valid,59854
7603,valid,59835
7604,valid,59901
7605,valid,59821
7606,valid,59869
7607,invalid,59869
7608,valid,59904
7609,valid,59893
7610,valid,59923
7611,valid,59916
7612,invalid,59882
7613,valid,59858
7614,invalid,59871
7615,invalid,59848
7616,valid,60457
7617,invalid,59824
7618,invalid,59877
7619,valid,59902
7620,invalid,59911
7621,invalid,59843
7622,valid,59878
7623,valid,59864
7624,invalid,59822
7625,valid,59883
7626,valid,61176
7627,invalid,59894
7628,valid,59879
7629,valid,59854
7630,valid,59834
7631,invalid,59918
7632,invalid,59829
7633,valid,60576
7634,valid,59874
7635,invalid,59829
7636,valid,61240
7637,valid,59837
7638,valid,59677
7639,invalid,60044
7640,valid,59850
7641,invalid,59855
7642,valid,60238
7643,valid,59857
7644,invalid,60504
7645,valid,59976
7646,invalid,59835
7647,valid,60360
7648,invalid,59660
7649,invalid,59857
7650,valid,60235
7651,invalid,59887
7652,invalid,59899
7653,valid,59891
7654,invalid,59807
7655,invalid,59828
7656,valid,59858
7657,valid,60092
7658,invalid,59913
7659,invalid,59960
7660,valid,59857
7661,valid,59895
7662,valid,59868
7663,invalid,59916
7664,valid,59624
7665,invalid,59845
7666,valid,59879
7667,invalid,60032
7668,valid,59923
7669,valid,59871
7670,valid,60367
7671,valid,59898
7672,invalid,59916
7673,valid,59968
7674,invalid,59864
7675,valid,59832
7676,valid,59903
7677,invalid,59879
7678,invalid,59887
7679,valid,59936
7680,valid,61026
7681,valid,59661
7682,valid,59861
7683,valid,59913
7684,invalid,59914
7685,invalid,59820
7686,valid,59864
7687,invalid,59912
7688,valid,59926
7689,invalid,59856
7690,invalid,59874
7691,invalid,59882
7692,valid,59892
7693,invalid,60302
7694,invalid,60255
7695,valid,63186
7696,invalid,60361
7697,valid,59910
7698,valid,59835
7699,valid,60463
7700,invalid,59812
7701,invalid,59884
7702,invalid,59886
7703,invalid,59846
7704,invalid,59860
7705,invalid,59949
7706,valid,60038
7707,valid,59897
7708,invalid,59876
7709,valid,60498
7710,valid,59877
7711,valid,59826
7712,invalid,60420
7713,valid,59894
7714,invalid,59848
7715,invalid,59858
7716,invalid,59838
7717,valid,59851
7718,valid,59839
7719,invalid,59864
7720,valid,59864
7721,valid,59675
7722,invalid,61451
7723,invalid,59931
7724,invalid,59912
7725,valid,60442
7726,invalid,59880
7727,valid,59841
7728,valid,59848
7729,invalid,59692
7730,valid,59883
7731,invalid,59884
7732,valid,59879
7733,invalid,59902
7734,invalid,59803
7735,invalid,59896
7736,invalid,59872
7737,invalid,59823
7738,invalid,59857
7739,valid,60029
7740,invalid,59808
7741,valid,59875
7742,valid,59874
7743,invalid,59888
7744,valid,59905
7745,valid,59891
7746,invalid,59862
7747,valid,59865
7748,valid,59903
7749,invalid,59831
7750,invalid,59907
7751,valid,59852
7752,valid,60051
7753,invalid,60933
7754,invalid,59944
7755,invalid,60158
7756,invalid,59862
7757,valid,59915
7758,valid,60273
7759,valid,59905
7760,invalid,59845
7761,invalid,59951
7762,valid,59869
7763,valid,59886
7764,invalid,59896
7765,invalid,60174
7766,valid,59864
7767,invalid,60563
7768,valid,60963
7769,valid,60043
7770,valid,60013
7771,valid,61669
7772,valid,60109
7773,invalid,63189
7774,invalid,60010
7775,invalid,59898
7776,invalid,59903
7777,invalid,59640
7778,valid,59872
7779,valid,59949
7780,valid,60402
7781,valid,59840
7782,valid,59853
7783,invalid,59839
7784,invalid,59799
7785,valid,59914
7786,valid,59829
7787,invalid,59877
7788,invalid,59846
7789,invalid,59846
7790,invalid,60412
7791,valid,59907
7792,invalid,60047
7793,valid,59861
7794,invalid,59873
7795,valid,60382
7796,valid,59963
7797,invalid,60029
7798,valid,60085
7799,invalid,59971
7800,invalid,59908
7801,invalid,59859
7802,valid,59895
7803,valid,59872
7804,invalid,59890
7805,invalid,59877
7806,invalid,59874
7807,valid,59703
7808,valid,59940
7809,valid,59861
7810,valid,59843
7811,valid,59780
7812,invalid,59840
7813,valid,59884
7814,invalid,60239
7815,invalid,59910
7816,invalid,60746
7817,invalid,60170
7818,invalid,59973
7819,invalid,59921
7820,invalid,59886
7821,valid,59904
7822,valid,59881
7823,invalid,59865
7824,invalid,59873
7825,valid,59898
7826,invalid,59877
7827,valid,60470
7828,valid,59846
7829,invalid,59851
7830,valid,59913
7831,invalid,59831
7832,valid,59867
7833,valid,59912
7834,valid,59897
7835,valid,59874
7836,valid,59872
7837,valid,61118
7838,invalid,59855
7839,invalid,59926
7840,invalid,59902
7841,valid,59915
7842,valid,59827
7843,valid,59873
7844,valid,59864
7845,invalid,59878
7846,invalid,59858
7847,invalid,59870
7848,invalid,59877
7849,invalid,59856
7850,invalid,59832
7851,invalid,59860
7852,valid,59845
7853,valid,59853
7854,valid,59899
7855,valid,59874
7856,valid,59875
7857,invalid,59929
7858,valid,59849
7859,valid,59873
7860,valid,60255
7861,valid,59848
7862,invalid,59899
7863,valid,59901
7864,invalid,59916
7865,valid,59884
7866,invalid,59864
7867,valid,59820
7868,invalid,59941
7869,invalid,59895
7870,invalid,59885
7871,invalid,59848
7872,invalid,59929
7873,valid,59892
7874,valid,59857
7875,invalid,59870
7876,invalid,59834
7877,valid,59883
7878,valid,59970
7879,invalid,59886
7880,valid,60166
7881,invalid,59861
7882,valid,59865
7883,valid,59835
7884,valid,59863
7885,valid,59891
7886,valid,59863
7887,invalid,59975
7888,valid,59909
7889,invalid,59887
7890,invalid,60104
7891,invalid,59804
7892,invalid,59825
7893,valid,61999
7894,invalid,59942
7895,invalid,59923
7896,invalid,59872
7897,valid,63149
7898,invalid,62616
7899,valid,63246
7900,invalid,59984
7901,valid,59921
7902,valid,59818
7903,invalid,59864
7904,invalid,59892
7905,invalid,59928
7906,invalid,59814
7907,invalid,59841
7908,invalid,60437
7909,valid,59811
7910,invalid,59851
7911,invalid,59858
7912,valid,59874
7913,valid,59876
7914,valid,60414
7915,valid,59876
7916,invalid,59862
7917,valid,59941
7918,invalid,60734
7919,valid,59896
7920,invalid,59878
7921,invalid,60356
7922,valid,59893
7923,invalid,59835
7924,invalid,59845
7925,invalid,59942
7926,valid,60215
7927,invalid,60165
7928,valid,59870
7929,invalid,59904
7930,valid,59849
7931,valid,60958
7932,invalid,59845
7933,valid,59969
7934,invalid,60376
7935,invalid,59914
7936,valid,59878
7937,invalid,59840
7938,valid,59859
7939,valid,59898
7940,invalid,59907
7941,valid,59902
7942,valid,59920
7943,invalid,59920
7944,invalid,60483
7945,valid,59868
7946,valid,59920
7947,valid,59914
7948,invalid,59934
7949,invalid,59885
7950,valid,59850
7951,valid,60163
7952,valid,60188
7953,invalid,59818
7954,valid,59850
7955,invalid,59878
7956,invalid,61010
7957,invalid,59851
7958,invalid,59899
7959,invalid,59959
7960,invalid,59896
7961,invalid,59869
7962,valid,59829
7963,invalid,59835
7964,valid,59892
7965,invalid,59868
7966,invalid,59966
7967,invalid,59863
7968,valid,59900
7969,valid,60499
7970,valid,59893
7971,invalid,59858
7972,invalid,59890
7973,invalid,59879
7974,invalid,59842
7975,invalid,59901
7976,valid,59902
7977,invalid,59818
7978,valid,59973
7979,invalid,61047
7980,invalid,59808
7981,valid,59834
7982,invalid,60428
7983,valid,59893
7984,valid,59850
7985,invalid,59853
7986,invalid,59860
7987,valid,59872
7988,valid,59890
7989,valid,59759
7990,invalid,59901
7991,valid,59894
7992,valid,60164
7993,invalid,60119
7994,invalid,59888
7995,invalid,60128
7996,valid,59767
7997,invalid,59845
7998,valid,60477
7999,valid,59911
8000,invalid,59875
8001,valid,59837
8002,valid,60079
8003,valid,59847
8004,invalid,59845
8005,valid,60212
8006,invalid,59846
8007,invalid,59758
8008,valid,59826
8009,invalid,59644
8010,valid,59845
8011,invalid,59848
8012,invalid,59870
8013,invalid,59827
8014,valid,59911
8015,valid,60469
8016,valid,59952
8017,valid,59857
8018,valid,59857
8019,valid,59866
8020,invalid,59836
8021,valid,59838
8022,valid,60449
8023,invalid,59887
8024,valid,59867
8025,invalid,59854
8026,invalid,59915
8027,valid,60192
8028,invalid,59855
8029,invalid,59638
8030,valid,59846
8031,valid,59904
8032,valid,59675
8033,invalid,59890
8034,invalid,59849
8035,valid,63172
8036,invalid,63796
8037,invalid,59857
8038,valid,59883
8039,valid,60263
8040,valid,59803
8041,invalid,59873
8042,invalid,59853
8043,invalid,59840
8044,valid,59884
8045,valid,59952
8046,invalid,60045
8047,valid,59778
8048,valid,59892
8049,valid,60463
8050,invalid,59849
8051,valid,59605
8052,invalid,59835
8053,invalid,59844
8054,valid,59813
8055,valid,59825
8056,valid,60027
8057,invalid,59866
8058,invalid,59881
8059,invalid,60212
8060,invalid,59883
8061,valid,60693
8062,invalid,60398
8063,valid,59927
8064,invalid,59671
8065,invalid,59897
8066,valid,59831
8067,invalid,59892
8068,invalid,59843
8069,valid,60169
8070,invalid,59880
8071,invalid,59889
8072,valid,59788
8073,valid,59884
8074,valid,60245
8075,invalid,60299
8076,invalid,60213
8077,valid,59824
8078,valid,59810
8079,valid,59850
8080,valid,59831
8081,invalid,59953
8082,invalid,60783
8083,invalid,59884
8084,invalid,59863
8085,invalid,59903
8086,invalid,59843
8087,valid,59885
8088,invalid,59802
8089,invalid,59901
8090,valid,59874
8091,invalid,59880
8092,valid,60152
8093,valid,59905
8094,valid,59883
8095,invalid,59885
8096,valid,59848
8097,valid,59831
8098,invalid,59854
8099,valid,59883
8100,invalid,59584
8101,invalid,59891
8102,valid,59832
8103,invalid,59864
8104,valid,59840
8105,valid,60084
8106,invalid,60047
8107,invalid,59873
8108,valid,59924
8109,invalid,59848
8110,valid,59870
8111,valid,59882
8112,invalid,63210
8113,valid,63710
8114,valid,59812
8115,invalid,59895
8116,valid,60176
8117,valid,59860
8118,invalid,59932
8119,valid,59792
8120,valid,59765
8121,valid,59842
8122,valid,59930
8123,invalid,60225
8124,valid,59824
8125,valid,59898
8126,invalid,60378
8127,valid,59866
8128,invalid,59936
8129,invalid,59878
8130,invalid,59873
8131,valid,61042
8132,invalid,59844
8133,invalid,59892
8134,invalid,59846
8135,invalid,59808
8136,invalid,60233
8137,invalid,59817
8138,valid,59898
8139,valid,60436
8140,invalid,59857
8141,invalid,59922
8142,valid,59724
8143,invalid,59848
8144,valid,59853
8145,invalid,59901
8146,valid,59896
8147,invalid,59889
8148,invalid,59980
8149,invalid,59833
8150,valid,59807
8151,invalid,59841
8152,invalid,59819
8153,valid,59859
8154,valid,59860
8155,invalid,59916
8156,valid,60069
8157,valid,59766
8158,valid,63162
8159,valid,60427
8160,invalid,59864
8161,valid,59834
8162,invalid,59895
8163,invalid,60368
8164,invalid,59929
8165,invalid,62473
8166,invalid,59857
8167,valid,59898
8168,valid,60461
8169,invalid,59849
8170,invalid,59869
8171,valid,60903
8172,invalid,60286
8173,invalid,59893
8174,valid,59939
8175,invalid,59829
8176,invalid,59937
8177,valid,60754
8178,valid,62594
8179,valid,60654
8180,invalid,60139
8181,valid,59845
8182,valid,59598
8183,valid,60907
8184,valid,59905
8185,valid,59809
8186,invalid,59870
8187,valid,59835
8188,invalid,63224
8189,invalid,59865
8190,valid,59929
8191,invalid,59902
8192,invalid,59843
8193,valid,59889
8194,valid,59850
8195,valid,59828
8196,invalid,60162
8197,invalid,59826
8198,invalid,59899
8199,invalid,59863
8200,valid,59939
8201,invalid,59815
8202,valid,59854
8203,invalid,59876
8204,invalid,59881
8205,valid,59840
8206,invalid,60466
8207,invalid,60464
8208,valid,59907
8209,valid,60681
8210,invalid,60465
8211,invalid,60220
8212,invalid,60770
8213,invalid,59946
8214,valid,59906
8215,invalid,59844
8216,valid,59863
8217,invalid,59841
8218,invalid,59838
8219,valid,59967
8220,valid,59912
8221,valid,59836
8222,invalid,60171
8223,invalid,59846
8224,invalid,59874
8225,invalid,59835
8226,valid,59845
8227,valid,59903
8228,invalid,59890
8229,invalid,59942
8230,invalid,59854
8231,invalid,59908
8232,invalid,60653
8233,invalid,59852
8234,invalid,59838
8235,valid,59846
8236,invalid,59917
8237,valid,59760
8238,valid,59842
8239,valid,59820
8240,invalid,59601
8241,valid,59872
8242,invalid,59858
8243,invalid,59879
8244,valid,59886
8245,valid,59878
8246,valid,59879
8247,valid,59821
8248,invalid,59590
8249,invalid,60832
8250,valid,59834
8251,valid,59857
8252,valid,59882
8253,valid,59810
8254,invalid,59741
8255,valid,59802
8256,invalid,60759
8257,invalid,59886
8258,valid,59860
8259,valid,60634
8260,valid,63313
8261,valid,60226
8262,valid,61042
8263,valid,59873
8264,invalid,59804
8265,valid,60535
8266,valid,59851
8267,valid,59844
8268,valid,59590
8269,valid,59908
8270,valid,59874
8271,invalid,59898
8272,valid,59846
8273,invalid,59873
8274,valid,59838
8275,invalid,60386
8276,invalid,59859
8277,invalid,59879
8278,invalid,59906
8279,invalid,59830
8280,valid,59917
8281,invalid,59872
8282,invalid,59823
8283,valid,59897
8284,valid,59887
8285,invalid,61272
8286,invalid,59826
8287,invalid,59861
8288,valid,60489
8289,invalid,59675
8290,valid,59923
8291,invalid,59856
8292,invalid,59828
8293,invalid,61118
8294,invalid,59752
8295,valid,59924
8296,valid,59856
8297,invalid,59848
8298,valid,60327
8299,valid,59887
8300,valid,59935
8301,invalid,59879
8302,invalid,59624
8303,invalid,59862
8304,valid,60512
8305,valid,59916
8306,invalid,59842
8307,invalid,59848
8308,invalid,59851
8309,valid,59838
8310,valid,59967
8311,valid,61230
8312,valid,59859
8313,valid,59870
8314,valid,59834
8315,valid,59868
8316,invalid,59797
8317,invalid,59860
8318,invalid,62548
8319,invalid,63159
8320,invalid,59966
8321,invalid,60961
8322,valid,59843
8323,invalid,59933
8324,invalid,59864
8325,valid,59858
8326,valid,59792
8327,invalid,59846
8328,valid,59832
8329,valid,60191
8330,invalid,59935
8331,valid,60270
8332,valid,59850
8333,invalid,59883
8334,valid,59842
8335,valid,59832
8336,valid,59873
8337,valid,59902
8338,invalid,59816
8339,invalid,59790
8340,valid,59937
8341,valid,60022
8342,invalid,59832
8343,valid,59794
8344,valid,59862
8345,valid,59944
8346,valid,60018
8347,valid,59839
8348,invalid,59848
8349,invalid,59667
8350,valid,59751
8351,valid,59939
8352,invalid,59827
8353,valid,59825
8354,valid,59889
8355,invalid,59868
8356,valid,60117
8357,valid,59902
8358,valid,59877
8359,invalid,61002
8360,invalid,59598
8361,invalid,59826
8362,valid,59819
8363,valid,59817
8364,valid,59899
8365,invalid,59869
8366,invalid,61037
8367,valid,59861
8368,valid,59788
8369,invalid,60190
8370,invalid,59823
8371,valid,59880
8372,valid,59836
8373,valid,59848
8374,invalid,59831
8375,invalid,59610
8376,invalid,59973
8377,valid,59856
8378,valid,63250
8379,invalid,59952
8380,invalid,59849
8381,valid,59946
8382,invalid,62907
8383,invalid,60251
8384,valid,63718
8385,invalid,60190
8386,valid,59861
8387,valid,60246
8388,invalid,59831
8389,invalid,59874
8390,valid,59839
8391,invalid,59890
8392,invalid,59996
8393,valid,59871
8394,valid,59781
8395,valid,59815
8396,valid,59876
8397,valid,59813
8398,invalid,59831
8399,valid,59862
8400,invalid,59904
8401,valid,59856
8402,invalid,59809
8403,invalid,59879
8404,valid,60284
8405,valid,59865
8406,invalid,59846
8407,valid,60160
8408,invalid,59801
8409,invalid,59921
8410,valid,59876
8411,invalid,59786
8412,valid,59864
8413,invalid,61405
8414,valid,59890
8415,invalid,59875
8416,invalid,60600
8417,valid,59850
8418,valid,60541
8419,valid,59882
8420,invalid,59670
8421,valid,59926
8422,valid,59807
8423,valid,59865
8424,valid,59867
8425,invalid,59661
8426,valid,59901
8427,valid,59930
8428,invalid,59843
8429,invalid,60549
8430,invalid,59861
8431,invalid,59900
8432,valid,59623
8433,invalid,59985
8434,invalid,59838
8435,invalid,59855
8436,invalid,59884
8437,invalid,59657
8438,valid,59807
8439,valid,60166
8440,valid,59893
8441,valid,59905
8442,invalid,59885
8443,valid,59835
8444,valid,59858
8445,invalid,59972
8446,invalid,59871
8447,invalid,59862
8448,valid,59944
8449,valid,60435
8450,valid,59882
8451,invalid,59861
8452,valid,59879
8453,valid,59818
8454,invalid,62544
8455,valid,63821
8456,valid,59956
8457,valid,59889
8458,valid,59872
8459,invalid,59824
8460,invalid,59871
8461,invalid,60472
8462,invalid,59890
8463,invalid,59875
8464,invalid,59886
8465,invalid,59845
8466,invalid,59814
8467,valid,59926
8468,valid,59630
8469,valid,59837
8470,valid,59802
8471,valid,60200
8472,invalid,59889
8473,valid,59689
8474,invalid,59847
8475,invalid,59962
8476,valid,59879
8477,valid,60820
8478,invalid,59862
8479,invalid,60314
8480,valid,59878
8481,invalid,59838
8482,invalid,59830
8483,valid,59937
8484,invalid,60456
8485,invalid,59912
8486,invalid,59856
8487,valid,59912
8488,valid,59681
8489,valid,59868
8490,valid,59864
8491,invalid,59893
8492,valid,60175
8493,valid,59837
8494,valid,59812
8495,valid,59889
8496,valid,59769
8497,invalid,60080
8498,invalid,59886
8499,valid,59873
8500,valid,59583
8501,invalid,60505
8502,invalid,61162
8503,valid,63164
8504,invalid,63509
8505,invalid,59836
8506,invalid,59822
8507,invalid,63724
8508,valid,59850
8509,invalid,59876
8510,invalid,60699
8511,invalid,59825
8512,invalid,59824
8513,invalid,60510
8514,invalid,59919
8515,invalid,59999
8516,valid,59837
8517,invalid,59861
8518,valid,59833
8519,invalid,59882
8520,invalid,59913
8521,valid,59886
8522,invalid,59866
8523,valid,60457
8524,invalid,59898
8525,valid,59924
8526,invalid,59818
8527,invalid,59869
8528,valid,59625
8529,valid,59859
8530,invalid,59594
8531,valid,59950
8532,invalid,59862
8533,valid,63831
8534,valid,61048
8535,valid,60250
8536,invalid,59889
8537,invalid,59763
8538,invalid,59828
8539,valid,59898
8540,invalid,59854
8541,valid,59811
8542,valid,60405
8543,invalid,59907
8544,invalid,59849
8545,valid,59928
8546,valid,59842
8547,invalid,60549
8548,valid,59868
8549,invalid,59830
8550,invalid,59562
8551,valid,59574
8552,valid,60584
8553,valid,59927
8554,invalid,59816
8555,invalid,59808
8556,invalid,59782
8557,valid,59895
8558,invalid,59821
8559,invalid,59905
8560,invalid,59829
8561,valid,59875
8562,invalid,60439
8563,invalid,59874
8564,valid,59809
8565,invalid,59812
8566,invalid,63591
8567,invalid,60038
8568,valid,59906
8569,invalid,59924
8570,valid,60503
8571,valid,59905
8572,valid,61876
8573,invalid,60456
8574,invalid,59887
8575,invalid,59817
8576,valid,59883
8577,invalid,59971
8578,invalid,59868
8579,invalid,59857
8580,invalid,59947
8581,valid,59814
8582,valid,59881
8583,valid,59821
8584,invalid,59841
8585,invalid,59837
8586,invalid,59850
8587,valid,59868
8588,valid,59899
8589,invalid,59890
8590,invalid,59987
8591,invalid,59861
8592,invalid,59831
8593,invalid,61163
8594,invalid,59952
8595,valid,59847
8596,valid,60412
8597,valid,59896
8598,invalid,59877
8599,invalid,60954
8600,valid,59841
8601,invalid,59811
8602,valid,59850
8603,invalid,59898
8604,valid,59827
8605,valid,59851
8606,invalid,59791
8607,valid,59892
8608,valid,60211
8609,invalid,60858
8610,invalid,59890
8611,valid,59841
8612,valid,59858
8613,valid,59843
8614,valid,59843
8615,invalid,60416
8616,valid,59835
8617,invalid,59855
8618,valid,59914
8619,valid,60524
8620,valid,59853
8621,invalid,59827
8622,invalid,61567
8623,valid,60356
8624,invalid,59864
8625,invalid,60541
8626,valid,59874
8627,valid,59816
8628,valid,59865
8629,invalid,61577
8630,valid,59867
8631,invalid,62143
8632,valid,61599
8633,valid,59759
8634,valid,61112
8635,valid,59845
8636,valid,59853
8637,invalid,59852
8638,valid,59877
8639,valid,59832
8640,valid,59853
8641,valid,59828
8642,valid,59868
8643,invalid,59822
8644,valid,60206
8645,invalid,59831
8646,valid,59884
8647,valid,59871
8648,invalid,59809
8649,invalid,59840
8650,invalid,59954
8651,valid,59814
8652,valid,59884
8653,valid,59839
8654,invalid,60131
8655,invalid,59814
8656,valid,59910
8657,invalid,59883
8658,invalid,60090
8659,valid,60006
8660,invalid,59833
8661,invalid,59847
8662,invalid,59865
8663,valid,59862
8664,valid,59936
8665,invalid,59666
8666,valid,60372
8667,valid,60848
8668,invalid,59978
8669,valid,59888
8670,valid,61787
8671,valid,59819
8672,invalid,59920
8673,valid,60653
8674,valid,61156
8675,invalid,60991
8676,valid,61284
8677,valid,59865
8678,invalid,59890
8679,valid,60114
8680,valid,61609
8681,valid,59847
8682,invalid,59880
8683,valid,61578
8684,invalid,59905
8685,invalid,60487
8686,invalid,59916
8687,invalid,59529
8688,valid,59928
8689,valid,59807
8690,invalid,59848
8691,invalid,59936
8692,invalid,59535
8693,valid,59858
8694,invalid,59845
8695,invalid,60157
8696,invalid,59947
8697,valid,59888
8698,valid,59921
8699,invalid,59849
8700,invalid,59919
8701,valid,59830
8702,invalid,59839
8703,invalid,59896
8704,valid,60979
8705,invalid,60386
8706,invalid,59876
8707,valid,60528
8708,invalid,60207
8709,invalid,60285
8710,valid,60681
8711,valid,59862
8712,invalid,59922
8713,invalid,59887
8714,valid,59862
8715,valid,59844
8716,invalid,59867
8717,valid,59896
8718,valid,59848
8719,invalid,59870
8720,invalid,60574
8721,valid,59942
8722,valid,60552
8723,valid,62974
8724,invalid,63773
8725,valid,60197
8726,valid,63114
8727,valid,60023
8728,invalid,59824
8729,invalid,59855
8730,invalid,60745
8731,invalid,59866
8732,invalid,60433
8733,valid,60542
8734,valid,60261
8735,invalid,59903
8736,invalid,60581
8737,invalid,59874
8738,invalid,59859
8739,invalid,59872
8740,invalid,59787
8741,invalid,59864
8742,invalid,59787
8743,invalid,59864
8744,invalid,59847
8745,invalid,61484
8746,invalid,60082
8747,invalid,59884
8748,invalid,59859
8749,invalid,60409
8750,valid,59903
8751,invalid,59841
8752,valid,59933
8753,invalid,59830
8754,valid,59877
8755,valid,59831
8756,valid,59824
8757,invalid,59880
8758,invalid,59850
8759,invalid,60377
8760,valid,59866
8761,valid,60041
8762,valid,59879
8763,invalid,59847
8764,valid,59853
8765,invalid,59868
8766,valid,59857
8767,invalid,59849
8768,invalid,59754
8769,valid,61247
8770,valid,59896
8771,invalid,59839
8772,valid,59895
8773,valid,59816
8774,invalid,59903
8775,invalid,59689
8776,invalid,59840
8777,invalid,59826
8778,valid,59963
8779,invalid,60284
8780,valid,59826
8781,invalid,59885
8782,invalid,59809
8783,valid,59829
8784,valid,59848
8785,invalid,59933
8786,valid,59852
8787,valid,60143
8788,invalid,59884
8789,invalid,59883
8790,invalid,59903
8791,valid,59666
8792,valid,61720
8793,invalid,60466
8794,valid,59885
8795,valid,60236
8796,valid,59602
8797,valid,60407
8798,valid,59877
8799,invalid,59802
8800,valid,59684
8801,valid,59860
8802,valid,59873
8803,valid,59886
8804,valid,59871
8805,valid,59811
8806,valid,59832
8807,invalid,59873
8808,valid,59831
8809,valid,59933
8810,valid,59850
8811,invalid,59861
8812,invalid,60475
8813,valid,60477
8814,invalid,59945
8815,invalid,60379
8816,invalid,59877
8817,valid,60000
8818,valid,60413
8819,invalid,59891
8820,valid,59887
8821,valid,59892
8822,invalid,60436
8823,invalid,59875
8824,invalid,59792
8825,valid,59596
8826,invalid,59850
8827,valid,59859
8828,valid,59881
8829,valid,59857
8830,valid,59779
8831,valid,59869
8832,invalid,59853
8833,invalid,59841
8834,valid,59833
8835,valid,59904
8836,valid,59849
8837,valid,59839
8838,valid,61230
8839,invalid,59907
8840,valid,59914
8841,valid,60509
8842,invalid,59719
8843,valid,59843
8844,invalid,59827
8845,invalid,59892
8846,invalid,59916
8847,valid,59955
8848,invalid,59831
8849,valid,59858
8850,valid,59826
8851,invalid,61127
8852,invalid,59859
8853,invalid,59866
8854,invalid,59835
8855,invalid,59912
8856,valid,59900
8857,valid,59878
8858,invalid,59868
8859,invalid,59918
8860,invalid,59819
8861,invalid,60018
8862,invalid,59846
8863,invalid,59867
8864,invalid,59834
8865,invalid,59861
8866,invalid,59837
8867,valid,59913
8868,valid,59842
8869,valid,59827
8870,invalid,63845
8871,valid,60238
8872,valid,59844
8873,valid,59835
8874,invalid,60349
8875,valid,59898
8876,valid,59885
8877,valid,59859
8878,invalid,59825
8879,invalid,61308
8880,valid,59929
8881,valid,59871
8882,invalid,60397
8883,valid,59867
8884,invalid,59850
8885,valid,59803
8886,invalid,59871
8887,invalid,59636
8888,invalid,59828
8889,invalid,59891
8890,valid,59920
8891,invalid,59883
8892,invalid,60455
8893,invalid,59723
8894,invalid,59875
8895,valid,59830
8896,invalid,59853
8897,valid,59815
8898,invalid,59857
8899,valid,59881
8900,valid,59926
8901,valid,59875
8902,invalid,60215
8903,invalid,59850
8904,invalid,59812
8905,valid,59779
8906,valid,59892
8907,invalid,59892
8908,invalid,59822
8909,invalid,59878
8910,valid,59842
8911,invalid,59818
8912,valid,60135
8913,valid,59629
8914,valid,59868
8915,invalid,59885
8916,invalid,59868
8917,valid,59875
8918,valid,59877
8919,valid,59912
8920,valid,59801
8921,valid,60457
8922,invalid,61210
8923,invalid,60468
8924,invalid,59876
8925,invalid,61023
8926,invalid,59867
8927,valid,59843
8928,valid,59845
8929,invalid,60179
8930,valid,60192
8931,valid,60206
8932,invalid,60937
8933,invalid,59841
8934,invalid,59904
8935,invalid,59915
8936,invalid,59885
8937,valid,59830
8938,valid,59857
8939,valid,59877
8940,valid,60494
8941,invalid,59813
8942,invalid,59851
8943,invalid,60592
8944,valid,59919
8945,valid,59867
8946,invalid,59843
8947,valid,59902
8948,invalid,59849
8949,invalid,59852
8950,valid,59809
8951,invalid,59903
8952,valid,59853
8953,valid,60423
8954,invalid,59848
8955,valid,59674
8956,invalid,59926
8957,invalid,59826
8958,valid,59876
8959,valid,59848
8960,invalid,59866
8961,valid,59835
8962,valid,59869
8963,valid,60278
8964,valid,59919
8965,valid,59912
8966,valid,60054
8967,invalid,59866
8968,invalid,59886
8969,valid,59908
8970,valid,59863
8971,invalid,59854
8972,invalid,59848
8973,valid,61137
8974,invalid,59924
8975,valid,59849
8976,invalid,59643
8977,invalid,59875
8978,invalid,59919
8979,valid,59848
8980,valid,59855
8981,valid,59866
8982,valid,59850
8983,valid,60368
8984,valid,59837
8985,invalid,59949
8986,valid,60462
8987,invalid,59914
8988,invalid,59889
8989,invalid,59828
8990,valid,59895
8991,invalid,59836
8992,invalid,59848
8993,invalid,59817
8994,valid,59823
8995,valid,59844
8996,invalid,60429
8997,valid,59849
8998,invalid,59867
8999,invalid,59898
9000,invalid,59902
9001,invalid,59896
9002,invalid,61269
9003,invalid,59861
9004,valid,59854
9005,invalid,59789
9006,valid,59956
9007,valid,59908
9008,invalid,59888
9009,valid,59770
9010,invalid,59873
9011,valid,59872
9012,invalid,59842
9013,valid,59856
9014,invalid,59847
9015,invalid,59845
9016,invalid,60272
9017,valid,59871
9018,invalid,59938
9019,valid,59901
9020,invalid,59847
9021,valid,59870
9022,valid,59866
9023,invalid,59994
9024,valid,59858
9025,invalid,59829
9026,invalid,59834
9027,valid,59849
9028,invalid,62680
9029,invalid,60001
9030,invalid,59918
9031,invalid,59820
9032,invalid,59847
9033,valid,59871
9034,invalid,59914
9035,valid,59647
9036,valid,59854
9037,invalid,59865
9038,invalid,59882
9039,valid,59805
9040,invalid,59736
9041,valid,61025
9042,valid,59857
9043,invalid,59649
9044,invalid,60573
9045,valid,59807
9046,invalid,59809
9047,invalid,59860
9048,valid,59875
9049,valid,59843
9050,valid,59902
9051,invalid,59924
9052,invalid,59870
9053,valid,59810
9054,valid,59573
9055,valid,59880
9056,invalid,59867
9057,invalid,59797
9058,invalid,59852
9059,valid,59851
9060,valid,59825
9061,invalid,60094
9062,invalid,59879
9063,valid,59872
9064,valid,60441
9065,valid,59661
9066,valid,59853
9067,invalid,59715
9068,valid,59808
9069,valid,59920
9070,valid,59862
9071,invalid,59868
9072,invalid,59877
9073,invalid,59876
9074,valid,59854
9075,invalid,59891
9076,valid,59920
9077,valid,59818
9078,valid,59849
9079,valid,59860
9080,invalid,59825
9081,invalid,59957
9082,valid,59868
9083,invalid,63143
9084,valid,60195
9085,valid,59838
9086,invalid,59859
9087,invalid,60008
9088,valid,59826
9089,invalid,59801
9090,invalid,60391
9091,valid,59885
9092,invalid,59830
9093,valid,59835
9094,invalid,59881
9095,invalid,59591
9096,valid,59832
9097,valid,59904
9098,invalid,59856
9099,invalid,59888
9100,valid,59877
9101,valid,60532
9102,invalid,59812
9103,invalid,63704
9104,valid,60272
9105,valid,60181
9106,invalid,59837
9107,valid,60150
9108,invalid,59880
9109,valid,59832
9110,valid,59870
9111,invalid,59851
9112,valid,59848
9113,invalid,59799
9114,valid,59825
9115,invalid,59888
9116,invalid,59816
9117,invalid,59865
9118,valid,59881
9119,invalid,60453
9120,valid,59950
9121,invalid,61567
9122,invalid,63198
9123,valid,63095
9124,valid,63797
9125,valid,59590
9126,invalid,59913
9127,valid,60274
9128,valid,59828
9129,valid,59835
9130,invalid,60461
9131,invalid,59856
9132,valid,59859
9133,invalid,59799
9134,invalid,59895
9135,invalid,59850
9136,valid,59602
9137,valid,59821
9138,invalid,59942
9139,invalid,59820
9140,invalid,60416
9141,invalid,59825
9142,invalid,59861
9143,invalid,59857
9144,invalid,59845
9145,invalid,59650
9146,invalid,59874
9147,invalid,59834
9148,valid,59762
9149,valid,59916
9150,invalid,60417
9151,valid,59824
9152,valid,59860
9153,valid,59835
9154,invalid,59885
9155,valid,59893
9156,invalid,59897
9157,valid,59823
9158,invalid,59751
9159,valid,60579
9160,invalid,59856
9161,valid,59809
9162,valid,59883
9163,invalid,59864
9164,valid,59878
9165,invalid,59813
9166,valid,59885
9167,invalid,59824
9168,valid,63157
9169,invalid,60180
9170,valid,60154
9171,invalid,60067
9172,invalid,59871
9173,valid,59604
9174,invalid,60544
9175,valid,60906
9176,invalid,59848
9177,valid,59807
9178,valid,59840
9179,invalid,59878
9180,valid,60673
9181,invalid,59980
9182,valid,59844
9183,invalid,59944
9184,valid,59645
9185,invalid,59828
9186,invalid,59905
9187,invalid,59918
9188,valid,59856
9189,invalid,59751
9190,valid,59924
9191,invalid,59828
9192,invalid,59784
9193,invalid,59866
9194,valid,60344
9195,invalid,59891
9196,invalid,59893
9197,valid,59818
9198,invalid,59876
9199,invalid,59882
9200,invalid,59815
9201,invalid,59816
9202,valid,59947
9203,invalid,59892
9204,valid,60456
9205,invalid,59880
9206,invalid,59838
9207,invalid,60186
9208,invalid,59909
9209,valid,59814
9210,invalid,59936
9211,invalid,59856
9212,valid,59911
9213,valid,59864
9214,invalid,59923
9215,valid,59881
9216,invalid,59860
9217,invalid,59815
9218,invalid,59895
9219,valid,59922
9220,invalid,59914
9221,valid,59853
9222,invalid,59859
9223,valid,59803
9224,invalid,59854
9225,invalid,59890
9226,invalid,59904
9227,valid,61166
9228,valid,59875
9229,valid,59862
9230,valid,59869
9231,valid,59749
9232,invalid,59860
9233,valid,59880
9234,valid,59906
9235,invalid,59909
9236,valid,59863
9237,invalid,59843
9238,valid,59869
9239,invalid,59868
9240,valid,59876
9241,invalid,59912
9242,invalid,59871
9243,invalid,59896
9244,valid,59871
9245,invalid,59823
9246,invalid,59841
9247,invalid,59861
9248,valid,59844
9249,invalid,63033
9250,invalid,61022
9251,invalid,59766
9252,invalid,59892
9253,invalid,59842
9254,invalid,59851
9255,valid,59836
9256,valid,62143
9257,valid,60530
9258,valid,60462
9259,invalid,59888
9260,invalid,59832
9261,valid,59899
9262,invalid,61160
9263,invalid,59895
9264,invalid,59868
9265,invalid,61458
9266,invalid,59863
9267,invalid,59842
9268,invalid,60439
9269,invalid,59904
9270,valid,59953
9271,valid,59894
9272,invalid,59911
9273,invalid,59903
9274,invalid,59918
9275,valid,59842
9276,invalid,59889
9277,invalid,59853
9278,valid,59867
9279,valid,59864
9280,invalid,59849
9281,invalid,59804
9282,valid,59859
9283,invalid,59871
9284,valid,59889
9285,invalid,59876
9286,valid,59843
9287,valid,59905
9288,valid,60675
9289,valid,59888
9290,invalid,59872
9291,invalid,60345
9292,valid,59908
9293,invalid,59870
9294,valid,59916
9295,invalid,59828
9296,valid,59927
9297,valid,59690
9298,valid,59838
9299,valid,59847
9300,invalid,59645
9301,invalid,59892
9302,invalid,59940
9303,invalid,59854
9304,valid,59792
9305,invalid,59837
9306,invalid,59850
9307,invalid,59808
9308,invalid,59868
9309,valid,59861
9310,invalid,59864
9311,invalid,59884
9312,invalid,59866
9313,valid,59798
9314,invalid,59872
9315,invalid,59875
9316,invalid,59634
9317,invalid,59659
9318,invalid,59879
9319,invalid,59850
9320,invalid,59829
9321,valid,60468
9322,valid,60028
9323,invalid,59842
9324,valid,59864
9325,invalid,59823
9326,invalid,59835
9327,valid,59842
9328,invalid,59898
9329,valid,59868
9330,invalid,59889
9331,invalid,59838
9332,valid,59882
9333,invalid,59890
9334,invalid,64389
9335,valid,60066
9336,valid,59894
9337,valid,59903
9338,valid,59737
9339,invalid,60624
9340,invalid,59893
9341,invalid,60959
9342,valid,60053
9343,invalid,59958
9344,valid,59887
9345,valid,59879
9346,invalid,59814
9347,valid,59879
9348,valid,59894
9349,valid,59954
9350,valid,59878
9351,valid,59878
9352,invalid,60491
9353,valid,59969
9354,valid,59811
9355,invalid,60302
9356,invalid,59890
9357,invalid,59846
9358,invalid,59819
9359,invalid,59925
9360,valid,59850
9361,valid,60368
9362,invalid,59907
9363,valid,60466
9364,invalid,59823
9365,valid,60096
9366,invalid,59891
9367,valid,59657
9368,valid,59864
9369,invalid,59880
9370,invalid,59844
9371,valid,59896
9372,valid,59843
9373,invalid,59856
9374,invalid,59909
9375,valid,60502
9376,invalid,59865
9377,valid,59932
9378,valid,60435
9379,invalid,59974
9380,valid,59695
9381,valid,59970
9382,valid,59928
9383,valid,59668
9384,valid,59889
9385,invalid,64044
9386,invalid,63244
9387,invalid,60237
9388,valid,59903
9389,invalid,59851
9390,invalid,59883
9391,invalid,62671
9392,invalid,59876
9393,invalid,59928
9394,valid,59905
9395,valid,59922
9396,invalid,59898
9397,valid,59765
9398,valid,59849
9399,invalid,59927
9400,valid,60432
9401,invalid,59878
9402,valid,60238
9403,valid,61054
9404,invalid,59919
9405,valid,59934
9406,valid,59891
9407,valid,59877
9408,valid,59817
9409,valid,59899
9410,invalid,59933
9411,valid,59979
9412,valid,59857
9413,valid,60454
9414,valid,59860
9415,invalid,59858
9416,valid,59943
9417,invalid,59836
9418,invalid,59862
9419,valid,59896
9420,invalid,59863
9421,valid,59832
9422,invalid,59886
9423,valid,60648
9424,valid,59846
9425,valid,59844
9426,valid,59812
9427,invalid,59935
9428,invalid,59860
9429,valid,59867
9430,invalid,59869
9431,valid,59882
9432,valid,59866
9433,invalid,60544
9434,valid,59827
9435,invalid,59804
9436,invalid,59878
9437,invalid,59841
9438,invalid,59906
9439,valid,59896
9440,valid,59802
9441,valid,60915
9442,valid,59851
9443,invalid,59847
9444,valid,59816
9445,invalid,59923
9446,valid,60583
9447,invalid,59766
9448,valid,59804
9449,invalid,59906
9450,valid,59904
9451,invalid,59913
9452,valid,59850
9453,valid,59909
9454,valid,59884
9455,invalid,59925
9456,invalid,59856
9457,valid,59870
9458,valid,59823
9459,invalid,59912
9460,valid,59852
9461,valid,59821
9462,invalid,59883
9463,invalid,59946
9464,valid,59894
9465,invalid,59912
9466,invalid,60862
9467,invalid,59897
9468,invalid,59914
9469,invalid,60762
9470,valid,59896
9471,invalid,59902
9472,invalid,59886
9473,valid,59869
9474,invalid,59871
9475,valid,59937
9476,valid,62545
9477,valid,60480
9478,valid,60204
9479,valid,59845
9480,invalid,59920
9481,valid,59803
9482,invalid,59860
9483,invalid,59906
9484,valid,59908
9485,invalid,61048
9486,invalid,59854
9487,invalid,60192
9488,valid,60010
9489,invalid,59879
9490,valid,59952
9491,valid,59873
9492,invalid,59600
9493,invalid,59900
9494,invalid,59948
9495,valid,63017
9496,invalid,60201
9497,valid,59873
9498,valid,59853
9499,invalid,59984
9500,valid,59896
9501,valid,59859
9502,valid,59869
9503,valid,60499
9504,valid,59863
9505,valid,59884
9506,invalid,60565
9507,invalid,59903
9508,valid,59857
9509,invalid,59921
9510,invalid,59874
9511,invalid,59861
9512,invalid,59874
9513,invalid,59847
9514,valid,59975
9515,valid,59891
9516,valid,61162
9517,invalid,59842
9518,invalid,59905
9519,valid,59908
9520,valid,59907
9521,invalid,59898
9522,invalid,59851
9523,valid,59924
9524,invalid,59885
9525,valid,59868
9526,valid,59818
9527,invalid,59852
9528,invalid,59901
9529,valid,60362
9530,invalid,62081
9531,invalid,59899
9532,valid,60963
9533,invalid,59898
9534,invalid,59877
9535,valid,60473
9536,valid,59927
9537,invalid,59912
9538,invalid,59911
9539,valid,59850
9540,valid,59865
9541,invalid,59891
9542,valid,59911
9543,invalid,59936
9544,valid,59881
9545,invalid,60188
9546,invalid,59871
9547,invalid,59874
9548,valid,59891
9549,invalid,59885
9550,valid,59873
9551,valid,59889
9552,invalid,59839
9553,valid,59992
9554,valid,59870
9555,invalid,60849
9556,invalid,59820
9557,valid,59851
9558,invalid,60191
9559,valid,59906
9560,invalid,60094
9561,valid,59838
9562,invalid,59849
9563,valid,59942
9564,invalid,59844
9565,invalid,59840
9566,valid,59868
9567,invalid,59854
9568,invalid,59877
9569,invalid,59770
9570,invalid,60165
9571,valid,59842
9572,invalid,59713
9573,valid,59946
9574,invalid,59871
9575,invalid,59916
9576,valid,59858
9577,invalid,59558
9578,invalid,59595
9579,invalid,59884
9580,invalid,59860
9581,valid,59878
9582,valid,59862
9583,valid,59929
9584,valid,59904
9585,invalid,59905
9586,valid,60794
9587,valid,59880
9588,valid,60543
9589,valid,59890
9590,valid,59883
9591,valid,61277
9592,invalid,59849
9593,invalid,59902
9594,valid,59861
9595,valid,63197
9596,valid,60055
9597,valid,60527
9598,valid,59831
9599,valid,59836
9600,valid,59887
9601,invalid,59891
9602,valid,59878
9603,invalid,59848
9604,invalid,59937
9605,invalid,59892
9606,invalid,59865
9607,invalid,59849
9608,invalid,59859
9609,valid,59927
9610,invalid,60562
9611,valid,59958
9612,valid,59831
9613,invalid,64022
9614,valid,63803
9615,valid,60880
9616,valid,59935
9617,valid,60436
9618,invalid,59835
9619,invalid,59923
9620,invalid,59902
9621,invalid,59847
9622,invalid,59863
9623,valid,59902
9624,invalid,59872
9625,invalid,59838
9626,valid,59899
9627,valid,60210
9628,valid,59856
9629,valid,59899
9630,valid,59857
9631,invalid,59881
9632,valid,59904
9633,invalid,59911
9634,invalid,59821
9635,valid,60632
9636,valid,59850
9637,invalid,59956
9638,valid,59866
9639,invalid,59926
9640,valid,60386
9641,valid,60289
9642,valid,59993
9643,valid,59938
9644,invalid,59918
9645,valid,60262
9646,valid,60261
9647,invalid,59866
9648,invalid,59896
9649,invalid,59906
9650,valid,59887
9651,invalid,59918
9652,valid,60729
9653,invalid,59870
9654,valid,59706
9655,valid,60388
9656,invalid,59887
9657,invalid,59904
9658,invalid,59891
9659,valid,59890
9660,invalid,59841
9661,invalid,59838
9662,invalid,59862
9663,invalid,59882
9664,invalid,59898
9665,invalid,60187
9666,invalid,59961
9667,invalid,59889
9668,valid,59914
9669,invalid,59949
9670,valid,59951
9671,valid,59937
9672,invalid,59852
9673,invalid,59915
9674,invalid,59854
9675,valid,60667
9676,valid,59899
9677,valid,59890
9678,valid,60675
9679,valid,59935
9680,valid,60072
9681,valid,62188
9682,invalid,59843
9683,invalid,59942
9684,invalid,60220
9685,invalid,59926
9686,valid,59874
9687,valid,59868
9688,valid,59885
9689,valid,59845
9690,valid,59871
9691,valid,59748
9692,invalid,59865
9693,invalid,59938
9694,invalid,60171
9695,valid,59937
9696,invalid,59941
9697,valid,59862
9698,invalid,59838
9699,invalid,59915
9700,invalid,59907
9701,invalid,59857
9702,valid,59855
9703,invalid,59854
9704,valid,60237
9705,invalid,59914
9706,valid,59880
9707,invalid,59844
9708,valid,59851
9709,invalid,59888
9710,invalid,59851
9711,valid,59904
9712,valid,63241
9713,valid,59737
9714,valid,59905
9715,invalid,59864
9716,invalid,59832
9717,valid,60401
9718,invalid,59828
9719,valid,59964
9720,valid,60398
9721,valid,59931
9722,valid,59855
9723,invalid,59845
9724,invalid,59861
9725,invalid,59900
9726,invalid,59836
9727,valid,59952
9728,valid,59862
9729,valid,59855
9730,invalid,59721
9731,invalid,59834
9732,invalid,59919
9733,invalid,59880
9734,invalid,59876
9735,invalid,59887
9736,valid,59886
9737,valid,59879
9738,invalid,59894
9739,valid,59849
9740,valid,60465
9741,invalid,59869
9742,invalid,59911
9743,invalid,59904
9744,valid,59603
9745,invalid,59874
9746,invalid,59828
9747,invalid,59818
9748,valid,60175
9749,valid,60249
9750,valid,60903
9751,invalid,59864
9752,invalid,59880
9753,invalid,60199
9754,valid,59855
9755,invalid,59930
9756,invalid,59857
9757,valid,59852
9758,valid,59867
9759,invalid,59916
9760,invalid,59873
9761,valid,59916
9762,valid,59854
9763,valid,59928
9764,valid,59887
9765,invalid,59713
9766,valid,59871
9767,invalid,59947
9768,invalid,59867
9769,invalid,59868
9770,valid,59957
9771,invalid,59879
9772,invalid,59926
9773,valid,60589
9774,invalid,59734
9775,invalid,61655
9776,valid,59893
9777,invalid,59863
9778,invalid,59871
9779,valid,61631
9780,invalid,59837
9781,valid,59889
9782,invalid,59855
9783,invalid,60124
9784,valid,59936
9785,invalid,59840
9786,valid,59880
9787,invalid,59893
9788,invalid,59861
9789,invalid,60843
9790,valid,59920
9791,invalid,59898
9792,invalid,60215
9793,invalid,59867
9794,valid,59883
9795,invalid,60239
9796,invalid,60323
9797,valid,60018
9798,invalid,59898
9799,invalid,59842
9800,invalid,59838
9801,valid,59886
9802,invalid,59925
9803,invalid,59858
9804,invalid,59894
9805,invalid,59651
9806,invalid,59846
9807,invalid,59910
9808,valid,59865
9809,valid,59849
9810,valid,59729
9811,valid,61301
9812,invalid,60285
9813,invalid,60279
9814,valid,60554
9815,valid,59884
9816,valid,59921
9817,invalid,60399
9818,invalid,59835
9819,valid,59868
9820,valid,59892
9821,invalid,61151
9822,valid,59848
9823,valid,62446
9824,valid,59838
9825,invalid,62772
9826,invalid,59918
9827,invalid,59850
9828,invalid,59870
9829,valid,60610
9830,invalid,59576
9831,valid,59872
9832,valid,59908
9833,valid,59860
9834,invalid,59846
9835,invalid,59877
9836,valid,63003
9837,invalid,59832
9838,invalid,59890
9839,invalid,60777
9840,invalid,59938
9841,invalid,59754
9842,invalid,59838
9843,invalid,59843
9844,invalid,59826
9845,valid,59669
9846,valid,59909
9847,invalid,59896
9848,invalid,59864
9849,valid,59944
9850,valid,59867
9851,invalid,59854
9852,valid,59852
9853,invalid,59800
9854,invalid,61095
9855,valid,59872
9856,invalid,59892
9857,valid,59957
9858,valid,59869
9859,valid,59925
9860,invalid,60439
9861,valid,59875
9862,invalid,59863
9863,invalid,59838
9864,valid,59942
9865,valid,59858
9866,invalid,59838
9867,valid,59861
9868,valid,59876
9869,invalid,59908
9870,invalid,60231
9871,valid,59865
9872,invalid,59868
9873,valid,59882
9874,invalid,59839
9875,invalid,59882
9876,invalid,59871
9877,invalid,59839
9878,valid,59828
9879,invalid,59908
9880,valid,60935
9881,invalid,59840
9882,valid,59928
9883,valid,60589
9884,invalid,59968
9885,invalid,59861
9886,invalid,59854
9887,invalid,59826
9888,valid,59836
9889,valid,59939
9890,invalid,59912
9891,invalid,59882
9892,invalid,59870
9893,invalid,61138
9894,valid,59884
9895,valid,59869
9896,valid,60503
9897,valid,59886
9898,valid,59858
9899,invalid,60954
9900,valid,59895
9901,valid,60897
9902,invalid,59799
9903,invalid,61614
9904,invalid,59869
9905,valid,60245
9906,invalid,59841
9907,invalid,59869
9908,invalid,59952
9909,valid,59819
9910,invalid,59999
9911,invalid,59848
9912,invalid,60642
9913,valid,59906
9914,invalid,59872
9915,valid,60537
9916,valid,59858
9917,valid,59895
9918,valid,59913
9919,valid,59859
9920,invalid,59891
9921,invalid,59848
9922,valid,59837
9923,invalid,59855
9924,invalid,59867
9925,valid,60411
9926,invalid,59900
9927,valid,59895
9928,invalid,60929
9929,valid,59865
9930,invalid,60343
9931,invalid,59825
9932,invalid,59836
9933,valid,59823
9934,valid,59894
9935,valid,59886
9936,invalid,61637
9937,invalid,59889
9938,valid,59904
9939,valid,59850
9940,valid,59960
9941,valid,59888
9942,invalid,59842
9943,invalid,59909
9944,invalid,59855
9945,valid,59830
9946,invalid,59841
9947,valid,59853
9948,invalid,60276
9949,invalid,60445
9950,valid,59838
9951,invalid,59859
9952,valid,59681
9953,valid,62261
9954,invalid,59851
9955,invalid,59834
9956,valid,60406
9957,valid,59881
9958,valid,59836
9959,invalid,59860
9960,invalid,59940
9961,invalid,59748
9962,invalid,59870
9963,valid,59835
9964,invalid,59832
9965,invalid,59824
9966,invalid,60251
9967,invalid,59885
9968,valid,59615
9969,valid,59814
9970,invalid,59858
9971,valid,59661
9972,invalid,59855
9973,invalid,60443
9974,invalid,59897
9975,invalid,59833
9976,valid,59839
9977,invalid,60751
9978,invalid,59765
9979,invalid,60913
9980,invalid,60738
9981,valid,59872
9982,valid,59832
9983,valid,59935
9984,valid,59696
9985,invalid,59752
9986,valid,59825
9987,valid,59827
9988,valid,59845
9989,invalid,60422
9990,valid,59935
9991,valid,59892
9992,invalid,59818
9993,valid,59871
9994,invalid,59818
9995,valid,59897
9996,invalid,59853
9997,invalid,59759
9998,invalid,59870
9999,valid,60180
10000,invalid,59854
10001,valid,59895
10002,invalid,59827
10003,valid,59831
10004,valid,59729
10005,valid,59829
10006,valid,60184
10007,invalid,59917
10008,invalid,59821
10009,invalid,60185
10010,invalid,59838
10011,valid,59845
10012,invalid,59858
10013,invalid,59866
10014,valid,59835
10015,valid,59814
10016,valid,60118
10017,valid,59847
10018,valid,59814
10019,valid,60415
10020,invalid,59853
10021,invalid,60943
10022,invalid,59944
10023,invalid,59850
10024,invalid,59895
10025,invalid,59955
10026,invalid,59840
10027,invalid,59840
10028,valid,59861
10029,invalid,60687
10030,valid,59822
10031,invalid,59753
10032,valid,59549
10033,invalid,59837
10034,valid,59776
10035,valid,59913
10036,valid,59755
10037,valid,59919
10038,invalid,59862
10039,valid,60898
10040,invalid,59848
10041,valid,59834
10042,invalid,60398
10043,invalid,59870
10044,valid,59863
10045,invalid,59820
10046,valid,59825
10047,invalid,59834
10048,invalid,59886
10049,invalid,59875
10050,valid,59837
10051,valid,59842
10052,valid,60155
10053,valid,59821
10054,valid,59889
10055,valid,59910
10056,invalid,59847
10057,invalid,59888
10058,invalid,59830
10059,valid,60115
10060,valid,59849
10061,invalid,59837
10062,invalid,60405
10063,valid,59831
10064,valid,60471
10065,invalid,59929
10066,valid,59914
10067,invalid,59855
10068,valid,59983
10069,valid,59865
10070,invalid,59826
10071,valid,59849
10072,invalid,59772
10073,invalid,59912
10074,valid,60307
10075,valid,59805
10076,valid,59875
10077,invalid,59869
10078,valid,59867
10079,invalid,59884
10080,valid,59890
10081,invalid,59856
10082,valid,59867
10083,invalid,59896
10084,invalid,60439
10085,invalid,59863
10086,invalid,59771
10087,valid,59856
10088,invalid,59871
10089,valid,59915
10090,invalid,59771
10091,invalid,59916
10092,invalid,59861
10093,invalid,59876
10094,invalid,60976
10095,valid,59897
10096,valid,59896
10097,invalid,60544
10098,invalid,59856
10099,valid,59868
10100,valid,59915
10101,invalid,59848
10102,valid,60057
10103,invalid,60126
10104,invalid,59905
10105,valid,59902
10106,invalid,60137
10107,valid,59852
10108,invalid,59859
10109,valid,59920
10110,valid,59855
10111,valid,59857
10112,valid,59818
10113,valid,59837
10114,valid,59849
10115,valid,59877
10116,valid,60125
10117,invalid,59906
10118,invalid,59871
10119,valid,59934
10120,valid,60164
10121,invalid,59859
10122,invalid,59893
10123,valid,59867
10124,invalid,59827
10125,invalid,59842
10126,valid,59965
10127,invalid,59873
10128,valid,59874
10129,invalid,59846
10130,valid,59852
10131,invalid,59850
10132,invalid,59817
10133,invalid,59844
10134,valid,59770
10135,valid,59831
10136,valid,60397
10137,valid,59846
10138,valid,59846
10139,valid,60606
10140,invalid,59860
10141,valid,59833
10142,invalid,59902
10143,invalid,59828
10144,valid,59785
10145,valid,59838
10146,invalid,59859
10147,invalid,59883
10148,valid,59877
10149,valid,60534
10150,invalid,59827
10151,valid,59867
10152,valid,59868
10153,invalid,59857
10154,valid,59860
10155,valid,59900
10156,invalid,60783
10157,valid,59842
10158,invalid,59869
10159,valid,60180
10160,valid,60761
10161,valid,59932
10162,invalid,60603
10163,invalid,59916
10164,valid,59816
10165,valid,60468
10166,invalid,59828
10167,invalid,59952
10168,valid,59890
10169,valid,59784
10170,invalid,59813
10171,valid,59873
10172,invalid,59808
10173,valid,59867
10174,valid,59830
10175,valid,60369
10176,valid,59827
10177,invalid,59831
10178,valid,59922
10179,invalid,59835
10180,invalid,59873
10181,invalid,59840
10182,valid,59837
10183,valid,59872
10184,invalid,59835
10185,invalid,60173
10186,valid,59861
10187,invalid,59887
10188,invalid,59784
10189,invalid,59859
10190,valid,59841
10191,invalid,59852
10192,valid,59926
10193,valid,59870
10194,invalid,59828
10195,valid,60401
10196,valid,59883
10197,invalid,59922
10198,invalid,60044
10199,valid,59916
10200,invalid,59875
10201,valid,59872
10202,invalid,59867
10203,invalid,59857
10204,valid,59890
10205,valid,61190
10206,invalid,59864
10207,valid,59863
10208,valid,59903
10209,valid,59555
10210,invalid,59800
10211,invalid,59858
10212,valid,59833
10213,valid,59962
10214,invalid,59867
10215,invalid,60349
10216,invalid,59894
10217,invalid,59823
10218,valid,59890
10219,valid,59843
10220,valid,59855
10221,valid,59923
10222,invalid,59850
10223,valid,59846
10224,invalid,59872
10225,invalid,59995
10226,valid,59885
10227,invalid,59798
10228,valid,60337
10229,valid,59878
10230,invalid,59704
10231,invalid,59822
10232,invalid,59863
10233,invalid,59806
10234,invalid,59837
10235,invalid,60347
10236,invalid,59861
10237,invalid,59851
10238,valid,59851
10239,invalid,59847
10240,valid,59836
10241,invalid,59857
10242,valid,59886
10243,invalid,59948
10244,invalid,59860
10245,valid,59955
10246,invalid,59895
10247,invalid,59878
10248,valid,60165
10249,valid,59853
10250,invalid,59898
10251,invalid,59821
10252,valid,59829
10253,invalid,59866
10254,invalid,59861
10255,valid,60123
10256,invalid,59942
10257,invalid,60410
10258,invalid,60887
10259,invalid,62205
10260,valid,60204
10261,valid,59737
10262,invalid,59885
10263,invalid,60431
10264,valid,59861
10265,valid,59816
10266,invalid,59850
10267,valid,59825
10268,valid,59872
10269,invalid,61573
10270,valid,59862
10271,valid,59859
10272,invalid,59866
10273,valid,59928
10274,valid,59871
10275,valid,59895
10276,valid,60444
10277,invalid,59872
10278,valid,60520
10279,valid,59901
10280,valid,59882
10281,valid,59865
10282,invalid,59835
10283,valid,59885
10284,valid,60271
10285,invalid,59894
10286,invalid,59878
10287,invalid,60441
10288,valid,59927
10289,valid,59887
10290,valid,59897
10291,valid,59864
10292,valid,59593
10293,valid,59839
10294,invalid,59818
10295,valid,59858
10296,invalid,59850
10297,valid,60196
10298,valid,59835
10299,invalid,59848
10300,invalid,59867
10301,invalid,59843
10302,invalid,59983
10303,invalid,59850
10304,invalid,59856
10305,invalid,59863
10306,valid,59850
10307,invalid,59856
10308,invalid,59852
10309,valid,59821
10310,valid,59803
10311,invalid,59842
10312,valid,59817
10313,invalid,59750
10314,invalid,60170
10315,valid,59890
10316,invalid,59851
10317,invalid,60221
10318,invalid,59837
10319,invalid,59890
10320,invalid,59836
10321,invalid,59867
10322,valid,59864
10323,valid,59881
10324,invalid,59881
10325,invalid,59835
10326,valid,59861
10327,valid,59892
10328,valid,59886
10329,valid,59911
10330,valid,59848
10331,invalid,59923
10332,valid,59873
10333,valid,59932
10334,invalid,59880
10335,invalid,59923
10336,valid,60064
10337,valid,60583
10338,invalid,59838
10339,invalid,59826
10340,valid,59792
10341,valid,59852
10342,invalid,59787
10343,valid,59864
10344,valid,59851
10345,valid,59929
10346,invalid,59849
10347,valid,59872
10348,valid,59892
10349,invalid,59895
10350,invalid,59898
10351,valid,59866
10352,valid,59858
10353,invalid,59892
10354,invalid,59872
10355,valid,59857
10356,invalid,59832
10357,valid,60436
10358,valid,59896
10359,invalid,59824
10360,invalid,59830
10361,invalid,59784
10362,valid,59827
10363,valid,59662
10364,invalid,59864
10365,invalid,61240
10366,invalid,59880
10367,invalid,60384
10368,invalid,59837
10369,invalid,59679
10370,valid,60639
10371,invalid,59859
10372,valid,60936
10373,invalid,60133
10374,invalid,60223
10375,valid,60246
10376,invalid,60175
10377,invalid,59811
10378,invalid,59854
10379,invalid,59910
10380,valid,59843
10381,invalid,59807
10382,invalid,59878
10383,invalid,60667
10384,valid,59930
10385,invalid,60965
10386,invalid,60493
10387,valid,59802
10388,valid,59823
10389,invalid,60391
10390,invalid,59883
10391,invalid,59545
10392,invalid,59883
10393,valid,59877
10394,invalid,59830
10395,invalid,59843
10396,valid,60087
10397,invalid,61000
10398,invalid,59902
10399,valid,60708
10400,valid,59891
10401,valid,59639
10402,invalid,59845
10403,invalid,59583
10404,invalid,59921
10405,invalid,59828
10406,invalid,59876
10407,invalid,59842
10408,valid,59829
10409,invalid,60546
10410,invalid,59998
10411,valid,60587
10412,invalid,59803
10413,valid,59900
10414,valid,59855
10415,valid,59907
10416,valid,59852
10417,valid,60171
10418,valid,60174
10419,valid,59643
10420,valid,60245
10421,valid,59833
10422,valid,59846
10423,valid,59900
10424,invalid,62424
10425,invalid,59870
10426,valid,59882
10427,invalid,60315
10428,valid,59901
10429,valid,59813
10430,valid,60445
10431,invalid,59904
10432,invalid,59816
10433,invalid,63730
10434,valid,59881
10435,valid,59868
10436,invalid,62067
10437,invalid,59926
10438,invalid,59860
10439,invalid,60618
10440,valid,59860
10441,invalid,59865
10442,valid,60381
10443,valid,59801
10444,valid,59863
10445,invalid,59817
10446,valid,59625
10447,invalid,59845
10448,invalid,59919
10449,valid,59672
10450,invalid,59766
10451,invalid,59567
10452,invalid,60453
10453,invalid,59812
10454,valid,59847
10455,valid,59827
10456,valid,59860
10457,valid,60945
10458,invalid,59868
10459,invalid,59754
10460,valid,59884
10461,valid,59882
10462,invalid,60924
10463,valid,59851
10464,invalid,59811
10465,invalid,59820
10466,invalid,59873
10467,invalid,59832
10468,invalid,59845
10469,invalid,59857
10470,valid,59891
10471,valid,59857
10472,invalid,59985
10473,invalid,59871
10474,valid,60115
10475,valid,60481
10476,valid,59872
10477,valid,59787
10478,invalid,62033
10479,invalid,59836
10480,invalid,59932
10481,valid,59784
10482,valid,60893
10483,valid,59856
10484,invalid,59896
10485,valid,59897
10486,valid,59855
10487,valid,59847
10488,valid,59875
10489,valid,59888
10490,invalid,59847
10491,valid,61662
10492,valid,59792
10493,valid,60343
10494,invalid,59921
10495,valid,59847
10496,invalid,59899
10497,valid,59889
10498,valid,59912
10499,invalid,59838
10500,invalid,59849
10501,valid,59825
10502,valid,59837
10503,invalid,60276
10504,invalid,59883
10505,valid,59843
10506,valid,60425
10507,invalid,59871
10508,invalid,59840
10509,invalid,59942
10510,invalid,59937
10511,valid,59853
10512,valid,59862
10513,valid,59851
10514,valid,59863
10515,valid,59895
10516,invalid,60411
10517,invalid,59855
10518,valid,59933
10519,valid,59850
10520,invalid,59890
10521,valid,59891
10522,valid,59877
10523,valid,59881
10524,invalid,59899
10525,valid,59920
10526,invalid,61188
10527,valid,59935
10528,invalid,59908
10529,valid,59901
10530,valid,59944
10531,invalid,59829
10532,valid,59649
10533,invalid,59816
10534,invalid,60877
10535,valid,60353
10536,valid,59842
10537,invalid,59636
10538,valid,59934
10539,valid,60752
10540,valid,59894
10541,invalid,59941
10542,valid,59894
10543,valid,59886
10544,invalid,59880
10545,invalid,59878
10546,valid,59825
10547,valid,59848
10548,invalid,59836
10549,invalid,59866
10550,valid,59911
10551,valid,59913
10552,valid,59806
10553,invalid,60937
10554,invalid,59835
10555,valid,59908
10556,valid,59858
10557,invalid,59853
10558,invalid,59897
10559,invalid,59896
10560,valid,59839
10561,valid,59875
10562,valid,60817
10563,valid,59834
10564,invalid,60185
10565,invalid,59945
10566,invalid,59817
10567,invalid,59876
10568,valid,59725
10569,invalid,59857
10570,valid,59831
10571,valid,59840
10572,valid,59904
10573,valid,59814
10574,valid,59844
10575,invalid,59927
10576,valid,59892
10577,invalid,59857
10578,invalid,59806
10579,valid,59871
10580,valid,59841
10581,valid,59867
10582,valid,59848
10583,valid,59850
10584,valid,60128
10585,invalid,59929
10586,valid,59867
10587,valid,59846
10588,valid,59880
10589,valid,59802
10590,invalid,59808
10591,valid,59755
10592,valid,59888
10593,invalid,59856
10594,invalid,60243
10595,valid,59888
10596,invalid,59883
10597,invalid,59853
10598,invalid,59884
10599,invalid,59887
10600,invalid,59852
10601,valid,59876
10602,valid,59908
10603,valid,59879
10604,valid,59536
10605,invalid,59858
10606,valid,59823
10607,invalid,59873
10608,invalid,59933
10609,valid,59827
10610,invalid,59897
10611,invalid,59871
10612,invalid,59898
10613,valid,59881
10614,invalid,60148
10615,invalid,59850
10616,valid,59953
10617,valid,59916
10618,valid,59865
10619,valid,59867
10620,invalid,59852
10621,invalid,59880
10622,valid,61627
10623,valid,61549
10624,valid,59798
10625,valid,60586
10626,invalid,59869
10627,valid,59844
10628,valid,59778
10629,invalid,59843
10630,valid,59858
10631,invalid,59873
10632,valid,59800
10633,valid,59867
10634,invalid,59851
10635,invalid,60418
10636,valid,59575
10637,invalid,59878
10638,invalid,59849
10639,valid,59891
10640,invalid,59864
10641,valid,59813
10642,invalid,59898
10643,invalid,59728
10644,invalid,59852
10645,invalid,59939
10646,invalid,59835
10647,invalid,59895
10648,valid,59853
10649,invalid,59865
10650,valid,59896
10651,valid,59872
10652,valid,59843
10653,valid,59736
10654,valid,59900
10655,invalid,60401
10656,invalid,59925
10657,valid,59814
10658,valid,59831
10659,invalid,59870
10660,valid,59871
10661,invalid,59815
10662,invalid,59850
10663,valid,59880
10664,invalid,59905
10665,invalid,60486
10666,invalid,59866
10667,invalid,59639
10668,valid,59738
10669,valid,59845
10670,invalid,59921
10671,invalid,59836
10672,valid,59876
10673,valid,59937
10674,invalid,59867
10675,invalid,59821
10676,valid,59606
10677,invalid,59852
10678,valid,59829
10679,invalid,59842
10680,valid,59711
10681,invalid,59925
10682,valid,60542
10683,invalid,59849
10684,valid,59838
10685,invalid,60398
10686,invalid,60098
10687,valid,59813
10688,valid,59973
10689,valid,59842
10690,valid,59858
10691,valid,59845
10692,valid,60675
10693,invalid,59828
10694,valid,59900
10695,invalid,60350
10696,valid,61609
10697,valid,59860
10698,invalid,60199
10699,valid,59850
10700,valid,59851
10701,valid,59896
10702,valid,59871
10703,valid,59852
10704,valid,59951
10705,valid,59839
10706,valid,61011
10707,valid,62555
10708,invalid,60513
10709,invalid,59849
10710,valid,63686
10711,valid,59811
10712,invalid,59723
10713,invalid,59874
10714,valid,59883
10715,valid,60432
10716,invalid,59839
10717,invalid,60902
10718,invalid,69246
10719,invalid,64446
10720,invalid,63116
10721,valid,60844
10722,valid,59841
10723,valid,59827
10724,invalid,59806
10725,valid,59763
10726,valid,59927
10727,valid,59771
10728,valid,59795
10729,invalid,59767
10730,valid,59736
10731,valid,59739
10732,valid,59856
10733,invalid,60607
10734,invalid,60226
10735,valid,60178
10736,valid,60071
10737,invalid,59810
10738,invalid,59892
10739,invalid,59943
10740,invalid,59805
10741,invalid,59689
10742,invalid,59825
10743,valid,59780
10744,valid,59782
10745,valid,59760
10746,invalid,60121
10747,valid,59792
10748,invalid,59837
10749,valid,59781
10750,invalid,59716
10751,invalid,59762
10752,invalid,59766
10753,valid,60326
10754,valid,59747
10755,valid,59817
10756,invalid,60501
10757,invalid,59809
10758,valid,59755
10759,valid,59770
10760,valid,59716
10761,invalid,59782
10762,valid,59732
10763,invalid,60657
10764,valid,59746
10765,invalid,60663
10766,valid,61006
10767,invalid,59773
10768,valid,59670
10769,invalid,60067
10770,valid,60668
10771,invalid,59790
10772,invalid,59731
10773,valid,59767
10774,valid,59773
10775,invalid,59807
10776,valid,59768
10777,invalid,59689
10778,valid,59742
10779,valid,59775
10780,invalid,59736
10781,valid,59839
10782,invalid,59502
10783,invalid,59789
10784,invalid,59807
10785,valid,59751
10786,valid,60466
10787,invalid,59797
10788,invalid,59758
10789,invalid,59784
10790,valid,59711
10791,invalid,59770
10792,invalid,59802
10793,valid,60058
10794,valid,59826
10795,valid,59799
10796,invalid,59722
10797,valid,59778
10798,invalid,59736
10799,valid,59834
10800,valid,59762
10801,valid,59821
10802,valid,59767
10803,valid,60800
10804,invalid,59778
10805,valid,59594
10806,valid,59759
10807,invalid,59758
10808,valid,59733
10809,valid,59733
10810,invalid,60046
10811,valid,59773
10812,invalid,59799
10813,invalid,59794
10814,invalid,59646
10815,invalid,59825
10816,invalid,59744
10817,invalid,59788
10818,valid,59800
10819,invalid,59779
10820,invalid,60278
10821,valid,59747
10822,valid,59741
10823,valid,59736
10824,valid,59785
10825,invalid,59729
10826,invalid,59774
10827,invalid,59817
10828,invalid,59753
10829,invalid,59768
10830,invalid,59737
10831,invalid,59781
10832,invalid,59651
10833,valid,59765
10834,invalid,59702
10835,invalid,59764
10836,invalid,59794
10837,invalid,60651
10838,valid,59792
10839,valid,59573
10840,invalid,59730
10841,valid,59778
10842,valid,59777
10843,invalid,59794
10844,valid,59751
10845,invalid,59781
10846,valid,59716
10847,valid,60442
10848,valid,59950
10849,invalid,59788
10850,invalid,59760
10851,invalid,59753
10852,invalid,59730
10853,invalid,59798
10854,invalid,59823
10855,valid,59781
10856,invalid,59759
10857,invalid,59758
10858,valid,59785
10859,invalid,59750
10860,invalid,59738
10861,valid,59550
10862,invalid,59784
10863,invalid,59796
10864,invalid,59802
10865,valid,59739
10866,invalid,59760
10867,invalid,60268
10868,valid,60400
10869,invalid,59781
10870,invalid,59795
10871,valid,59776
10872,valid,59739
10873,invalid,59824
10874,invalid,59808
10875,invalid,59783
10876,invalid,63310
10877,invalid,61787
10878,invalid,59717
10879,invalid,59767
10880,valid,59768
10881,valid,59785
10882,valid,59737
10883,invalid,60091
10884,invalid,59751
10885,valid,59643
10886,invalid,59800
10887,invalid,59782
10888,valid,59778
10889,valid,59778
10890,valid,60401
10891,valid,59737
10892,valid,59718
10893,invalid,60306
10894,invalid,59793
10895,valid,59819
10896,valid,59769
10897,valid,59784
10898,invalid,59743
10899,invalid,59802
10900,valid,60308
10901,valid,63089
10902,invalid,59723
10903,valid,59754
10904,invalid,59743
10905,valid,59729
10906,invalid,60446
10907,valid,59827
10908,valid,59734
10909,valid,59886
10910,valid,59784
10911,valid,59728
10912,valid,59777
10913,valid,59822
10914,valid,59768
10915,valid,59717
10916,invalid,60066
10917,invalid,59734
10918,valid,59746
10919,valid,59797
10920,invalid,59722
10921,valid,59801
10922,invalid,62679
10923,invalid,62475
10924,valid,63084
10925,invalid,61798
10926,valid,60703
10927,valid,59765
10928,valid,59783
10929,valid,59864
10930,valid,59828
10931,valid,60403
10932,valid,59816
10933,invalid,59787
10934,invalid,59820
10935,invalid,59750
10936,invalid,59771
10937,invalid,59758
10938,valid,60079
10939,valid,59780
10940,valid,59880
10941,invalid,59852
10942,invalid,59745
10943,valid,59780
10944,valid,59810
10945,valid,59821
10946,valid,59753
10947,valid,59751
10948,invalid,60171
10949,valid,59778
10950,valid,59628
10951,valid,59848
10952,valid,59792
10953,valid,59783
10954,valid,59824
10955,invalid,59826
10956,invalid,60692
10957,invalid,60676
10958,invalid,59775
10959,invalid,59817
10960,invalid,59809
10961,invalid,60358
10962,valid,59828
10963,invalid,59787
10964,invalid,59824
10965,valid,59763
10966,valid,59875
10967,valid,59680
10968,valid,59860
10969,valid,59712
10970,valid,59785
10971,valid,60140
10972,valid,59784
10973,valid,59840
10974,valid,59737
10975,valid,59766
10976,valid,59826
10977,invalid,59796
10978,invalid,60515
10979,valid,59709
10980,invalid,59548
10981,invalid,59781
10982,invalid,59795
10983,valid,59740
10984,valid,59769
10985,valid,59817
10986,valid,60068
10987,valid,59757
10988,valid,59769
10989,valid,59820
10990,valid,59808
10991,invalid,59761
10992,valid,59799
10993,valid,59781
10994,valid,59756
10995,invalid,59769
10996,invalid,59878
10997,valid,60684
10998,invalid,61057
10999,invalid,59802
11000,invalid,59815
11001,valid,60449
11002,invalid,59801
11003,invalid,59770
11004,valid,59833
11005,invalid,59774
11006,valid,59788
11007,valid,59793
11008,invalid,60102
11009,invalid,59785
11010,valid,59838
11011,invalid,60137
11012,invalid,60178
11013,invalid,59792
11014,valid,60155
11015,invalid,59813
11016,invalid,59905
11017,invalid,59839
11018,invalid,59800
11019,valid,59781
11020,invalid,60292
11021,invalid,60170
11022,valid,59842
11023,valid,59776
11024,valid,59788
11025,valid,59736
11026,valid,59798
11027,invalid,59806
11028,invalid,59773
11029,valid,59787
11030,valid,59811
11031,valid,59761
11032,valid,59755
11033,invalid,59773
11034,invalid,59793
11035,invalid,59781
11036,valid,60651
11037,valid,59793
11038,invalid,59746
11039,valid,59779
11040,invalid,59802
11041,invalid,59830
11042,invalid,59558
11043,valid,59755
11044,invalid,59837
11045,invalid,59618
11046,valid,61095
11047,valid,59847
11048,invalid,59793
11049,valid,59790
11050,valid,59808
11051,invalid,59701
11052,valid,59855
11053,invalid,59778
11054,invalid,59759
11055,invalid,59739
11056,valid,60680
11057,valid,59792
11058,invalid,59851
11059,invalid,60420
11060,invalid,59731
11061,valid,59783
11062,valid,59778
11063,valid,59764
11064,valid,59824
11065,invalid,59841
11066,invalid,60130
11067,invalid,59750
11068,valid,59798
11069,valid,60320
11070,invalid,59801
11071,invalid,59723
11072,invalid,59835
11073,invalid,59784
11074,valid,59790
11075,invalid,59918
11076,valid,60029
11077,invalid,59804
11078,invalid,59811
11079,invalid,60384
11080,valid,59756
11081,valid,59821
11082,invalid,59814
11083,valid,59769
11084,invalid,59767
11085,valid,59728
11086,valid,59791
11087,valid,59793
11088,invalid,59813
11089,valid,59546
11090,valid,59733
11091,invalid,59800
11092,valid,59830
11093,valid,59791
11094,invalid,59743
11095,valid,59799
11096,invalid,60047
11097,valid,59759
11098,invalid,59798
11099,valid,59840
11100,invalid,59728
11101,invalid,59853
11102,invalid,59782
11103,invalid,59913
11104,invalid,59576
11105,valid,59821
11106,invalid,59863
11107,valid,59808
11108,invalid,59747
11109,valid,59803
11110,valid,59827
11111,valid,59774
11112,invalid,59809
11113,valid,60660
11114,invalid,59768
11115,invalid,59791
11116,invalid,60305
11117,invalid,59874
11118,valid,59796
11119,invalid,59812
11120,valid,59720
11121,invalid,59803
11122,valid,59765
11123,valid,60101
11124,invalid,59816
11125,invalid,59801
11126,invalid,60092
11127,invalid,59745
11128,invalid,59773
11129,invalid,59796
11130,invalid,59737
11131,valid,59797
11132,invalid,59747
11133,valid,60531
11134,invalid,59811
11135,invalid,59775
11136,valid,59809
11137,invalid,59797
11138,valid,59782
11139,valid,59617
11140,valid,59786
11141,invalid,59766
11142,valid,61098
11143,invalid,61060
11144,invalid,59827
11145,invalid,59793
11146,valid,60342
11147,invalid,59744
11148,invalid,59792
11149,valid,59754
11150,invalid,59802
11151,invalid,59785
11152,invalid,59758
11153,valid,59756
11154,invalid,59762
11155,invalid,59747
11156,invalid,60419
11157,invalid,59817
11158,invalid,59854
11159,invalid,60644
11160,valid,59822
11161,valid,59796
11162,invalid,59698
11163,valid,59763
11164,invalid,59795
11165,valid,59742
11166,valid,60128
11167,valid,59779
11168,valid,59742
11169,valid,59785
11170,invalid,59761
11171,invalid,59769
11172,valid,59840
11173,valid,60005
11174,invalid,59946
11175,valid,60875
11176,invalid,59818
11177,invalid,59797
11178,invalid,60452
11179,valid,59833
11180,valid,59583
11181,valid,59747
11182,invalid,59799
11183,valid,59742
11184,invalid,59838
11185,invalid,59802
11186,valid,59813
11187,invalid,59813
11188,valid,59829
11189,valid,62968
11190,invalid,59786
11191,valid,60311
11192,invalid,59765
11193,invalid,59757
11194,valid,59797
11195,invalid,59796
11196,valid,59773
11197,valid,63520
11198,valid,59799
11199,valid,59884
11200,valid,60089
11201,valid,59850
11202,invalid,59804
11203,invalid,59792
11204,valid,59562
11205,valid,59829
11206,invalid,59800
11207,valid,60503
11208,valid,59762
11209,invalid,59829
11210,valid,60128
11211,valid,59816
11212,valid,59779
11213,invalid,59724
11214,invalid,59807
11215,invalid,59824
11216,valid,59826
11217,valid,59828
11218,valid,63104
11219,invalid,63652
11220,valid,59815
11221,invalid,60208
11222,valid,60474
11223,valid,59911
11224,valid,59777
11225,invalid,59737
11226,invalid,59776
11227,invalid,59814
11228,valid,59746
11229,valid,60046
11230,invalid,59818
11231,invalid,59933
11232,valid,59769
11233,valid,59804
11234,invalid,59826
11235,invalid,59798
11236,valid,59781
11237,invalid,59837
11238,valid,59769
11239,valid,60337
11240,valid,59833
11241,valid,59830
11242,invalid,59804
11243,invalid,59741
11244,valid,59764
11245,invalid,59781
11246,valid,59790
11247,invalid,59815
11248,invalid,59801
11249,invalid,59882
11250,valid,59793
11251,valid,59758
11252,invalid,60318
11253,valid,59638
11254,invalid,59787
11255,invalid,59731
11256,valid,59773
11257,valid,59751
11258,invalid,59778
11259,valid,60668
11260,invalid,59838
11261,valid,59839
11262,valid,59763
11263,valid,59874
11264,invalid,59746
11265,valid,59789
11266,valid,59777
11267,valid,59523
11268,valid,59850
11269,invalid,60333
11270,invalid,59861
11271,valid,59849
11272,invalid,61523
11273,valid,59757
11274,invalid,59794
11275,valid,60114
11276,invalid,59773
11277,invalid,59866
11278,valid,59785
11279,invalid,59743
11280,invalid,59839
11281,invalid,59921
11282,valid,59854
11283,valid,59797
11284,invalid,59811
11285,valid,60375
11286,invalid,59787
11287,invalid,59879
11288,valid,59759
11289,valid,59769
11290,invalid,59745
11291,valid,59744
11292,invalid,60676
11293,invalid,59762
11294,valid,59805
11295,valid,63718
11296,valid,59789
11297,invalid,59794
11298,valid,59812
11299,invalid,59816
11300,invalid,59820
11301,invalid,60085
11302,valid,59780
11303,invalid,59572
11304,invalid,59826
11305,invalid,59831
11306,invalid,59798
11307,invalid,59796
11308,valid,59864
11309,valid,59940
11310,valid,59764
11311,valid,59828
11312,invalid,59763
11313,invalid,59558
11314,invalid,59827
11315,valid,59786
11316,valid,59777
11317,invalid,61274
11318,valid,59838
11319,valid,59833
11320,valid,59492
11321,invalid,60430
11322,invalid,59817
11323,invalid,59762
11324,invalid,59783
11325,invalid,59797
11326,valid,59787
11327,invalid,59797
11328,valid,60169
11329,invalid,60005
11330,valid,60885
11331,valid,59861
11332,valid,59769
11333,valid,60371
11334,invalid,59786
11335,valid,59828
11336,valid,59875
11337,valid,59893
11338,valid,59772
11339,invalid,59770
11340,invalid,59802
11341,invalid,59793
11342,valid,59793
11343,valid,60501
11344,invalid,59793
11345,valid,59789
11346,valid,59867
11347,invalid,59748
11348,invalid,59826
11349,valid,59828
11350,invalid,59932
11351,valid,59762
11352,valid,59780
11353,invalid,60347
11354,invalid,59796
11355,valid,59581
11356,invalid,59773
11357,invalid,60273
11358,valid,59749
11359,valid,59720
11360,invalid,59852
11361,invalid,59743
11362,invalid,60310
11363,invalid,62912
11364,invalid,60248
11365,invalid,60186
11366,invalid,59818
11367,valid,60835
11368,valid,59885
11369,invalid,59769
11370,invalid,59805
11371,valid,60144
11372,valid,59853
11373,valid,59743
11374,valid,59830
11375,invalid,59757
11376,invalid,59788
11377,invalid,59768
11378,valid,59845
11379,valid,59791
11380,valid,59804
11381,valid,59917
11382,invalid,59746
11383,invalid,59826
11384,valid,59885
11385,valid,59787
11386,valid,59787
11387,invalid,59784
11388,invalid,59514
11389,invalid,59760
11390,valid,59835
11391,invalid,59801
11392,valid,60866
11393,valid,60402
11394,valid,59811
11395,valid,59795
11396,valid,59849
11397,invalid,59742
11398,invalid,59847
11399,invalid,59787
11400,invalid,59908
11401,valid,59785
11402,valid,59712
11403,valid,59834
11404,valid,60070
11405,invalid,59839
11406,invalid,59828
11407,valid,59785
11408,invalid,60260
11409,valid,59833
11410,invalid,59871
11411,valid,60289
11412,invalid,59825
11413,invalid,59747
11414,invalid,59791
11415,invalid,59817
11416,invalid,59758
11417,valid,59766
11418,valid,60414
11419,valid,59835
11420,invalid,59811
11421,invalid,60085
11422,invalid,59855
11423,invalid,59780
11424,invalid,59769
11425,invalid,59883
11426,invalid,59802
11427,valid,59814
11428,invalid,59874
11429,valid,59774
11430,invalid,59770
11431,valid,59783
11432,invalid,59795
11433,invalid,59789
11434,invalid,59751
11435,valid,59788
11436,valid,59844
11437,invalid,59776
11438,invalid,60960
11439,valid,59794
11440,valid,59813
11441,invalid,60296
11442,valid,62368
11443,valid,59801
11444,valid,61105
11445,valid,59795
11446,valid,61324
11447,valid,60460
11448,invalid,59778
11449,invalid,59774
11450,invalid,60504
11451,valid,59809
11452,invalid,59807
11453,invalid,59757
11454,invalid,59829
11455,invalid,59805
11456,invalid,59733
11457,valid,60012
11458,valid,59766
11459,invalid,59847
11460,valid,60100
11461,valid,59807
11462,invalid,59844
11463,invalid,59777
11464,invalid,59752
11465,invalid,59800
11466,invalid,60068
11467,valid,60256
11468,valid,59816
11469,valid,59866
11470,invalid,61512
11471,invalid,60245
11472,valid,60238
11473,invalid,60415
11474,invalid,60204
11475,valid,60070
11476,valid,59780
11477,invalid,59813
11478,valid,59794
11479,valid,59824
11480,invalid,59792
11481,invalid,59724
11482,invalid,60418
11483,invalid,60053
11484,invalid,59792
11485,valid,59923
11486,invalid,59769
11487,invalid,59747
11488,invalid,59761
11489,valid,59779
11490,valid,59752
11491,valid,59804
11492,valid,59825
11493,invalid,59848
11494,valid,59802
11495,valid,60881
11496,invalid,59792
11497,valid,59798
11498,valid,59835
11499,invalid,59799
11500,valid,59726
11501,valid,59692
11502,valid,59804
11503,valid,59771
11504,valid,59871
11505,valid,60850
11506,invalid,59773
11507,valid,60039
11508,invalid,59785
11509,valid,59804
11510,valid,59800
11511,invalid,59787
11512,valid,59868
11513,valid,59831
11514,valid,59844
11515,valid,59785
11516,valid,59777
11517,valid,59798
11518,valid,59735
11519,valid,59808
11520,valid,59763
11521,invalid,59752
11522,invalid,59772
11523,invalid,59775
11524,valid,59818
11525,invalid,60278
11526,invalid,59829
11527,invalid,59728
11528,valid,59909
11529,invalid,59838
11530,valid,59771
11531,valid,59810
11532,invalid,59811
11533,invalid,59769
11534,invalid,59775
11535,valid,59920
11536,valid,59768
11537,invalid,59763
11538,invalid,59771
11539,invalid,59773
11540,valid,59813
11541,invalid,59750
11542,invalid,60602
11543,invalid,59793
11544,valid,59787
11545,invalid,60110
11546,invalid,59781
11547,invalid,59775
11548,invalid,59840
11549,invalid,59487
11550,valid,59783
11551,invalid,59866
11552,invalid,59762
11553,invalid,59877
11554,valid,59788
11555,invalid,59508
11556,invalid,59739
11557,invalid,59815
11558,valid,59752
11559,invalid,59803
11560,invalid,59687
11561,invalid,59808
11562,valid,60352
11563,invalid,59803
11564,invalid,59822
11565,valid,59838
11566,valid,59984
11567,invalid,59775
11568,valid,59765
11569,invalid,59865
11570,valid,59773
11571,valid,60223
11572,invalid,60917
11573,invalid,60183
11574,valid,60902
11575,valid,60992
11576,valid,59767
11577,invalid,59643
11578,invalid,59833
11579,valid,59838
11580,valid,59775
11581,invalid,59829
11582,valid,59772
11583,valid,59803
11584,valid,59812
11585,valid,59774
11586,invalid,59795
11587,valid,60085
11588,valid,59771
11589,invalid,59797
11590,valid,63454
11591,valid,60120
11592,valid,60101
11593,valid,60517
11594,invalid,59820
11595,invalid,59773
11596,invalid,59789
11597,invalid,59785
11598,valid,59814
11599,valid,59755
11600,valid,60032
11601,invalid,59716
11602,valid,60016
11603,invalid,60375
11604,invalid,59797
11605,invalid,59786
11606,valid,59828
11607,valid,59759
11608,valid,59772
11609,invalid,59758
11610,valid,59550
11611,invalid,59805
11612,valid,60419
11613,valid,60410
11614,invalid,59746
11615,valid,59754
11616,invalid,59799
11617,valid,59765
11618,invalid,59776
11619,invalid,59829
11620,invalid,59783
11621,valid,59783
11622,invalid,59788
11623,valid,59856
11624,valid,59828
11625,valid,59832
11626,invalid,59821
11627,invalid,62474
11628,invalid,59783
11629,valid,59827
11630,valid,59808
11631,invalid,59777
11632,valid,59783
11633,valid,59836
11634,invalid,59770
11635,invalid,59768
11636,valid,60915
11637,invalid,59916
11638,valid,60353
11639,valid,59792
11640,invalid,59762
11641,invalid,59832
11642,valid,59855
11643,valid,59783
11644,invalid,59801
11645,invalid,60411
11646,valid,59769
11647,invalid,59831
11648,invalid,59763
11649,valid,59786
11650,invalid,59784
11651,valid,59924
11652,valid,59813
11653,valid,59593
11654,valid,59757
11655,invalid,60372
11656,invalid,60164
11657,invalid,59786
11658,valid,59805
11659,valid,59888
11660,invalid,59793
11661,invalid,59822
11662,valid,59775
11663,valid,59799
11664,valid,59773
11665,valid,60563
11666,invalid,59748
11667,valid,59634
11668,valid,59772
11669,invalid,59760
11670,invalid,59809
11671,invalid,59771
11672,invalid,60820
11673,invalid,59776
11674,invalid,59789
11675,invalid,60201
11676,invalid,62090
11677,invalid,60135
11678,invalid,62517
11679,invalid,59842
11680,valid,59814
11681,valid,60253
11682,invalid,59834
11683,valid,59777
11684,invalid,59594
11685,invalid,59778
11686,invalid,59798
11687,invalid,59808
11688,invalid,59837
11689,valid,59818
11690,valid,59742
11691,invalid,59790
11692,invalid,59816
11693,invalid,59707
11694,valid,60368
11695,invalid,59836
11696,valid,59774
11697,valid,59740
11698,valid,59843
11699,valid,59772
11700,valid,59761
11701,valid,59767
11702,invalid,59812
11703,valid,59848
11704,invalid,60311
11705,invalid,59766
11706,invalid,59863
11707,invalid,59730
11708,invalid,63137
11709,valid,59801
11710,invalid,60331
11711,valid,59747
11712,valid,59812
11713,invalid,59747
11714,valid,59767
11715,valid,59832
11716,invalid,59813
11717,invalid,60153
11718,invalid,59797
11719,valid,59876
11720,invalid,60402
11721,invalid,59757
11722,valid,59824
11723,invalid,59718
11724,valid,59789
11725,valid,59800
11726,valid,59806
11727,valid,60085
11728,valid,59805
11729,invalid,59784
11730,valid,59789
11731,valid,59770
11732,invalid,59532
11733,valid,59736
11734,invalid,59743
11735,invalid,59779
11736,valid,59731
11737,valid,60348
11738,valid,59772
11739,invalid,59793
11740,invalid,59808
11741,invalid,59824
11742,valid,59779
11743,invalid,60777
11744,valid,59702
11745,valid,60764
11746,invalid,59757
11747,valid,59774
11748,valid,59788
11749,invalid,60770
11750,valid,60856
11751,invalid,59816
11752,invalid,59780
11753,valid,60356
11754,valid,59794
11755,invalid,59753
11756,invalid,59764
11757,valid,59726
11758,invalid,59740
11759,invalid,59794
11760,valid,59796
11761,invalid,59790
11762,valid,59800
11763,valid,59820
11764,valid,59837
11765,valid,59782
11766,valid,59737
11767,valid,59784
11768,invalid,59799
11769,invalid,59706
11770,invalid,60487
11771,invalid,59806
11772,invalid,59830
11773,invalid,59781
11774,invalid,59804
11775,valid,59858
11776,valid,59771
11777,invalid,59816
11778,invalid,59781
11779,valid,59824
11780,valid,60465
11781,invalid,59748
11782,invalid,59671
11783,valid,59792
11784,invalid,59770
11785,invalid,59820
11786,invalid,59726
11787,valid,59775
11788,invalid,60496
11789,invalid,59885
11790,invalid,59985
11791,valid,59979
11792,valid,59883
11793,invalid,59774
11794,valid,59817
11795,valid,59811
11796,invalid,59578
11797,invalid,59830
11798,valid,60228
11799,valid,59756
11800,valid,59793
11801,invalid,60141
11802,valid,59758
11803,invalid,59834
11804,invalid,59793
11805,valid,59789
11806,invalid,59785
11807,valid,59813
11808,invalid,60247
11809,invalid,59812
11810,valid,59772
11811,invalid,60066
11812,invalid,59843
11813,valid,59810
11814,invalid,59824
11815,invalid,59870
11816,invalid,59780
11817,invalid,59840
11818,valid,60473
11819,invalid,60712
11820,valid,59829
11821,valid,59820
11822,valid,59608
11823,valid,59804
11824,invalid,59568
11825,invalid,59874
11826,valid,59714
11827,valid,59742
11828,valid,60074
11829,valid,59779
11830,valid,59788
11831,valid,60145
11832,invalid,59760
11833,invalid,59777
11834,invalid,59791
11835,valid,59819
11836,valid,59792
11837,valid,59782
11838,invalid,60406
11839,valid,59730
11840,valid,59650
11841,invalid,59790
11842,valid,59774
11843,invalid,59832
11844,valid,59771
11845,valid,59803
11846,invalid,59766
11847,invalid,59780
11848,valid,61231
11849,valid,59789
11850,invalid,59731
11851,invalid,60102
11852,invalid,59789
11853,valid,59818
11854,valid,59754
11855,valid,59777
11856,valid,59768
11857,valid,59755
11858,valid,60398
11859,invalid,59826
11860,invalid,59870
11861,invalid,60395
11862,invalid,59765
11863,valid,59809
11864,invalid,59855
11865,invalid,59834
11866,valid,59668
11867,valid,59858
11868,invalid,59830
11869,valid,59761
11870,valid,59820
11871,valid,60118
11872,valid,59730
11873,invalid,59764
11874,valid,59774
11875,valid,59845
11876,invalid,59825
11877,invalid,59825
11878,invalid,60636
11879,valid,59694
11880,valid,59792
11881,valid,60081
11882,valid,59815
11883,valid,59791
11884,invalid,59746
11885,valid,59780
11886,valid,59799
11887,valid,59503
11888,valid,59523
11889,valid,59780
11890,invalid,59849
11891,valid,59847
11892,invalid,59896
11893,invalid,59803
11894,valid,59836
11895,valid,59785
11896,invalid,59831
11897,invalid,59762
11898,valid,60408
11899,valid,59809
11900,valid,59805
11901,valid,59784
11902,invalid,59914
11903,valid,59787
11904,invalid,59810
11905,valid,59724
11906,valid,60024
11907,valid,59777
11908,valid,59825
11909,invalid,59762
11910,valid,59851
11911,invalid,59818
11912,invalid,59798
11913,valid,59795
11914,invalid,59795
11915,valid,60616
11916,invalid,59819
11917,valid,59821
11918,valid,60357
11919,invalid,59798
11920,valid,59803
11921,valid,59838
11922,valid,59801
11923,valid,59835
11924,valid,59822
11925,invalid,59905
11926,valid,59758
11927,invalid,59780
11928,invalid,60306
11929,invalid,59772
11930,valid,59881
11931,valid,59714
11932,valid,59815
11933,valid,59820
11934,valid,59744
11935,invalid,60562
11936,valid,59577
11937,valid,59762
11938,valid,59785
11939,valid,59849
11940,invalid,59790
11941,invalid,59827
11942,invalid,59758
11943,invalid,59872
11944,valid,60047
11945,invalid,60081
11946,invalid,60822
11947,valid,59865
11948,valid,59800
11949,valid,60051
11950,invalid,60453
11951,valid,59789
11952,valid,59960
11953,valid,60907
11954,invalid,59807
11955,valid,59927
11956,invalid,59817
11957,valid,59775
11958,valid,59796
11959,invalid,59749
11960,invalid,60995
11961,invalid,59777
11962,invalid,59815
11963,invalid,60166
11964,invalid,61514
11965,invalid,61238
11966,valid,60459
11967,valid,59757
11968,invalid,59787
11969,invalid,60132
11970,valid,59575
11971,valid,59747
11972,invalid,59819
11973,valid,59827
11974,valid,59788
11975,invalid,59828
11976,invalid,60941
11977,valid,59783
11978,valid,59822
11979,valid,59830
11980,invalid,61491
11981,invalid,61492
11982,invalid,60767
11983,valid,59798
11984,invalid,59783
11985,valid,60439
11986,valid,60085
11987,valid,59895
11988,valid,59829
11989,valid,59787
11990,valid,60165
11991,valid,60099
11992,valid,59797
11993,valid,60167
11994,valid,59817
11995,invalid,61201
11996,invalid,61611
11997,invalid,60297
11998,invalid,60087
11999,valid,60204
12000,valid,59769
12001,valid,60956
12002,invalid,59765
12003,invalid,59778
12004,valid,60325
12005,valid,60800
12006,invalid,61516
12007,valid,61539
12008,invalid,59808
12009,valid,60118
12010,valid,59826
12011,valid,59827
12012,invalid,59779
12013,valid,59814
12014,invalid,60380
12015,invalid,59646
12016,invalid,59824
12017,invalid,59812
12018,valid,59573
12019,valid,59775
12020,invalid,59806
12021,invalid,60419
12022,valid,59768
12023,invalid,59769
12024,valid,60333
12025,invalid,59878
12026,invalid,59802
12027,invalid,59825
12028,invalid,59827
12029,invalid,59876
12030,valid,59755
12031,invalid,60182
12032,invalid,59857
12033,invalid,59784
12034,valid,60114
12035,invalid,59755
12036,valid,59844
12037,valid,59848
12038,invalid,59833
12039,invalid,59749
12040,valid,59797
12041,invalid,60606
12042,invalid,59563
12043,valid,59806
12044,valid,61378
12045,invalid,59779
12046,valid,59845
12047,invalid,59745
12048,valid,59825
12049,valid,59721
12050,invalid,59831
12051,invalid,59807
12052,valid,59818
12053,valid,59812
12054,valid,60162
12055,valid,59754
12056,valid,59764
12057,valid,59796
12058,invalid,59794
12059,valid,59862
12060,invalid,59763
12061,valid,60344
12062,invalid,59849
12063,valid,59778
12064,valid,59836
12065,valid,59805
12066,invalid,59819
12067,invalid,59778
12068,invalid,59858
12069,invalid,59785
12070,invalid,59776
12071,invalid,60844
12072,valid,59762
12073,valid,59774
12074,invalid,60112
12075,valid,59817
12076,invalid,59797
12077,valid,59758
12078,valid,59807
12079,invalid,59823
12080,valid,59760
12081,invalid,60585
12082,invalid,59802
12083,invalid,59778
12084,invalid,60247
12085,invalid,59796
12086,invalid,59801
12087,valid,60328
12088,invalid,59780
12089,invalid,59862
12090,invalid,59775
12091,valid,59876
12092,valid,59854
12093,valid,59818
12094,valid,60476
12095,invalid,59774
12096,valid,59796
12097,valid,59693
12098,invalid,60151
12099,invalid,59947
12100,valid,59827
12101,valid,60710
12102,valid,59792
12103,invalid,59781
12104,valid,59802
12105,invalid,59826
12106,valid,60596
12107,valid,59793
12108,invalid,59900
12109,valid,60457
12110,valid,63200
12111,invalid,59816
12112,valid,59936
12113,valid,59795
12114,invalid,59697
12115,invalid,59792
12116,valid,59820
12117,invalid,59792
12118,invalid,59790
12119,invalid,62519
12120,invalid,60057
12121,valid,59788
12122,valid,59810
12123,invalid,59821
12124,invalid,59735
12125,invalid,60053
12126,valid,59791
12127,valid,59797
12128,invalid,59777
12129,invalid,59782
12130,valid,59822
12131,invalid,59818
12132,valid,60260
12133,valid,59910
12134,invalid,59820
12135,invalid,62900
12136,valid,59822
12137,invalid,59850
12138,valid,59756
12139,invalid,59786
12140,valid,59812
12141,invalid,61042
12142,invalid,59787
12143,valid,59845
12144,valid,59786
12145,invalid,59831
12146,valid,59785
12147,valid,59829
12148,invalid,59781
12149,invalid,59878
12150,valid,59816
12151,invalid,60572
12152,invalid,59754
12153,valid,59723
12154,invalid,59800
12155,valid,59837
12156,valid,59801
12157,valid,59790
12158,invalid,59524
12159,invalid,59811
12160,valid,59783
12161,invalid,60857
12162,valid,59738
12163,valid,63251
12164,valid,59785
12165,invalid,59822
12166,valid,60119
12167,invalid,60373
12168,valid,59806
12169,valid,59807
12170,valid,60074
12171,valid,59826
12172,valid,59813
12173,invalid,59557
12174,invalid,59803
12175,invalid,59823
12176,valid,59835
12177,valid,60625
12178,valid,59816
12179,invalid,59815
12180,valid,59766
12181,valid,63140
12182,invalid,60208
12183,valid,60461
12184,invalid,59845
12185,valid,59815
12186,invalid,60346
12187,valid,59848
12188,valid,59571
12189,invalid,59860
12190,valid,59857
12191,invalid,59798
12192,valid,59801
12193,valid,60204
12194,valid,59768
12195,valid,59846
12196,valid,60166
12197,invalid,59800
12198,valid,59803
12199,valid,59526
12200,invalid,59826
12201,valid,59841
12202,invalid,59790
12203,valid,60643
12204,invalid,59858
12205,valid,59831
12206,invalid,60271
12207,valid,59810
12208,valid,59824
12209,invalid,59845
12210,invalid,59828
12211,valid,59845
12212,invalid,59766
12213,valid,60038
12214,invalid,59808
12215,invalid,59811
12216,valid,60446
12217,invalid,59834
12218,invalid,59794
12219,valid,59859
12220,valid,59873
12221,invalid,62536
12222,invalid,60387
12223,valid,60243
12224,valid,60307
12225,invalid,59790
12226,valid,59728
12227,valid,59517
12228,invalid,59748
12229,valid,59563
12230,valid,59751
12231,invalid,60911
12232,valid,59773
12233,valid,59782
12234,invalid,63799
12235,invalid,59798
12236,invalid,59781
12237,invalid,60224
12238,invalid,60162
12239,invalid,60106
12240,valid,60833
12241,valid,59814
12242,invalid,59847
12243,invalid,59801
12244,invalid,59870
12245,invalid,59507
12246,invalid,59773
12247,valid,59786
12248,invalid,59838
12249,valid,59746
12250,invalid,60323
12251,invalid,60364
12252,valid,60166
12253,invalid,59888
12254,invalid,59926
12255,invalid,59839
12256,invalid,59724
12257,valid,59769
12258,invalid,59857
12259,valid,60767
12260,valid,63129
12261,valid,60018
12262,invalid,60324
12263,invalid,60615
12264,valid,59812
12265,invalid,59797
12266,valid,59819
12267,valid,63201
12268,invalid,63101
12269,invalid,59796
12270,valid,59772
12271,invalid,59820
12272,invalid,59757
12273,valid,63693
12274,invalid,59819
12275,valid,61065
12276,invalid,60325
12277,invalid,59782
12278,valid,59878
12279,valid,59774
12280,valid,59803
12281,valid,59790
12282,invalid,59824
12283,valid,59813
12284,invalid,59748
12285,valid,60110
12286,valid,62260
12287,valid,61625
12288,invalid,61504
12289,invalid,60114
12290,invalid,59777
12291,valid,61567
12292,valid,59806
12293,invalid,59922
12294,invalid,59889
12295,valid,59758
12296,invalid,59787
12297,valid,59821
12298,valid,59846
12299,invalid,59847
12300,valid,59803
12301,valid,59798
12302,invalid,59835
12303,valid,59803
12304,valid,59817
12305,invalid,60082
12306,valid,59775
12307,invalid,59829
12308,invalid,60340
12309,valid,59742
12310,valid,60953
12311,valid,60139
12312,invalid,59978
12313,invalid,59780
12314,invalid,59880
12315,invalid,59774
12316,invalid,59790
12317,invalid,59822
12318,valid,60779
12319,valid,59834
12320,invalid,59843
12321,invalid,60335
12322,invalid,59523
12323,invalid,59789
12324,invalid,59797
12325,invalid,59820
12326,valid,59772
12327,invalid,59785
12328,invalid,60545
12329,invalid,59799
12330,valid,59755
12331,valid,59845
12332,invalid,59796
12333,invalid,59854
12334,invalid,59726
12335,valid,60552
12336,valid,59803
12337,invalid,59806
12338,valid,59946
12339,valid,59790
12340,valid,59860
12341,invalid,60070
12342,invalid,59834
12343,invalid,59814
12344,valid,59799
12345,valid,59902
12346,invalid,59794
12347,invalid,59811
12348,valid,60389
12349,invalid,59791
12350,invalid,61374
12351,valid,60382
12352,valid,59859
12353,valid,59957
12354,valid,60094
12355,valid,59818
12356,invalid,60668
12357,invalid,59810
12358,invalid,59823
12359,invalid,59800
12360,invalid,61391
12361,valid,59863
12362,invalid,59902
12363,valid,59795
12364,valid,59883
12365,invalid,59786
12366,valid,59819
12367,invalid,59730
12368,valid,59784
12369,valid,59759
12370,invalid,59808
12371,invalid,59756
12372,valid,59793
12373,invalid,59810
12374,valid,60571
12375,invalid,59823
12376,invalid,59566
12377,valid,60311
12378,valid,59789
12379,invalid,59850
12380,invalid,59871
12381,invalid,59752
12382,valid,59831
12383,valid,59813
12384,valid,60347
12385,valid,59835
12386,invalid,59766
12387,invalid,60348
12388,valid,59836
12389,invalid,59731
12390,valid,59775
12391,invalid,59773
12392,valid,59810
12393,invalid,60919
12394,valid,59836
12395,invalid,59780
12396,valid,59768
12397,invalid,60082
12398,invalid,61508
12399,valid,59784
12400,valid,60528
12401,invalid,59857
12402,valid,59822
12403,invalid,59829
12404,invalid,59830
12405,valid,59863
12406,invalid,60240
12407,valid,59730
12408,valid,59792
12409,invalid,60859
12410,invalid,59733
12411,invalid,60190
12412,invalid,60737
12413,valid,60203
12414,valid,59766
12415,valid,59751
12416,valid,59779
12417,valid,59756
12418,invalid,59772
12419,valid,59865
12420,invalid,59757
12421,invalid,59800
12422,valid,60075
12423,invalid,59776
12424,invalid,59811
12425,valid,59875
12426,valid,62635
12427,invalid,65987
12428,valid,60440
12429,invalid,59765
12430,invalid,59750
12431,invalid,59747
12432,invalid,59778
12433,invalid,59786
12434,invalid,60359
12435,valid,60749
12436,valid,59858
12437,invalid,59824
12438,valid,59836
12439,invalid,59861
12440,valid,59853
12441,valid,60063
12442,valid,63103
12443,valid,59827
12444,valid,59772
12445,valid,59825
12446,valid,59751
12447,valid,59799
12448,valid,59763
12449,invalid,59797
12450,invalid,59845
12451,valid,59815
12452,valid,59845
12453,valid,59790
12454,invalid,60788
12455,invalid,59754
12456,valid,59852
12457,invalid,60364
12458,invalid,59802
12459,valid,59732
12460,invalid,59770
12461,invalid,59799
12462,invalid,59856
12463,invalid,59779
12464,valid,60425
12465,invalid,59837
12466,valid,59715
12467,valid,60402
12468,valid,59789
12469,invalid,59856
12470,invalid,59897
12471,valid,59772
12472,invalid,59779
12473,invalid,60253
12474,invalid,59801
12475,valid,59820
12476,valid,59795
12477,valid,60331
12478,invalid,59787
12479,valid,59756
12480,valid,59845
12481,valid,59774
12482,valid,59819
12483,valid,59744
12484,invalid,60087
12485,invalid,59823
12486,invalid,59831
12487,invalid,60154
12488,valid,59824
12489,valid,63090
12490,invalid,60454
12491,invalid,59829
12492,invalid,59803
12493,invalid,59515
12494,invalid,59742
12495,invalid,59851
12496,valid,59785
12497,valid,59835
12498,valid,59818
12499,invalid,59847
12500,invalid,61037
12501,valid,59731
12502,valid,59841
12503,invalid,61384
12504,valid,59791
12505,valid,59757
12506,invalid,59814
12507,valid,59777
12508,valid,59575
12509,invalid,59834
12510,valid,59837
12511,valid,59835
12512,invalid,59786
12513,valid,60281
12514,valid,59785
12515,invalid,59766
12516,valid,59768
12517,valid,59742
12518,valid,59772
12519,valid,59793
12520,invalid,60086
12521,valid,59779
12522,invalid,59773
12523,invalid,60477
12524,valid,59768
12525,valid,59791
12526,valid,59868
12527,invalid,59594
12528,valid,59841
12529,valid,63716
12530,invalid,59786
12531,valid,59767
12532,invalid,59811
12533,valid,59795
12534,invalid,59789
12535,valid,59797
12536,invalid,59816
12537,invalid,59809
12538,valid,59802
12539,invalid,59769
12540,invalid,59779
12541,valid,59794
12542,invalid,59772
12543,invalid,59814
12544,invalid,59785
12545,valid,59817
12546,invalid,60081
12547,valid,59816
12548,valid,59825
12549,invalid,59905
12550,invalid,59724
12551,valid,59828
12552,invalid,59532
12553,valid,60260
12554,invalid,59800
12555,invalid,59801
12556,valid,60210
12557,valid,60190
12558,invalid,60684
12559,valid,59944
12560,invalid,59823
12561,valid,59802
12562,invalid,59841
12563,valid,59802
12564,invalid,60220
12565,invalid,59780
12566,valid,59843
12567,invalid,59798
12568,invalid,59751
12569,valid,59822
12570,valid,59774
12571,invalid,59771
12572,invalid,59799
12573,invalid,59942
12574,invalid,60609
12575,valid,59743
12576,invalid,59766
12577,valid,60359
12578,invalid,60700
12579,invalid,59774
12580,valid,59799
12581,invalid,59752
12582,valid,59803
12583,invalid,59767
12584,invalid,59756
12585,invalid,59865
12586,invalid,59844
12587,valid,59834
12588,invalid,63065
12589,invalid,59837
12590,valid,60319
12591,valid,59838
12592,valid,59822
12593,valid,59830
12594,valid,59789
12595,valid,59773
12596,valid,59803
12597,valid,59730
12598,invalid,59814
12599,invalid,59649
12600,valid,60812
12601,valid,59802
12602,valid,59843
12603,valid,60345
12604,valid,59776
12605,valid,59782
12606,valid,59768
12607,invalid,59758
12608,invalid,59800
12609,invalid,59794
12610,valid,59709
12611,invalid,59731
12612,valid,59725
12613,valid,59693
12614,invalid,59804
12615,valid,59769
12616,invalid,59817
12617,invalid,59819
12618,invalid,59859
12619,invalid,59774
12620,invalid,59738
12621,invalid,59795
12622,valid,59749
12623,invalid,59818
12624,valid,59737
12625,valid,59805
12626,valid,59782
12627,valid,60317
12628,invalid,60437
12629,invalid,59782
12630,invalid,60486
12631,valid,59864
12632,valid,60100
12633,valid,59767
12634,invalid,59821
12635,invalid,59874
12636,valid,59770
12637,invalid,59774
12638,valid,59812
12639,valid,59816
12640,invalid,60919
12641,invalid,59755
12642,valid,63080
12643,valid,59792
12644,valid,59822
12645,invalid,59795
12646,invalid,63099
12647,invalid,59813
12648,valid,59797
12649,invalid,59789
12650,invalid,61982
12651,valid,60553
12652,valid,59844
12653,invalid,59835
12654,valid,59787
12655,invalid,59789
12656,valid,59749
12657,valid,60874
12658,valid,59952
12659,invalid,59834
12660,invalid,60339
12661,valid,59837
12662,invalid,59845
12663,valid,59831
12664,valid,59838
12665,invalid,59814
12666,valid,59800
12667,invalid,60006
12668,invalid,59826
12669,valid,59822
12670,invalid,60530
12671,invalid,59845
12672,invalid,59611
12673,invalid,59818
12674,valid,59769
12675,invalid,59802
12676,invalid,59563
12677,invalid,60134
12678,invalid,59807
12679,invalid,63094
12680,invalid,59774
12681,invalid,59821
12682,valid,59848
12683,invalid,60769
12684,invalid,59801
12685,valid,59828
12686,invalid,60352
12687,invalid,60710
12688,valid,59773
12689,valid,59778
12690,valid,59806
12691,valid,59770
12692,invalid,59842
12693,valid,59828
12694,valid,59782
12695,invalid,59744
12696,invalid,59792
12697,valid,59874
12698,invalid,59781
12699,invalid,59776
12700,valid,59791
12701,invalid,59787
12702,invalid,59851
12703,valid,59701
12704,invalid,59967
12705,invalid,60007
12706,invalid,60328
12707,valid,59773
12708,valid,59827
12709,invalid,59806
12710,invalid,59928
12711,valid,60188
12712,invalid,61373
12713,invalid,60239
12714,valid,59889
12715,invalid,59769
12716,invalid,60375
12717,valid,59857
12718,valid,59776
12719,valid,60397
12720,invalid,60179
12721,valid,59865
12722,invalid,59861
12723,invalid,60392
12724,invalid,60117
12725,invalid,60422
12726,valid,59763
12727,invalid,60409
12728,valid,62665
12729,valid,60300
12730,invalid,59790
12731,invalid,60515
12732,invalid,60141
12733,valid,60285
12734,invalid,60873
12735,valid,60149
12736,valid,60195
12737,invalid,60627
12738,valid,59816
12739,valid,59873
12740,invalid,59885
12741,valid,59837
12742,valid,59921
12743,valid,59798
12744,invalid,59826
12745,valid,59961
12746,valid,59792
12747,invalid,61126
12748,invalid,59809
12749,valid,59599
12750,invalid,60409
12751,valid,62124
12752,valid,59859
12753,invalid,60447
12754,invalid,59707
12755,valid,59835
12756,invalid,59859
12757,valid,59805
12758,valid,59735
12759,valid,59831
12760,invalid,59794
12761,invalid,59855
12762,invalid,59854
12763,valid,60412
12764,invalid,59796
12765,valid,59776
12766,invalid,59815
12767,valid,59878
12768,valid,59799
12769,invalid,59816
12770,valid,59843
12771,invalid,59769
12772,valid,59880
12773,valid,59822
12774,valid,59830
12775,valid,59832
12776,invalid,59845
12777,invalid,59810
12778,invalid,59833
12779,invalid,60167
12780,invalid,59907
12781,valid,59810
12782,invalid,60179
12783,valid,60099
12784,invalid,59819
12785,invalid,59818
12786,invalid,59828
12787,valid,61516
12788,valid,59808
12789,invalid,59845
12790,valid,59848
12791,invalid,59870
12792,invalid,59796
12793,valid,60076
12794,valid,59807
12795,invalid,59822
12796,invalid,59793
12797,invalid,61027
12798,valid,59866
12799,invalid,59785
12800,invalid,59753
12801,valid,59849
12802,valid,59814
12803,valid,59781
12804,valid,59812
12805,valid,59865
12806,valid,59927
12807,valid,59806
12808,invalid,59766
12809,invalid,59824
12810,invalid,59806
12811,valid,59832
12812,invalid,59874
12813,invalid,59826
12814,invalid,59850
12815,valid,59805
12816,invalid,59779
12817,valid,59814
12818,invalid,59870
12819,valid,59836
12820,valid,59843
12821,valid,59864
12822,valid,59835
12823,valid,60851
12824,invalid,60717
12825,invalid,59814
12826,invalid,61046
12827,valid,59867
12828,valid,59824
12829,invalid,61649
12830,valid,59902
12831,invalid,59817
12832,valid,59827
12833,valid,60184
12834,invalid,60461
12835,invalid,60148
12836,valid,60294
12837,valid,60117
12838,invalid,59802
12839,invalid,59802
12840,valid,59861
12841,valid,59866
12842,invalid,60701
12843,valid,59796
12844,invalid,59763
12845,valid,60218
12846,valid,59854
12847,invalid,59823
12848,invalid,59773
12849,valid,59857
12850,valid,59817
12851,invalid,59904
12852,invalid,59818
12853,valid,59804
12854,valid,59788
12855,valid,60207
12856,valid,59854
12857,invalid,60900
12858,valid,59816
12859,valid,59806
12860,invalid,59782
12861,invalid,59861
12862,valid,60102
12863,invalid,60136
12864,invalid,59845
12865,valid,59778
12866,valid,59792
12867,invalid,64169
12868,valid,63155
12869,valid,60338
12870,valid,59917
12871,valid,59812
12872,invalid,59823
12873,valid,59823
12874,valid,59839
12875,invalid,59842
12876,valid,59934
12877,valid,59794
12878,invalid,59847
12879,valid,61592
12880,valid,59820
12881,valid,59808
12882,invalid,60926
12883,invalid,60370
12884,invalid,60100
12885,valid,59816
12886,invalid,59819
12887,invalid,59799
12888,invalid,59809
12889,invalid,59842
12890,invalid,59822
12891,valid,63089
12892,valid,60108
12893,valid,59787
12894,invalid,59823
12895,valid,59828
12896,invalid,59755
12897,invalid,59853
12898,invalid,60366
12899,invalid,59832
12900,invalid,59799
12901,valid,59804
12902,invalid,59853
12903,invalid,59865
12904,valid,59778
12905,valid,59873
12906,valid,59795
12907,invalid,59799
12908,valid,60177
12909,valid,59812
12910,invalid,59802
12911,valid,59817
12912,valid,59728
12913,invalid,59790
12914,invalid,59779
12915,invalid,60660
12916,invalid,59788
12917,invalid,59517
12918,invalid,59823
12919,invalid,59789
12920,invalid,59796
12921,valid,59782
12922,valid,59766
12923,valid,59820
12924,invalid,59805
12925,invalid,60406
12926,valid,59818
12927,invalid,59775
12928,valid,59866
12929,invalid,59784
12930,invalid,59822
12931,invalid,61847
12932,valid,59845
12933,invalid,59839
12934,valid,59807
12935,invalid,59810
12936,valid,59784
12937,invalid,59865
12938,invalid,60147
12939,valid,59821
12940,invalid,59853
12941,valid,59820
12942,valid,59798
12943,invalid,59774
12944,invalid,59837
12945,invalid,59785
12946,invalid,60509
12947,valid,59824
12948,valid,60072
12949,valid,63191
12950,invalid,59889
12951,invalid,59897
12952,invalid,59819
12953,invalid,59875
12954,invalid,60549
12955,invalid,59817
12956,invalid,63096
12957,invalid,59799
12958,valid,59799
12959,valid,59867
12960,valid,59840
12961,valid,59830
12962,invalid,59833
12963,valid,59803
12964,valid,59777
12965,valid,59809
12966,valid,59829
12967,valid,60480
12968,invalid,59820
12969,valid,59828
12970,valid,60172
12971,invalid,59785
12972,invalid,59733
12973,valid,60294
12974,invalid,59809
12975,invalid,59790
12976,invalid,59878
12977,valid,60043
12978,valid,59808
12979,invalid,59826
12980,invalid,60582
12981,valid,62885
12982,valid,59800
12983,valid,60400
12984,valid,59826
12985,valid,59807
12986,invalid,60397
12987,invalid,59786
12988,valid,59845
12989,valid,59791
12990,valid,59783
12991,valid,59820
12992,invalid,59776
12993,invalid,60286
12994,invalid,59741
12995,invalid,59833
12996,valid,60107
12997,valid,59760
12998,valid,59831
12999,valid,59755
13000,invalid,59840
13001,valid,59831
13002,valid,59887
13003,invalid,60657
13004,invalid,59800
13005,valid,59805
13006,invalid,60071
13007,valid,59884
13008,valid,59823
13009,invalid,63488
13010,invalid,60322
13011,valid,59756
13012,valid,60337
13013,invalid,59837
13014,invalid,59824
13015,valid,59842
13016,invalid,60278
13017,valid,59911
13018,invalid,59892
13019,valid,59810
13020,invalid,59807
13021,invalid,60531
13022,valid,60310
13023,valid,59799
13024,invalid,60342
13025,valid,59781
13026,valid,59796
13027,valid,59826
13028,invalid,59823
13029,valid,59784
13030,invalid,59723
13031,valid,59784
13032,valid,59821
13033,invalid,59701
13034,invalid,60441
13035,valid,60444
13036,invalid,59773
13037,invalid,59788
13038,invalid,59818
13039,valid,59537
13040,valid,59827
13041,valid,59845
13042,invalid,59785
13043,valid,59774
13044,invalid,60399
13045,invalid,59790
13046,valid,59814
13047,invalid,59822
13048,invalid,59770
13049,valid,59842
13050,valid,59860
13051,invalid,60093
13052,valid,59975
13053,valid,59764
13054,valid,60374
13055,invalid,59811
13056,invalid,59783
13057,valid,59718
13058,valid,59818
13059,invalid,59844
13060,valid,59776
13061,valid,60117
13062,invalid,59875
13063,invalid,59818
13064,valid,60384
13065,valid,59784
13066,invalid,59743
13067,valid,59846
13068,invalid,59774
13069,invalid,59787
13070,valid,59801
13071,invalid,60093
13072,invalid,59799
13073,invalid,59819
13074,valid,60388
13075,invalid,59761
13076,valid,59806
13077,invalid,59642
13078,invalid,59792
13079,valid,59814
13080,valid,59773
13081,invalid,60519
13082,invalid,63124
13083,invalid,59787
13084,invalid,59813
13085,valid,59785
13086,invalid,60003
13087,valid,60194
13088,valid,59576
13089,invalid,60901
13090,valid,59783
13091,valid,59858
13092,valid,59774
13093,valid,59692
13094,valid,59757
13095,invalid,59971
13096,invalid,59761
13097,valid,59776
13098,invalid,59868
13099,valid,60792
13100,invalid,59747
13101,invalid,59807
13102,valid,60408
13103,invalid,60816
13104,valid,59795
13105,invalid,59806
13106,valid,59742
13107,valid,59810
13108,invalid,59757
13109,valid,59771
13110,valid,59787
13111,invalid,59768
13112,valid,60089
13113,invalid,59613
13114,valid,59784
13115,invalid,59791
13116,valid,59789
13117,valid,59795
13118,valid,59761
13119,valid,60437
13120,valid,59785
13121,valid,59813
13122,valid,59780
13123,invalid,59923
13124,valid,59928
13125,valid,59780
13126,valid,59838
13127,invalid,59797
13128,invalid,59834
13129,valid,60567
13130,invalid,60510
13131,valid,60916
13132,invalid,59808
13133,invalid,59823
13134,invalid,59776
13135,invalid,59853
13136,valid,59809
13137,valid,59808
13138,invalid,59790
13139,invalid,59803
13140,valid,59777
13141,invalid,59741
13142,valid,59901
13143,valid,59778
13144,invalid,59799
13145,valid,59830
13146,invalid,59799
13147,invalid,59909
13148,valid,59862
13149,invalid,59788
13150,invalid,59892
13151,valid,59731
13152,invalid,61072
13153,invalid,60092
13154,valid,60140
13155,valid,59916
13156,valid,59782
13157,valid,60700
13158,invalid,59769
13159,valid,59839
13160,valid,59737
13161,invalid,59837
13162,valid,59813
13163,invalid,59846
13164,valid,59824
13165,valid,60334
13166,invalid,59777
13167,valid,59742
13168,invalid,59793
13169,valid,59809
13170,invalid,60146
13171,invalid,61031
13172,valid,59771
13173,invalid,59808
13174,invalid,59732
13175,valid,59784
13176,valid,59805
13177,valid,60202
13178,valid,60358
13179,valid,60410
13180,invalid,59774
13181,invalid,59775
13182,valid,59745
13183,valid,59708
13184,valid,59806
13185,invalid,59864
13186,valid,59837
13187,valid,60384
13188,invalid,59753
13189,invalid,59778
13190,invalid,59668
13191,valid,59762
13192,invalid,59813
13193,valid,59850
13194,valid,59745
13195,valid,59798
13196,valid,59754
13197,invalid,59906
13198,valid,59764
13199,valid,59772
13200,valid,59813
13201,valid,59832
13202,invalid,59787
13203,invalid,59787
13204,valid,60029
13205,valid,59820
13206,valid,59791
13207,invalid,59766
13208,invalid,59831
13209,valid,59684
13210,invalid,59822
13211,valid,59553
13212,valid,59647
13213,invalid,60945
13214,invalid,60676
13215,valid,59753
13216,invalid,62529
13217,valid,59799
13218,valid,59840
13219,invalid,59770
13220,valid,60053
13221,invalid,59758
13222,valid,59807
13223,invalid,59748
13224,invalid,59751
13225,invalid,59773
13226,invalid,59840
13227,valid,60182
13228,invalid,59718
13229,invalid,59795
13230,invalid,59708
13231,invalid,59818
13232,invalid,59822
13233,valid,59766
13234,invalid,59853
13235,invalid,59788
13236,valid,59816
13237,valid,60246
13238,invalid,59735
13239,valid,59791
13240,valid,60487
13241,invalid,59822
13242,valid,59754
13243,valid,59787
13244,invalid,59851
13245,invalid,59760
13246,invalid,59830
13247,invalid,60894
13248,invalid,59753
13249,valid,59763
13250,valid,60413
13251,valid,59814
13252,invalid,59771
13253,invalid,59768
13254,valid,59766
13255,valid,59763
13256,invalid,59920
13257,valid,59746
13258,valid,59750
13259,valid,59868
13260,invalid,59775
13261,valid,59826
13262,invalid,59813
13263,valid,60090
13264,invalid,59757
13265,valid,59855
13266,valid,59770
13267,invalid,60217
13268,invalid,59760
13269,invalid,59828
13270,valid,60374
13271,valid,59766
13272,invalid,59753
13273,invalid,59799
13274,valid,59760
13275,invalid,62499
13276,valid,59819
13277,invalid,59772
13278,valid,59743
13279,valid,59891
13280,invalid,59477
13281,valid,59775
13282,valid,59761
13283,valid,59776
13284,invalid,59704
13285,invalid,59801
13286,valid,59797
13287,invalid,59773
13288,invalid,59776
13289,invalid,60218
13290,valid,60812
13291,valid,60220
13292,valid,61983
13293,valid,59799
13294,valid,60135
13295,invalid,59824
13296,valid,59765
13297,valid,59504
13298,invalid,59743
13299,invalid,60396
13300,invalid,59856
13301,invalid,59802
13302,invalid,59810
13303,valid,59820
13304,invalid,59794
13305,invalid,60762
13306,invalid,59773
13307,invalid,59796
13308,valid,59759
13309,valid,59819
13310,valid,59729
13311,valid,60629
13312,invalid,59831
13313,valid,59745
13314,invalid,59740
13315,valid,60121
13316,valid,59631
13317,valid,59842
13318,invalid,59808
13319,valid,63196
13320,invalid,60098
13321,invalid,60751
13322,invalid,59819
13323,valid,59753
13324,valid,60847
13325,invalid,60019
13326,invalid,60220
13327,invalid,59798
13328,valid,59817
13329,valid,60411
13330,valid,59829
13331,invalid,59743
13332,valid,60785
13333,invalid,59821
13334,invalid,59792
13335,valid,59805
13336,invalid,59801
13337,valid,59868
13338,invalid,59728
13339,invalid,59750
13340,valid,59826
13341,invalid,59882
13342,invalid,59809
13343,valid,59778
13344,invalid,59781
13345,valid,59823
13346,valid,59769
13347,invalid,59567
13348,invalid,59785
13349,invalid,60149
13350,valid,59781
13351,valid,59807
13352,invalid,59803
13353,invalid,59775
13354,valid,59792
13355,valid,59838
13356,valid,60247
13357,invalid,59766
13358,valid,59816
13359,valid,60114
13360,valid,59834
13361,invalid,59712
13362,valid,59888
13363,invalid,59745
13364,valid,59721
13365,invalid,59839
13366,valid,61575
13367,valid,61556
13368,invalid,59809
13369,invalid,59761
13370,invalid,59739
13371,valid,59773
13372,invalid,60117
13373,invalid,59765
13374,invalid,59810
13375,invalid,59817
13376,valid,59859
13377,invalid,59770
13378,valid,59891
13379,valid,59805
13380,invalid,59762
13381,valid,59785
13382,invalid,59819
13383,valid,60101
13384,valid,60148
13385,invalid,60116
13386,invalid,59807
13387,valid,59840
13388,valid,59840
13389,invalid,59787
13390,valid,59819
13391,valid,59776
13392,valid,59820
13393,invalid,59696
13394,valid,59819
13395,valid,59830
13396,invalid,59838
13397,valid,59754
13398,valid,59811
13399,invalid,61344
13400,valid,60130
13401,invalid,60078
13402,invalid,60135
13403,invalid,59479
13404,invalid,59559
13405,invalid,59764
13406,invalid,59785
13407,invalid,59807
13408,invalid,59751
13409,invalid,59796
13410,invalid,59817
13411,invalid,59810
13412,invalid,60950
13413,valid,59762
13414,valid,59825
13415,invalid,60435
13416,valid,59761
13417,invalid,59862
13418,invalid,59727
13419,valid,59759
13420,invalid,59857
13421,invalid,59677
13422,invalid,59745
13423,valid,59759
13424,valid,59751
13425,valid,60316
13426,valid,59659
13427,invalid,59788
13428,invalid,59801
13429,invalid,61146
13430,valid,59794
13431,invalid,59832
13432,invalid,59815
13433,valid,59780
13434,valid,59805
13435,invalid,59776
13436,invalid,59819
13437,valid,59799
13438,valid,59808
13439,invalid,59823
13440,invalid,59888
13441,invalid,60213
13442,invalid,59788
13443,invalid,59818
13444,invalid,59681
13445,valid,60518
13446,valid,59781
13447,invalid,59843
13448,invalid,59833
13449,invalid,59796
13450,invalid,59783
13451,invalid,59815
13452,valid,59808
13453,invalid,59832
13454,valid,59816
13455,valid,60090
13456,invalid,59792
13457,valid,59803
13458,invalid,59784
13459,valid,59768
13460,valid,59880
13461,valid,59819
13462,invalid,59766
13463,invalid,59805
13464,valid,59496
13465,valid,59789
13466,valid,59768
13467,invalid,59741
13468,invalid,59756
13469,invalid,59850
13470,invalid,59790
13471,valid,59803
13472,valid,59883
13473,valid,59849
13474,invalid,59774
13475,valid,59770
13476,invalid,59787
13477,invalid,59756
13478,invalid,60606
13479,invalid,60526
13480,valid,59807
13481,invalid,59533
13482,invalid,59810
13483,valid,62036
13484,invalid,59814
13485,valid,59785
13486,valid,63358
13487,valid,60108
13488,valid,59798
13489,invalid,59819
13490,invalid,59795
13491,valid,59807
13492,invalid,60715
13493,invalid,59765
13494,invalid,59822
13495,invalid,60093
13496,invalid,59757
13497,valid,63181
13498,invalid,60388
13499,valid,59765
13500,valid,59859
13501,invalid,63796
13502,invalid,59780
13503,invalid,60992
13504,valid,59790
13505,valid,60168
13506,valid,60386
13507,invalid,60376
13508,invalid,59749
13509,valid,59741
13510,invalid,60320
13511,invalid,59773
13512,invalid,59831
13513,valid,60362
13514,valid,59787
13515,valid,59767
13516,valid,59783
13517,invalid,59823
13518,invalid,59799
13519,valid,59831
13520,valid,59822
13521,valid,63065
13522,invalid,60251
13523,valid,60135
13524,valid,60167
13525,invalid,60327
13526,valid,59911
13527,valid,59790
13528,valid,61073
13529,invalid,59780
13530,valid,59811
13531,valid,59783
13532,invalid,59809
13533,invalid,59764
13534,valid,59872
13535,invalid,63038
13536,invalid,60120
13537,invalid,59796
13538,valid,59883
13539,valid,59769
13540,valid,59778
13541,invalid,59870
13542,valid,59794
13543,valid,59767
13544,valid,59776
13545,valid,59795
13546,valid,59790
13547,valid,59859
13548,invalid,59783
13549,valid,59779
13550,valid,59854
13551,valid,60479
13552,valid,59805
13553,valid,59840
13554,invalid,60211
13555,invalid,59808
13556,invalid,60960
13557,valid,59799
13558,invalid,63230
13559,valid,59841
13560,valid,60354
13561,valid,60525
13562,invalid,59759
13563,invalid,59798
13564,invalid,59758
13565,invalid,63091
13566,invalid,61563
13567,valid,59844
13568,valid,59799
13569,invalid,60088
13570,valid,59774
13571,valid,59906
13572,invalid,59861
13573,valid,59795
13574,valid,59732
13575,valid,59775
13576,valid,59958
13577,invalid,59814
13578,invalid,59831
13579,valid,60202
13580,invalid,59885
13581,invalid,59764
13582,invalid,59768
13583,valid,59799
13584,valid,59765
13585,invalid,59756
13586,valid,60237
13587,invalid,59801
13588,invalid,59795
13589,valid,60386
13590,valid,59834
13591,valid,59811
13592,valid,59845
13593,valid,59761
13594,valid,59761
13595,invalid,59808
13596,invalid,59744
13597,invalid,59831
13598,invalid,59868
13599,invalid,60467
13600,valid,60239
13601,invalid,59791
13602,valid,61152
13603,invalid,59806
13604,valid,59787
13605,valid,59827
13606,invalid,59841
13607,invalid,59574
13608,valid,59900
13609,valid,60650
13610,invalid,59796
13611,valid,59804
13612,invalid,59842
13613,invalid,59809
13614,valid,59757
13615,invalid,59797
13616,valid,59958
13617,valid,59788
13618,invalid,59867
13619,invalid,60066
13620,valid,59782
13621,valid,59871
13622,valid,59787
13623,valid,59766
13624,invalid,59812
13625,valid,59791
13626,invalid,59808
13627,valid,59927
13628,valid,59794
13629,invalid,60466
13630,valid,59826
13631,valid,59816
13632,valid,60398
13633,valid,59797
13634,valid,60385
13635,invalid,59858
13636,valid,63083
13637,invalid,60417
13638,invalid,59822
13639,invalid,60087
13640,valid,59840
13641,valid,59808
13642,valid,59808
13643,invalid,59798
13644,valid,59789
13645,invalid,59867
13646,valid,59851
13647,valid,59682
13648,invalid,60010
13649,valid,59976
13650,valid,60548
13651,invalid,59810
13652,invalid,59806
13653,valid,59821
13654,valid,59766
13655,valid,59815
13656,invalid,59841
13657,valid,59853
13658,invalid,59799
13659,valid,59810
13660,invalid,59796
13661,invalid,59761
13662,valid,59862
13663,valid,59787
13664,invalid,59867
13665,invalid,59818
13666,valid,59813
13667,valid,60255
13668,invalid,59824
13669,invalid,59805
13670,invalid,60521
13671,valid,59781
13672,invalid,59928
13673,invalid,59830
13674,invalid,59790
13675,valid,59772
13676,valid,59852
13677,invalid,59816
13678,invalid,59811
13679,invalid,59818
13680,valid,60555
13681,valid,59861
13682,valid,59866
13683,invalid,59749
13684,invalid,59809
13685,invalid,60852
13686,invalid,59870
13687,valid,59793
13688,invalid,59592
13689,valid,59830
13690,invalid,61509
13691,valid,59603
13692,valid,59824
13693,valid,60455
13694,invalid,59817
13695,valid,59799
13696,valid,59801
13697,valid,60526
13698,valid,59762
13699,valid,59792
13700,valid,59780
13701,invalid,59758
13702,invalid,59785
13703,invalid,59837
13704,valid,59880
13705,invalid,59853
13706,valid,59589
13707,valid,59762
13708,valid,59795
13709,invalid,59818
13710,valid,60007
13711,invalid,59825
13712,invalid,59809
13713,invalid,60578
13714,valid,59899
13715,valid,59796
13716,invalid,59804
13717,invalid,59804
13718,invalid,59917
13719,invalid,61525
13720,invalid,59835
13721,valid,59890
13722,valid,59782
13723,invalid,59967
13724,invalid,59799
13725,invalid,63349
13726,valid,59782
13727,invalid,59803
13728,invalid,59857
13729,valid,60821
13730,valid,59770
13731,valid,59796
13732,invalid,59766
13733,invalid,60353
13734,valid,59562
13735,valid,63129
13736,invalid,59826
13737,invalid,59824
13738,invalid,59821
13739,valid,60067
13740,invalid,59774
13741,valid,59788
13742,invalid,59790
13743,invalid,59812
13744,invalid,59767
13745,invalid,59795
13746,valid,60659
13747,valid,59817
13748,invalid,59863
13749,valid,60395
13750,valid,59737
13751,valid,59779
13752,valid,59725
13753,invalid,59772
13754,valid,59782
13755,valid,59725
13756,invalid,60056
13757,invalid,59793
13758,invalid,59748
13759,invalid,59786
13760,valid,59780
13761,invalid,59787
13762,invalid,59818
13763,valid,59802
13764,invalid,59790
13765,valid,59788
13766,valid,59793
13767,invalid,59859
13768,invalid,59799
13769,valid,59802
13770,valid,59761
13771,valid,60153
13772,invalid,59777
13773,valid,59783
13774,invalid,59771
13775,invalid,59778
13776,valid,59776
13777,invalid,59936
13778,valid,59807
13779,valid,59810
13780,valid,59795
13781,invalid,59521
13782,invalid,59795
13783,invalid,60723
13784,invalid,59794
13785,invalid,60113
13786,invalid,60170
13787,invalid,59794
13788,invalid,59779
13789,valid,59843
13790,invalid,59783
13791,valid,60856
13792,valid,60118
13793,valid,60184
13794,valid,60843
13795,valid,59777
13796,valid,59780
13797,invalid,59783
13798,invalid,59745
13799,invalid,60189
13800,valid,60222
13801,valid,59820
13802,invalid,60127
13803,valid,59819
13804,invalid,59773
13805,invalid,59858
13806,invalid,59755
13807,invalid,59821
13808,valid,59788
13809,valid,59770
13810,invalid,59812
13811,invalid,59795
13812,valid,59782
13813,valid,59507
13814,invalid,60360
13815,valid,59781
13816,invalid,59774
13817,valid,59754
13818,valid,59804
13819,invalid,59778
13820,valid,59836
13821,valid,59763
13822,invalid,59834
13823,invalid,59787
13824,invalid,59750
13825,invalid,59739
13826,invalid,59790
13827,valid,59745
13828,invalid,59830
13829,valid,59765
13830,valid,59828
13831,valid,60461
13832,valid,59642
13833,valid,59819
13834,invalid,60090
13835,valid,59802
13836,valid,59494
13837,valid,59750
13838,valid,59553
13839,invalid,59794
13840,valid,59817
13841,valid,60648
13842,invalid,59800
13843,invalid,59784
13844,invalid,60061
13845,valid,59742
13846,invalid,59809
13847,invalid,59767
13848,invalid,59746
13849,invalid,59744
13850,invalid,59767
13851,valid,60829
13852,valid,59863
13853,invalid,59813
13854,invalid,60125
13855,invalid,59767
13856,invalid,59839
13857,valid,59795
13858,valid,59796
13859,valid,59741
13860,invalid,59822
13861,invalid,59807
13862,valid,59786
13863,valid,59839
13864,invalid,59770
13865,invalid,59800
13866,invalid,59772
13867,invalid,59729
13868,valid,59794
13869,valid,59813
13870,valid,59797
13871,valid,60054
13872,invalid,63085
13873,valid,60193
13874,invalid,59758
13875,valid,59809
13876,valid,59759
13877,invalid,59782
13878,valid,59804
13879,invalid,60859
13880,valid,59766
13881,invalid,59766
13882,invalid,59799
13883,valid,59780
13884,invalid,59701
13885,invalid,59756
13886,invalid,59863
13887,valid,60429
13888,valid,59751
13889,valid,59752
13890,invalid,59759
13891,valid,59729
13892,valid,59806
13893,valid,59799
13894,invalid,59736
13895,valid,59770
13896,invalid,59863
13897,valid,60323
13898,invalid,59803
13899,invalid,59858
13900,valid,59778
13901,valid,59804
13902,valid,59816
13903,valid,59779
13904,invalid,59892
13905,invalid,59812
13906,invalid,59845
13907,invalid,60065
13908,valid,59750
13909,valid,59784
13910,invalid,59920
13911,invalid,59833
13912,invalid,59836
13913,valid,59794
13914,valid,60122
13915,invalid,59746
13916,invalid,59802
13917,invalid,59783
13918,valid,59855
13919,valid,59905
13920,invalid,59826
13921,invalid,59827
13922,valid,59765
13923,valid,59736
13924,valid,60216
13925,invalid,59744
13926,invalid,59759
13927,invalid,60102
13928,invalid,59790
13929,valid,59802
13930,valid,59788
13931,valid,59783
13932,invalid,59771
13933,valid,59803
13934,valid,60411
13935,invalid,59814
13936,valid,59791
13937,valid,60371
13938,valid,59795
13939,invalid,59810
13940,invalid,61036
13941,valid,59846
13942,valid,59791
13943,invalid,59490
13944,invalid,60128
13945,valid,60298
13946,invalid,60453
13947,valid,59731
13948,valid,59713
13949,valid,59815
13950,invalid,59754
13951,invalid,59773
13952,invalid,59832
13953,valid,59748
13954,valid,59797
13955,invalid,59737
13956,valid,60680
13957,invalid,59757
13958,invalid,59803
13959,valid,60339
13960,valid,59786
13961,valid,59719
13962,invalid,59751
13963,valid,59803
13964,invalid,59718
13965,valid,59780
13966,invalid,60445
13967,invalid,61721
13968,invalid,59814
13969,valid,59798
13970,invalid,59813
13971,valid,59749
13972,valid,60393
13973,invalid,59757
13974,invalid,59827
13975,valid,59749
13976,invalid,59743
13977,valid,59720
13978,valid,59774
13979,valid,62224
13980,invalid,59719
13981,invalid,59721
13982,valid,59800
13983,invalid,59802
13984,invalid,59801
13985,valid,60130
13986,valid,59822
13987,invalid,59730
13988,valid,59792
13989,valid,59786
13990,invalid,59798
13991,invalid,59734
13992,valid,60526
13993,valid,59768
13994,invalid,59829
13995,invalid,59796
13996,invalid,59789
13997,valid,59515
13998,invalid,59767
13999,invalid,59765
14000,valid,59784
14001,invalid,59764
14002,invalid,60579
14003,valid,59800
14004,valid,59768
14005,invalid,60244
14006,valid,60905
14007,valid,59781
14008,valid,59720
14009,invalid,59745
14010,invalid,59499
14011,invalid,59850
14012,valid,59768
14013,valid,59781
14014,invalid,59792
14015,invalid,59757
14016,valid,59853
14017,valid,59903
14018,valid,59743
14019,valid,59721
14020,invalid,59786
14021,invalid,59840
14022,invalid,60721
14023,invalid,59788
14024,invalid,59752
14025,invalid,60490
14026,valid,59800
14027,valid,59750
14028,valid,59807
14029,valid,59739
14030,invalid,59768
14031,valid,59748
14032,invalid,62771
14033,invalid,59777
14034,invalid,59781
14035,invalid,59775
14036,invalid,59777
14037,invalid,59768
14038,invalid,60336
14039,invalid,59731
14040,invalid,59765
14041,valid,59790
14042,valid,59529
14043,invalid,59779
14044,invalid,59833
14045,valid,59755
14046,valid,59783
14047,invalid,59947
14048,valid,60565
14049,valid,59804
14050,invalid,59816
14051,valid,59652
14052,valid,59794
14053,valid,59785
14054,invalid,59740
14055,valid,60668
14056,valid,59745
14057,valid,59811
14058,invalid,60056
14059,valid,59764
14060,valid,59793
14061,valid,59773
14062,valid,59724
14063,valid,59824
14064,invalid,59775
14065,valid,60583
14066,invalid,59914
14067,valid,59780
14068,valid,60111
14069,invalid,59746
14070,invalid,59783
14071,invalid,59752
14072,valid,59456
14073,valid,59787
14074,invalid,59771
14075,invalid,61064
14076,invalid,59750
14077,invalid,60009
14078,invalid,60371
14079,valid,59773
14080,invalid,59747
14081,invalid,59767
14082,invalid,59755
14083,valid,59751
14084,valid,59790
14085,invalid,59520
14086,valid,59760
14087,valid,59852
14088,valid,59752
14089,valid,59803
14090,invalid,59745
14091,valid,59731
14092,invalid,59659
14093,invalid,59736
14094,invalid,60565
14095,invalid,59773
14096,invalid,59809
14097,invalid,60722
14098,valid,59775
14099,invalid,59762
14100,invalid,59773
14101,invalid,59745
14102,invalid,59736
14103,invalid,59757
14104,valid,59753
14105,invalid,59754
14106,invalid,59787
14107,invalid,60096
14108,invalid,59787
14109,valid,59833
14110,valid,59752
14111,valid,59752
14112,invalid,59842
14113,valid,59717
14114,invalid,60354
14115,valid,59858
14116,valid,59748
14117,invalid,60280
14118,invalid,59766
14119,valid,59775
14120,invalid,59775
14121,valid,59795
14122,invalid,59833
14123,valid,59745
14124,valid,60644
14125,invalid,59773
14126,valid,59783
14127,valid,59738
14128,valid,59825
14129,valid,59722
14130,valid,59784
14131,valid,59665
14132,invalid,59763
14133,valid,59730
14134,valid,60353
14135,invalid,59809
14136,invalid,59772
14137,invalid,59771
14138,valid,59769
14139,valid,59763
14140,invalid,59761
14141,valid,59960
14142,invalid,59764
14143,invalid,59794
14144,invalid,59791
14145,invalid,59756
14146,valid,59780
14147,valid,59727
14148,valid,59765
14149,valid,59451
14150,invalid,59723
14151,valid,59758
14152,invalid,59701
14153,invalid,59732
14154,invalid,59728
14155,invalid,59800
14156,valid,59770
14157,invalid,59803
14158,invalid,61042
14159,invalid,59751
14160,invalid,60465
14161,valid,59808
14162,valid,59644
14163,invalid,60554
14164,invalid,59862
14165,invalid,59780
14166,invalid,59800
14167,invalid,59806
14168,invalid,59802
14169,invalid,59711
14170,valid,60300
14171,invalid,59776
14172,invalid,59769
14173,valid,59797
14174,invalid,59790
14175,invalid,59757
14176,valid,59749
14177,invalid,59758
14178,invalid,59762
14179,valid,59757
14180,invalid,63766
14181,invalid,59768
14182,invalid,59766
14183,valid,59744
14184,invalid,59748
14185,invalid,59790
14186,valid,60109
14187,invalid,59807
14188,invalid,59740
14189,invalid,59714
14190,invalid,59751
14191,invalid,59731
14192,valid,59727
14193,valid,60891
14194,invalid,59792
14195,valid,59763
14196,valid,60337
14197,valid,59773
14198,invalid,59805
14199,valid,59790
14200,invalid,59798
14201,invalid,59756
14202,invalid,59768
14203,invalid,60652
14204,valid,59745
14205,valid,59696
14206,valid,60394
14207,valid,59718
14208,valid,59811
14209,valid,59747
14210,invalid,59802
14211,invalid,63105
14212,invalid,59814
14213,invalid,59778
14214,valid,59802
14215,valid,59761
14216,invalid,59883
14217,invalid,59733
14218,valid,59748
14219,valid,60408
14220,invalid,59782
14221,invalid,59794
14222,invalid,59758
14223,invalid,59780
14224,valid,59523
14225,valid,59788
14226,valid,59835
14227,invalid,59739
14228,valid,59809
14229,invalid,60071
14230,invalid,59797
14231,valid,59553
14232,invalid,59821
14233,valid,59788
14234,invalid,59766
14235,invalid,63021
14236,invalid,60124
14237,invalid,60126
14238,invalid,59798
14239,invalid,59733
14240,invalid,59766
14241,invalid,59734
14242,valid,60100
14243,invalid,59709
14244,valid,59786
14245,invalid,59881
14246,invalid,59825
14247,valid,59725
14248,valid,60320
14249,invalid,59827
14250,invalid,59743
14251,valid,60331
14252,valid,59752
14253,invalid,63075
14254,valid,59752
14255,valid,59814
14256,invalid,59737
14257,invalid,60065
14258,valid,59868
14259,valid,63075
14260,invalid,60162
14261,invalid,59780
14262,valid,59771
14263,invalid,60171
14264,valid,59800
14265,invalid,59801
14266,invalid,59762
14267,valid,59753
14268,invalid,59819
14269,valid,59755
14270,valid,60450
14271,invalid,59736
14272,valid,59776
14273,valid,60357
14274,invalid,59826
14275,invalid,59446
14276,valid,59725
14277,valid,59849
14278,invalid,59744
14279,invalid,59732
14280,valid,60595
14281,invalid,59773
14282,valid,59784
14283,valid,60336
14284,invalid,59712
14285,valid,59811
14286,invalid,61470
14287,valid,60091
14288,valid,59749
14289,valid,59752
14290,valid,60019
14291,valid,59518
14292,valid,59579
14293,invalid,60503
14294,invalid,59755
14295,invalid,59771
14296,valid,60342
14297,invalid,59754
14298,invalid,59636
14299,valid,59737
14300,valid,59723
14301,invalid,59747
14302,invalid,59860
14303,valid,60536
14304,invalid,59784
14305,invalid,59793
14306,valid,60355
14307,invalid,59561
14308,valid,59832
14309,valid,59782
14310,valid,59765
14311,valid,59771
14312,invalid,59833
14313,invalid,60380
14314,valid,59833
14315,invalid,59767
14316,invalid,59796
14317,invalid,59831
14318,valid,59822
14319,valid,59743
14320,valid,59801
14321,valid,59743
14322,valid,59799
14323,invalid,60192
14324,valid,59753
14325,invalid,59740
14326,valid,59710
14327,valid,59729
14328,invalid,59883
14329,valid,59742
14330,valid,59782
14331,valid,59739
14332,invalid,59766
14333,invalid,60376
14334,invalid,59802
14335,valid,59794
14336,valid,59722
14337,invalid,59802
14338,valid,59747
14339,valid,59796
14340,valid,59806
14341,invalid,59735
14342,invalid,61378
14343,invalid,60043
14344,invalid,59754
14345,valid,59854
14346,valid,60329
14347,valid,59754
14348,valid,59764
14349,valid,59862
14350,valid,59864
14351,valid,60480
14352,invalid,59737
14353,valid,59576
14354,invalid,59742
14355,invalid,59721
14356,invalid,60033
14357,invalid,59768
14358,valid,59994
14359,valid,59763
14360,invalid,59785
14361,invalid,59727
14362,invalid,59796
14363,valid,61446
14364,valid,59780
14365,invalid,59799
14366,invalid,60689
14367,invalid,59756
14368,invalid,59738
14369,valid,59748
14370,valid,59731
14371,valid,59760
14372,invalid,59722
14373,valid,59772
14374,valid,59818
14375,invalid,60423
14376,valid,59580
14377,invalid,59534
14378,invalid,63992
14379,invalid,60485
14380,invalid,59815
14381,valid,59803
14382,valid,59725
14383,invalid,59779
14384,valid,59772
14385,valid,59783
14386,invalid,59750
14387,invalid,59773
14388,valid,59736
14389,valid,59832
14390,valid,63677
14391,valid,59821
14392,invalid,59955
14393,valid,60874
14394,invalid,59776
14395,invalid,59778
14396,invalid,59804
14397,invalid,59784
14398,invalid,59785
14399,invalid,59799
14400,valid,59744
14401,valid,59975
14402,invalid,60458
14403,valid,59858
14404,valid,59838
14405,invalid,59781
14406,invalid,62533
14407,valid,59786
14408,valid,60381
14409,invalid,59797
14410,valid,59804
14411,invalid,59790
14412,valid,59800
14413,invalid,59791
14414,valid,59783
14415,invalid,59737
14416,invalid,59778
14417,valid,61323
14418,invalid,62438
14419,valid,59817
14420,valid,59843
14421,invalid,60095
14422,invalid,59862
14423,valid,59791
14424,valid,59847
14425,invalid,59816
14426,valid,59785
14427,invalid,59788
14428,invalid,59835
14429,invalid,59801
14430,invalid,59785
14431,valid,60092
14432,invalid,59779
14433,invalid,59792
14434,invalid,59763
14435,valid,59779
14436,invalid,59732
14437,valid,59758
14438,invalid,60118
14439,valid,59766
14440,invalid,59545
14441,invalid,59783
14442,invalid,59785
14443,invalid,59796
14444,invalid,59812
14445,valid,59801
14446,valid,59806
14447,invalid,59817
14448,invalid,59811
14449,invalid,59804
14450,valid,59817
14451,invalid,59813
14452,valid,59845
14453,invalid,59770
14454,invalid,59777
14455,invalid,59782
14456,valid,59733
14457,invalid,59775
14458,valid,60494
14459,invalid,59778
14460,invalid,59816
14461,invalid,59780
14462,valid,59759
14463,valid,59799
14464,valid,59547
14465,invalid,59830
14466,valid,59825
14467,invalid,59844
14468,invalid,60318
14469,invalid,59830
14470,invalid,59776
14471,invalid,59668
14472,valid,59816
14473,invalid,59789
14474,valid,59834
14475,valid,60453
14476,invalid,59813
14477,invalid,59484
14478,valid,60437
14479,valid,59772
14480,invalid,59805
14481,valid,59806
14482,valid,59780
14483,valid,59839
14484,valid,59792
14485,invalid,60087
14486,valid,59783
14487,valid,59647
14488,valid,59740
14489,invalid,59838
14490,invalid,59775
14491,valid,59812
14492,invalid,59788
14493,valid,62046
14494,valid,59800
14495,invalid,59829
14496,valid,59779
14497,invalid,59792
14498,invalid,60747
14499,valid,59907
14500,invalid,60895
14501,valid,60807
14502,valid,59794
14503,invalid,59857
14504,invalid,60581
14505,invalid,59742
14506,valid,59787
14507,valid,59668
14508,invalid,59800
14509,invalid,59776
14510,invalid,59844
14511,invalid,59772
14512,valid,59775
14513,valid,59797
14514,invalid,60423
14515,invalid,59785
14516,valid,59815
14517,invalid,59808
14518,invalid,59805
14519,valid,59773
14520,invalid,59862
14521,valid,59740
14522,invalid,59779
14523,invalid,59799
14524,invalid,59818
14525,valid,59799
14526,valid,59743
14527,invalid,59770
14528,invalid,59795
14529,valid,59791
14530,valid,59784
14531,invalid,60404
14532,invalid,59827
14533,valid,59791
14534,valid,59805
14535,valid,59785
14536,valid,59744
14537,valid,59861
14538,invalid,59760
14539,invalid,59796
14540,valid,59773
14541,valid,60337
14542,valid,59807
14543,invalid,59813
14544,valid,59795
14545,valid,59804
14546,valid,59860
14547,invalid,59795
14548,invalid,59894
14549,valid,59760
14550,invalid,59858
14551,valid,59830
14552,invalid,59784
14553,valid,59711
14554,invalid,59810
14555,invalid,59876
14556,valid,60227
14557,invalid,60199
14558,valid,59826
14559,invalid,59818
14560,invalid,60075
14561,valid,59768
14562,valid,59775
14563,valid,59757
14564,invalid,59774
14565,valid,59859
14566,invalid,59735
14567,valid,60972
14568,invalid,59820
14569,invalid,59854
14570,valid,60072
14571,valid,59783
14572,valid,59812
14573,invalid,59827
14574,valid,59848
14575,valid,59840
14576,valid,59810
14577,valid,60110
14578,valid,59732
14579,valid,59582
14580,valid,59789
14581,valid,59804
14582,valid,59787
14583,valid,59831
14584,invalid,59830
14585,invalid,62531
14586,valid,60007
14587,valid,59786
14588,valid,59797
14589,invalid,59805
14590,invalid,60780
14591,valid,59801
14592,invalid,59852
14593,valid,59773
14594,invalid,59772
14595,valid,59836
14596,valid,59852
14597,valid,59773
14598,invalid,59510
14599,valid,59804
14600,valid,59830
14601,valid,61077
14602,valid,59816
14603,invalid,60129
14604,valid,60058
14605,valid,59771
14606,invalid,60160
14607,invalid,60135
14608,invalid,59857
14609,invalid,59804
14610,valid,60002
14611,valid,59782
14612,invalid,59803
14613,valid,59842
14614,invalid,60973
14615,invalid,59796
14616,valid,59807
14617,valid,60568
14618,valid,59777
14619,invalid,59853
14620,valid,59819
14621,valid,60071
14622,valid,59754
14623,valid,59797
14624,invalid,59863
14625,invalid,59725
14626,invalid,59801
14627,invalid,60351
14628,valid,59778
14629,valid,59777
14630,invalid,59800
14631,invalid,59792
14632,invalid,59544
14633,valid,59798
14634,valid,60484
14635,valid,59652
14636,invalid,59813
14637,invalid,60339
14638,invalid,59816
14639,invalid,59851
14640,valid,59760
14641,invalid,59791
14642,valid,59810
14643,invalid,59793
14644,invalid,59939
14645,valid,59787
14646,invalid,59861
14647,invalid,60390
14648,valid,59830
14649,invalid,59738
14650,invalid,59820
14651,invalid,59746
14652,valid,59829
14653,valid,59784
14654,invalid,59979
14655,valid,59853
14656,valid,59814
14657,invalid,60971
14658,valid,59794
14659,valid,59777
14660,invalid,59809
14661,invalid,59763
14662,valid,59812
14663,valid,59750
14664,invalid,59735
14665,valid,59515
14666,invalid,59797
14667,valid,59821
14668,valid,59795
14669,valid,59762
14670,valid,59826
14671,invalid,59796
14672,invalid,59748
14673,invalid,59761
14674,invalid,60719
14675,invalid,59805
14676,valid,59770
14677,valid,60364
14678,valid,59819
14679,invalid,59816
14680,valid,59841
14681,invalid,59752
14682,invalid,59804
14683,valid,59821
14684,invalid,59758
14685,invalid,59770
14686,valid,59807
14687,valid,59747
14688,valid,59514
14689,valid,59718
14690,valid,59765
14691,invalid,59768
14692,valid,59787
14693,invalid,59773
14694,valid,60441
14695,valid,59778
14696,invalid,59855
14697,valid,59858
14698,valid,59787
14699,valid,60153
14700,valid,59839
14701,valid,59767
14702,valid,59812
14703,valid,59790
14704,valid,59781
14705,valid,59805
14706,valid,59798
14707,valid,59779
14708,valid,59782
14709,invalid,59815
14710,invalid,60363
14711,valid,59837
14712,invalid,59647
14713,valid,62582
14714,invalid,59835
14715,valid,59791
14716,valid,59805
14717,valid,59773
14718,invalid,59924
14719,invalid,60076
14720,invalid,59788
14721,invalid,59800
14722,invalid,59774
14723,valid,65388
14724,invalid,63223
14725,invalid,60526
14726,invalid,59871
14727,invalid,59828
14728,valid,63079
14729,invalid,60898
14730,invalid,59839
14731,valid,59859
14732,valid,59896
14733,invalid,59815
14734,invalid,59877
14735,invalid,59845
14736,invalid,59776
14737,valid,59825
14738,invalid,59846
14739,valid,60066
14740,valid,59896
14741,valid,59897
14742,invalid,60331
14743,valid,59822
14744,invalid,59832
14745,valid,59794
14746,invalid,59777
14747,valid,59886
14748,valid,59806
14749,invalid,59833
14750,invalid,59869
14751,valid,59816
14752,valid,60006
14753,valid,59875
14754,invalid,59870
14755,invalid,59783
14756,invalid,59797
14757,valid,59859
14758,valid,59772
14759,valid,60221
14760,invalid,59874
14761,valid,59881
14762,invalid,59802
14763,valid,59810
14764,invalid,59831
14765,valid,59823
14766,valid,59818
14767,valid,59939
14768,valid,59830
14769,invalid,59785
14770,invalid,59874
14771,invalid,59871
14772,invalid,59793
14773,valid,59806
14774,valid,59819
14775,valid,59831
14776,valid,59812
14777,valid,59823
14778,invalid,59853
14779,invalid,60388
14780,valid,59801
14781,valid,59796
14782,invalid,59595
14783,valid,59763
14784,valid,59846
14785,valid,59854
14786,valid,59881
14787,invalid,59719
14788,valid,59812
14789,invalid,60760
14790,invalid,59841
14791,invalid,59770
14792,invalid,60131
14793,valid,59795
14794,invalid,59769
14795,valid,59892
14796,valid,59792
14797,valid,59808
14798,valid,59899
14799,valid,60797
14800,valid,59841
14801,valid,59870
14802,valid,60375
14803,valid,59863
14804,invalid,59834
14805,invalid,59888
14806,valid,59884
14807,valid,60793
14808,valid,59795
14809,invalid,60126
14810,invalid,59838
14811,valid,59839
14812,invalid,59800
14813,invalid,59840
14814,valid,59831
14815,valid,59586
14816,valid,59828
14817,invalid,59805
14818,valid,59812
14819,invalid,60160
14820,valid,59859
14821,invalid,59774
14822,valid,59854
14823,valid,59804
14824,valid,59809
14825,valid,59588
14826,valid,60614
14827,valid,60186
14828,valid,59810
14829,invalid,60494
14830,valid,59853
14831,invalid,59810
14832,valid,59864
14833,valid,59818
14834,invalid,59830
14835,invalid,59752
14836,invalid,59816
14837,valid,59860
14838,invalid,59807
14839,valid,60172
14840,valid,59865
14841,valid,59824
14842,invalid,59916
14843,invalid,59830
14844,valid,59775
14845,invalid,59808
14846,valid,59772
14847,valid,59861
14848,invalid,59818
14849,invalid,60700
14850,valid,59758
14851,valid,59900
14852,valid,59838
14853,invalid,59851
14854,valid,59818
14855,valid,59830
14856,invalid,59811
14857,valid,59834
14858,valid,59782
14859,invalid,60191
14860,valid,59911
14861,invalid,59971
14862,invalid,59896
14863,valid,60734
14864,valid,59920
14865,valid,60013
14866,invalid,59815
14867,invalid,60060
14868,invalid,59780
14869,valid,59799
14870,valid,63080
14871,valid,59516
14872,valid,59906
14873,invalid,59844
14874,invalid,59802
14875,valid,59785
14876,valid,59812
14877,invalid,63099
14878,valid,60148
14879,invalid,60336
14880,valid,59717
14881,valid,59784
14882,invalid,59800
14883,valid,59802
14884,invalid,59667
14885,invalid,59785
14886,valid,60329
14887,valid,59787
14888,valid,59801
14889,valid,60372
14890,invalid,59829
14891,invalid,59929
14892,valid,59784
14893,valid,59817
14894,valid,59859
14895,invalid,59773
14896,valid,59810
14897,invalid,59761
14898,invalid,59806
14899,valid,60388
14900,invalid,59835
14901,valid,59855
14902,valid,59625
14903,valid,59857
14904,invalid,59774
14905,invalid,59824
14906,valid,60369
14907,invalid,59852
14908,valid,59768
14909,valid,59859
14910,valid,59810
14911,valid,59725
14912,invalid,59774
14913,invalid,59521
14914,invalid,59865
14915,valid,59768
14916,invalid,60794
14917,valid,59786
14918,valid,62541
14919,valid,59827
14920,invalid,59809
14921,valid,59853
14922,valid,60373
14923,invalid,59816
14924,valid,59816
14925,invalid,59783
14926,invalid,59730
14927,valid,59767
14928,invalid,59790
14929,invalid,59783
14930,invalid,59733
14931,valid,59771
14932,invalid,59846
14933,invalid,59845
14934,valid,59803
14935,valid,60916
14936,valid,59733
14937,valid,59798
14938,valid,59856
14939,invalid,59712
14940,valid,59759
14941,valid,59812
14942,valid,60196
14943,valid,59771
14944,valid,59862
14945,valid,59807
14946,valid,59765
14947,valid,59555
14948,invalid,59780
14949,valid,60135
14950,invalid,59818
14951,valid,59790
14952,invalid,60400
14953,invalid,59760
14954,invalid,59886
14955,invalid,60191
14956,valid,59834
14957,valid,59792
14958,valid,59817
14959,valid,61011
14960,invalid,60141
14961,invalid,59782
14962,invalid,60630
14963,valid,59815
14964,valid,59822
14965,valid,59841
14966,invalid,59799
14967,invalid,59582
14968,valid,59765
14969,valid,61203
14970,valid,59834
14971,valid,59842
14972,valid,59781
14973,valid,59731
14974,valid,60193
14975,invalid,61022
14976,valid,59799
14977,invalid,59824
14978,invalid,60398
14979,invalid,59772
14980,valid,59726
14981,invalid,59795
14982,valid,59799
14983,valid,59795
14984,valid,59864
14985,valid,60488
14986,valid,59832
14987,invalid,59803
14988,invalid,59802
14989,invalid,59792
14990,valid,59819
14991,valid,59795
14992,invalid,59818
14993,valid,60165
14994,valid,59804
14995,valid,59864
14996,valid,61509
14997,valid,60852
14998,invalid,59917
14999,valid,59813
15000,invalid,59775
15001,invalid,60231
15002,valid,59853
15003,valid,59797
15004,invalid,59790
15005,valid,59868
15006,invalid,59908
15007,valid,59812
15008,valid,59853
15009,invalid,59771
15010,valid,60137
15011,valid,61104
15012,invalid,60152
15013,valid,60178
15014,invalid,60506
15015,invalid,59821
15016,invalid,59795
15017,invalid,60237
15018,valid,60939
15019,invalid,61052
15020,invalid,59744
15021,valid,59805
15022,invalid,59848
15023,valid,59763
15024,invalid,59745
15025,invalid,60372
15026,invalid,59812
15027,valid,59859
15028,invalid,59815
15029,valid,59830
15030,valid,59761
15031,invalid,60092
15032,invalid,59808
15033,invalid,59613
15034,invalid,59752
15035,valid,59783
15036,invalid,59794
15037,invalid,60901
15038,valid,59790
15039,invalid,59837
15040,valid,60028
15041,invalid,60998
15042,valid,59693
15043,valid,59802
15044,invalid,60347
15045,invalid,59820
15046,invalid,59794
15047,valid,60579
15048,invalid,59828
15049,invalid,59851
15050,invalid,59779
15051,invalid,59746
15052,valid,59760
15053,valid,59844
15054,valid,60342
15055,valid,59807
15056,invalid,59763
15057,valid,59794
15058,invalid,59778
15059,valid,59843
15060,valid,59860
15061,valid,60157
15062,invalid,59774
15063,valid,59816
15064,invalid,60071
15065,valid,59840
15066,invalid,59770
15067,valid,59807
15068,invalid,59441
15069,invalid,59787
15070,valid,59759
15071,valid,60377
15072,invalid,59836
15073,valid,59791
15074,invalid,59747
15075,valid,59831
15076,valid,59780
15077,valid,59741
15078,invalid,59779
15079,valid,59767
15080,invalid,59845
15081,valid,61938
15082,valid,59817
15083,invalid,59822
15084,invalid,60129
15085,valid,59804
15086,invalid,59752
15087,valid,59777
15088,valid,59766
15089,invalid,59834
15090,valid,59815
15091,valid,60070
15092,invalid,59861
15093,invalid,59872
15094,invalid,60360
15095,invalid,59790
15096,valid,59788
15097,invalid,59823
15098,invalid,59889
15099,invalid,59798
15100,invalid,59795
15101,valid,60200
15102,valid,59848
15103,invalid,62940
15104,valid,59816
15105,valid,59785
15106,valid,59823
15107,valid,60779
15108,valid,59801
15109,valid,59805
15110,valid,60085
15111,invalid,59764
15112,valid,59812
15113,valid,59791
15114,valid,59791
15115,invalid,59782
15116,valid,59782
15117,valid,60723
15118,invalid,60851
15119,valid,59793
15120,valid,59827
15121,valid,59783
15122,valid,59794
15123,invalid,59819
15124,invalid,59800
15125,invalid,59872
15126,invalid,59549
15127,invalid,59850
15128,valid,59744
15129,invalid,59893
15130,invalid,60346
15131,invalid,59804
15132,valid,59795
15133,invalid,59753
15134,invalid,59813
15135,valid,59788
15136,invalid,59823
15137,invalid,60114
15138,invalid,59814
15139,invalid,59883
15140,valid,59785
15141,valid,59837
15142,invalid,59786
15143,valid,59848
15144,invalid,59757
15145,valid,59781
15146,invalid,59782
15147,invalid,60904
15148,valid,59850
15149,valid,59824
15150,invalid,60373
15151,invalid,59778
15152,invalid,59803
15153,invalid,59845
15154,valid,59806
15155,valid,59809
15156,valid,59743
15157,invalid,60390
15158,invalid,59742
15159,valid,59753
15160,valid,59830
15161,invalid,59804
15162,invalid,60740
15163,invalid,59779
15164,valid,59769
15165,valid,59862
15166,valid,60667
15167,invalid,59870
15168,invalid,59833
15169,invalid,59836
15170,invalid,61043
15171,valid,60355
15172,valid,59880
15173,invalid,59847
15174,invalid,59843
15175,valid,59861
15176,valid,59861
15177,invalid,59875
15178,invalid,59899
15179,invalid,59736
15180,invalid,59823
15181,valid,59846
15182,invalid,61070
15183,valid,59839
15184,valid,59825
15185,invalid,60356
15186,valid,59835
15187,valid,59830
15188,valid,59835
15189,invalid,59848
15190,valid,59866
15191,valid,59780
15192,invalid,60204
15193,invalid,59870
15194,invalid,59780
15195,invalid,59518
15196,valid,59837
15197,valid,59753
15198,valid,59853
15199,invalid,59808
15200,valid,59860
15201,valid,60182
15202,valid,60356
15203,invalid,59823
15204,valid,59805
15205,valid,59827
15206,valid,59797
15207,invalid,59860
15208,valid,59856
15209,valid,59801
15210,valid,59902
15211,valid,59795
15212,invalid,59884
15213,valid,59778
15214,valid,59882
15215,invalid,59837
15216,valid,59858
15217,invalid,60158
15218,valid,60819
15219,invalid,61551
15220,invalid,60876
15221,valid,59831
15222,invalid,59802
15223,valid,59825
15224,valid,59858
15225,valid,59595
15226,invalid,59991
15227,valid,59869
15228,invalid,59821
15229,valid,59799
15230,valid,59530
15231,valid,59793
15232,valid,59829
15233,valid,59818
15234,valid,59886
15235,valid,60108
15236,valid,59815
15237,invalid,59830
15238,invalid,61440
15239,valid,59806
15240,valid,59836
15241,valid,60373
15242,invalid,59883
15243,valid,59784
15244,valid,59824
15245,valid,59751
15246,invalid,59825
15247,invalid,59844
15248,invalid,59828
15249,valid,59829
15250,valid,61176
15251,invalid,59769
15252,invalid,59827
15253,invalid,59801
15254,valid,59842
15255,invalid,59854
15256,valid,59877
15257,valid,59807
15258,invalid,59838
15259,invalid,59808
15260,valid,60666
15261,invalid,59904
15262,valid,59795
15263,invalid,59755
15264,valid,59830
15265,invalid,59882
15266,invalid,59729
15267,valid,59765
15268,invalid,59803
15269,invalid,59758
15270,invalid,60999
15271,valid,59782
15272,valid,59812
15273,invalid,60100
15274,invalid,59807
15275,invalid,59821
15276,invalid,59805
15277,valid,59811
15278,invalid,59806
15279,valid,60012
15280,invalid,60435
15281,invalid,59783
15282,invalid,59835
15283,valid,62456
15284,invalid,59836
15285,valid,59711
15286,invalid,59800
15287,valid,59780
15288,valid,59808
15289,valid,59820
15290,invalid,59890
15291,valid,59880
15292,valid,59770
15293,invalid,60343
15294,invalid,60002
15295,valid,59801
15296,invalid,59806
15297,invalid,59809
15298,valid,59825
15299,valid,59805
15300,invalid,59804
15301,invalid,59768
15302,invalid,59800
15303,valid,60482
15304,invalid,60744
15305,valid,59840
15306,invalid,61052
15307,valid,59735
15308,invalid,59782
15309,valid,60398
15310,invalid,59811
15311,invalid,59731
15312,invalid,59837
15313,valid,59790
15314,invalid,59838
15315,invalid,59814
15316,invalid,60102
15317,valid,59782
15318,valid,59815
15319,invalid,59726
15320,valid,59833
15321,invalid,59778
15322,valid,59821
15323,valid,59768
15324,valid,59852
15325,invalid,60396
15326,valid,59816
15327,invalid,59859
15328,valid,59857
15329,invalid,59801
15330,invalid,59795
15331,invalid,60341
15332,invalid,59906
15333,invalid,59736
15334,valid,59856
15335,invalid,59844
15336,invalid,59789
15337,valid,59818
15338,valid,59814
15339,invalid,59870
15340,valid,59821
15341,invalid,60427
15342,valid,59824
15343,valid,59801
15344,valid,59829
15345,valid,59804
15346,invalid,59808
15347,valid,59837
15348,invalid,59739
15349,invalid,59784
15350,invalid,59850
15351,valid,60116
15352,valid,59827
15353,invalid,59789
15354,valid,60532
15355,invalid,59788
15356,invalid,59834
15357,invalid,59847
15358,invalid,59843
15359,invalid,59816
15360,valid,59825
15361,valid,60566
15362,invalid,59806
15363,invalid,59831
15364,valid,59777
15365,valid,59818
15366,valid,59509
15367,valid,59726
15368,invalid,59808
15369,invalid,59814
15370,invalid,59842
15371,invalid,60568
15372,invalid,59821
15373,valid,59768
15374,valid,59802
15375,valid,59830
15376,valid,59597
15377,invalid,59833
15378,valid,60018
15379,invalid,59490
15380,valid,59855
15381,valid,59819
15382,invalid,59864
15383,invalid,59797
15384,valid,59617
15385,invalid,59822
15386,valid,59813
15387,invalid,59765
15388,valid,61060
15389,valid,59782
15390,valid,59825
15391,invalid,60190
15392,invalid,59850
15393,invalid,59779
15394,valid,59842
15395,valid,59817
15396,valid,59758
15397,valid,59789
15398,invalid,60091
15399,invalid,59784
15400,valid,59814
15401,invalid,60134
15402,invalid,59787
15403,valid,59811
15404,invalid,59807
15405,valid,60943
15406,invalid,60103
15407,valid,60227
15408,valid,59804
15409,valid,59829
15410,invalid,59843
15411,valid,60137
15412,valid,59832
15413,valid,59790
15414,invalid,59633
15415,valid,59774
15416,invalid,59828
15417,valid,59780
15418,valid,59813
15419,valid,59777
15420,invalid,59864
15421,invalid,60750
15422,invalid,59808
15423,invalid,59859
15424,valid,59795
15425,invalid,59793
15426,invalid,59830
15427,invalid,59824
15428,valid,59795
15429,invalid,59486
15430,invalid,59778
15431,valid,60732
15432,invalid,59820
15433,invalid,59819
15434,valid,59808
15435,invalid,61569
15436,invalid,60313
15437,valid,60809
15438,valid,60148
15439,valid,59827
15440,invalid,59826
15441,valid,59862
15442,invalid,59718
15443,valid,59858
15444,invalid,59797
15445,invalid,59793
15446,invalid,59786
15447,invalid,60830
15448,invalid,59783
15449,valid,59817
15450,invalid,60359
15451,invalid,59813
15452,valid,59770
15453,valid,59873
15454,valid,59796
15455,valid,59827
15456,invalid,64098
15457,invalid,59664
15458,invalid,59781
15459,invalid,59594
15460,valid,60160
15461,valid,59800
15462,valid,59836
15463,invalid,59810
15464,invalid,59769
15465,invalid,59805
15466,invalid,59804
15467,valid,60295
15468,invalid,59857
15469,invalid,59851
15470,invalid,60411
15471,invalid,59885
15472,valid,59798
15473,valid,59790
15474,valid,59800
15475,valid,59785
15476,valid,59778
15477,valid,59800
15478,invalid,59963
15479,valid,59986
15480,invalid,59914
15481,invalid,59800
15482,invalid,59675
15483,valid,60701
15484,invalid,59808
15485,invalid,59847
15486,valid,59827
15487,valid,59767
15488,invalid,59867
15489,valid,59840
15490,invalid,59838
15491,valid,59788
15492,invalid,60415
15493,valid,63115
15494,valid,63752
15495,invalid,59861
15496,valid,59815
15497,valid,59796
15498,valid,59806
15499,invalid,59793
15500,invalid,59832
15501,invalid,60612
15502,invalid,59854
15503,invalid,59810
15504,invalid,60391
15505,invalid,59784
15506,valid,59865
15507,valid,59782
15508,invalid,59759
15509,invalid,59788
15510,valid,59856
15511,invalid,60283
15512,valid,59854
15513,valid,59828
15514,invalid,60160
15515,valid,59861
15516,valid,59769
15517,invalid,60162
15518,invalid,59812
15519,invalid,59823
15520,valid,59803
15521,valid,59816
15522,invalid,59821
15523,valid,59806
15524,invalid,60364
15525,valid,63066
15526,invalid,62011
15527,invalid,59785
15528,valid,59826
15529,invalid,59866
15530,valid,59563
15531,invalid,59873
15532,valid,59612
15533,valid,59800
15534,valid,59869
15535,invalid,59796
15536,invalid,59812
15537,valid,59807
15538,valid,59845
15539,valid,59602
15540,invalid,59782
15541,valid,59817
15542,invalid,59813
15543,invalid,59758
15544,invalid,59795
15545,valid,59805
15546,invalid,59883
15547,valid,63163
15548,valid,59750
15549,invalid,59813
15550,valid,59832
15551,invalid,59791
15552,valid,59741
15553,valid,59808
15554,valid,59859
15555,invalid,59783
15556,valid,59825
15557,invalid,59879
15558,invalid,59793
15559,valid,59740
15560,valid,60544
15561,valid,59777
15562,invalid,59813
15563,invalid,60381
15564,invalid,59893
15565,invalid,59756
15566,invalid,59841
15567,valid,59765
15568,invalid,59805
15569,valid,59787
15570,invalid,60283
15571,valid,59829
15572,valid,59847
15573,invalid,59754
15574,invalid,59841
15575,valid,59765
15576,valid,59824
15577,invalid,59788
15578,invalid,59814
15579,invalid,59809
15580,invalid,60866
15581,invalid,59758
15582,invalid,59803
15583,invalid,60241
15584,valid,60867
15585,invalid,59765
15586,valid,59833
15587,invalid,59811
15588,invalid,59804
15589,invalid,59794
15590,invalid,59839
15591,valid,59807
15592,invalid,59785
15593,invalid,60392
15594,valid,59812
15595,valid,59630
15596,valid,59817
15597,invalid,59844
15598,invalid,59948
15599,invalid,59791
15600,invalid,59827
15601,valid,59842
15602,invalid,59821
15603,valid,60443
15604,valid,59815
15605,valid,59806
15606,invalid,59847
15607,valid,59854
15608,invalid,59812
15609,invalid,59813
15610,valid,59811
15611,invalid,59793
15612,invalid,59884
15613,valid,60201
15614,invalid,59811
15615,valid,59804
15616,valid,59881
15617,valid,59769
15618,valid,59898
15619,invalid,59863
15620,valid,59853
15621,valid,59827
15622,valid,59835
15623,invalid,60138
15624,valid,59851
15625,invalid,59817
15626,valid,60116
15627,invalid,59825
15628,invalid,59850
15629,invalid,59795
15630,invalid,59836
15631,valid,59838
15632,valid,59960
15633,valid,60047
15634,valid,59823
15635,invalid,59815
15636,invalid,59812
15637,invalid,59828
15638,valid,59853
15639,valid,60333
15640,valid,59814
15641,valid,59831
15642,valid,60369
15643,invalid,59888
15644,valid,59789
15645,invalid,59832
15646,invalid,59838
15647,valid,59903
15648,invalid,59608
15649,valid,59792
15650,valid,59762
15651,invalid,59886
15652,valid,60357
15653,valid,59801
15654,invalid,59805
15655,valid,59794
15656,invalid,59818
15657,invalid,59729
15658,valid,59859
15659,invalid,60158
15660,valid,59749
15661,invalid,59847
15662,invalid,59848
15663,valid,59866
15664,invalid,59823
15665,valid,59874
15666,valid,60785
15667,invalid,59760
15668,invalid,59833
15669,valid,59692
15670,valid,59801
15671,invalid,63279
15672,valid,59949
15673,valid,60150
15674,invalid,59840
15675,invalid,59850
15676,invalid,59830
15677,invalid,59759
15678,valid,59563
15679,invalid,59789
15680,valid,60190
15681,invalid,59759
15682,invalid,59875
15683,invalid,59844
15684,invalid,59809
15685,valid,59764
15686,invalid,59823
15687,invalid,60413
15688,invalid,59825
15689,valid,59834
15690,valid,59847
15691,valid,59802
15692,invalid,59835
15693,invalid,59584
15694,invalid,59757
15695,valid,59758
15696,invalid,59547
15697,invalid,61104
15698,valid,59786
15699,invalid,59802
15700,valid,60833
15701,invalid,60058
15702,valid,60121
15703,invalid,59808
15704,valid,59735
15705,valid,59815
15706,valid,59804
15707,valid,59854
15708,invalid,59842
15709,invalid,59809
15710,valid,60391
15711,valid,59793
15712,invalid,59814
15713,invalid,59782
15714,invalid,59820
15715,invalid,59830
15716,valid,59838
15717,invalid,59750
15718,valid,59781
15719,invalid,59818
15720,valid,60380
15721,invalid,59768
15722,invalid,59886
15723,valid,59819
15724,valid,59811
15725,valid,59749
15726,invalid,59810
15727,valid,59964
15728,invalid,59818
15729,valid,59804
15730,invalid,60389
15731,invalid,59788
15732,valid,59898
15733,valid,59781
15734,valid,59851
15735,invalid,59884
15736,valid,59779
15737,invalid,60012
15738,valid,59802
15739,valid,59831
15740,invalid,59807
15741,invalid,59822
15742,valid,59812
15743,invalid,59767
15744,invalid,59843
15745,valid,59779
15746,invalid,59790
15747,invalid,59594
15748,valid,59875
15749,valid,59799
15750,invalid,59882
15751,invalid,59841
15752,valid,59803
15753,valid,59793
15754,invalid,59813
15755,invalid,59808
15756,invalid,59762
15757,valid,60357
15758,invalid,59796
15759,invalid,59810
15760,invalid,59791
15761,invalid,59802
15762,valid,59817
15763,invalid,59841
15764,valid,59911
15765,invalid,60419
15766,invalid,60190
15767,invalid,60473
15768,invalid,59819
15769,valid,59812
15770,invalid,60206
15771,invalid,59844
15772,valid,59811
15773,invalid,59792
15774,valid,59803
15775,valid,59613
15776,invalid,59765
15777,invalid,60078
15778,invalid,59803
15779,invalid,59793
15780,invalid,60471
15781,invalid,59790
15782,invalid,59815
15783,invalid,59823
15784,invalid,60146
15785,invalid,60090
15786,invalid,60053
15787,valid,59974
15788,valid,59861
15789,valid,60327
15790,invalid,59897
15791,valid,59785
15792,invalid,59846
15793,invalid,59830
15794,invalid,59848
15795,invalid,59807
15796,valid,59786
15797,valid,59790
15798,invalid,59817
15799,valid,60349
15800,invalid,59772
15801,valid,59849
15802,valid,60364
15803,invalid,59745
15804,invalid,59881
15805,invalid,59841
15806,valid,59665
15807,valid,59798
15808,valid,59553
15809,valid,60366
15810,valid,59825
15811,valid,59806
15812,valid,59797
15813,valid,59842
15814,valid,59813
15815,invalid,59789
15816,valid,59766
15817,valid,59766
15818,invalid,59871
15819,valid,60839
15820,invalid,59794
15821,valid,59809
15822,valid,59735
15823,invalid,59851
15824,valid,59760
15825,valid,59821
15826,valid,59828
15827,valid,60822
15828,valid,60204
15829,invalid,59837
15830,valid,59767
15831,valid,59840
15832,invalid,61959
15833,invalid,59791
15834,invalid,59770
15835,valid,60097
15836,valid,59789
15837,valid,59832
15838,valid,59742
15839,valid,59819
15840,valid,59783
15841,invalid,59851
15842,valid,59820
15843,invalid,59777
15844,invalid,59824
15845,invalid,60178
15846,invalid,59809
15847,invalid,59783
15848,valid,59772
15849,valid,59790
15850,valid,59846
15851,valid,59833
15852,invalid,59805
15853,valid,59761
15854,invalid,59701
15855,invalid,59760
15856,valid,59834
15857,invalid,59808
15858,valid,59817
15859,valid,59608
15860,invalid,59795
15861,invalid,59763
15862,valid,59795
15863,valid,59759
15864,invalid,59781
15865,invalid,59809
15866,valid,59787
15867,valid,59814
15868,invalid,59837
15869,invalid,60366
15870,valid,60207
15871,valid,60219
15872,valid,61170
15873,invalid,60159
15874,invalid,59889
15875,valid,60162
15876,valid,59836
15877,valid,59735
15878,invalid,60405
15879,invalid,60183
15880,invalid,59744
15881,invalid,59784
15882,invalid,59804
15883,valid,59727
15884,valid,59779
15885,invalid,60560
15886,valid,60381
15887,valid,59798
15888,invalid,59828
15889,invalid,59933
15890,valid,59817
15891,invalid,59787
15892,invalid,59783
15893,valid,59863
15894,valid,59823
15895,invalid,59779
15896,valid,59825
15897,invalid,60501
15898,valid,59822
15899,valid,59884
15900,valid,59828
15901,valid,59788
15902,valid,59831
15903,valid,59739
15904,valid,59812
15905,valid,59871
15906,invalid,59834
15907,invalid,60406
15908,valid,59861
15909,invalid,59799
15910,invalid,59867
15911,valid,59828
15912,valid,59871
15913,valid,59833
15914,invalid,59801
15915,invalid,60136
15916,valid,59814
15917,valid,60437
15918,invalid,59822
15919,valid,59773
15920,invalid,59800
15921,invalid,59838
15922,invalid,59822
15923,valid,59810
15924,valid,59889
15925,valid,59803
15926,invalid,59817
15927,valid,60160
15928,invalid,59796
15929,valid,59821
15930,valid,59791
15931,valid,59810
15932,valid,59883
15933,valid,61246
15934,invalid,59811
15935,invalid,59804
15936,valid,59818
15937,invalid,60398
15938,valid,59819
15939,invalid,59782
15940,invalid,60132
15941,invalid,60418
15942,invalid,60121
15943,invalid,59768
15944,valid,59788
15945,invalid,59922
15946,valid,59988
15947,valid,59811
15948,valid,59928
15949,invalid,59825
15950,invalid,59798
15951,valid,59792
15952,valid,60166
15953,invalid,59811
15954,valid,59887
15955,invalid,59803
15956,valid,59578
15957,invalid,59795
15958,valid,59818
15959,valid,60204
15960,invalid,59794
15961,invalid,59870
15962,invalid,60405
15963,invalid,60008
15964,valid,59815
15965,invalid,59779
15966,valid,59763
15967,invalid,59817
15968,invalid,59695
15969,invalid,59814
15970,invalid,59837
15971,valid,59730
15972,valid,60443
15973,invalid,59811
15974,invalid,61824
15975,valid,60089
15976,invalid,59803
15977,invalid,59829
15978,invalid,59823
15979,invalid,59885
15980,invalid,59820
15981,invalid,59740
15982,invalid,59779
15983,invalid,59779
15984,valid,59846
15985,invalid,60366
15986,valid,59884
15987,valid,59806
15988,valid,61989
15989,invalid,59819
15990,invalid,59767
15991,valid,59824
15992,valid,59823
15993,invalid,59754
15994,valid,59840
15995,valid,60249
15996,valid,59791
15997,valid,59794
15998,invalid,60119
15999,valid,59802
16000,valid,59804
16001,invalid,60751
16002,valid,59882
16003,valid,59787
16004,valid,59864
16005,valid,59796
16006,valid,59783
16007,invalid,59785
16008,valid,60152
16009,invalid,59812
16010,valid,59830
16011,invalid,59911
16012,valid,59762
16013,invalid,59795
16014,invalid,59843
16015,valid,59837
16016,invalid,59807
16017,invalid,59828
16018,invalid,60090
16019,invalid,59823
16020,valid,59800
16021,valid,59804
16022,invalid,59796
16023,valid,59812
16024,valid,59788
16025,invalid,60029
16026,invalid,59805
16027,invalid,59844
16028,invalid,59893
16029,valid,59782
16030,invalid,59834
16031,invalid,59531
16032,invalid,59821
16033,valid,59839
16034,valid,59800
16035,invalid,60420
16036,invalid,59771
16037,invalid,59797
16038,invalid,60356
16039,valid,59857
16040,valid,59874
16041,invalid,59841
16042,valid,59804
16043,valid,59728
16044,valid,59829
16045,invalid,59965
16046,invalid,59806
16047,valid,59785
16048,invalid,59593
16049,valid,59808
16050,invalid,60321
16051,valid,60280
16052,valid,61389
16053,invalid,59616
16054,valid,59978
16055,valid,59809
16056,invalid,59797
16057,invalid,59897
16058,valid,59675
16059,invalid,59848
16060,invalid,59815
16061,valid,59854
16062,invalid,59791
16063,valid,59821
16064,invalid,59588
16065,valid,59945
16066,valid,59808
16067,valid,59780
16068,valid,60977
16069,invalid,59783
16070,invalid,59577
16071,valid,59817
16072,valid,59839
16073,invalid,59800
16074,invalid,59799
16075,invalid,59813
16076,invalid,59812
16077,valid,59778
16078,valid,60858
16079,invalid,59905
16080,invalid,59837
16081,invalid,60087
16082,invalid,59545
16083,valid,59861
16084,valid,59835
16085,invalid,59770
16086,invalid,59814
16087,valid,59735
16088,valid,60456
16089,invalid,59819
16090,valid,59758
16091,invalid,59817
16092,invalid,59827
16093,valid,59783
16094,valid,59811
16095,valid,60261
16096,valid,59900
16097,invalid,59815
16098,valid,59723
16099,valid,59810
16100,invalid,59804
16101,valid,59811
16102,invalid,60261
16103,invalid,59799
16104,invalid,59783
16105,valid,59805
16106,invalid,59783
16107,valid,59813
16108,invalid,59732
16109,invalid,60342
16110,valid,59833
16111,invalid,59807
16112,valid,59850
16113,invalid,59823
16114,valid,59782
16115,valid,59767
16116,invalid,59784
16117,invalid,60091
16118,invalid,62288
16119,valid,59862
16120,invalid,59761
16121,invalid,59782
16122,valid,60868
16123,valid,59798
16124,valid,59764
16125,invalid,60471
16126,valid,59685
16127,invalid,59799
16128,valid,59882
16129,invalid,59741
16130,valid,59816
16131,valid,59824
16132,valid,59727
16133,valid,59812
16134,valid,59802
16135,invalid,60390
16136,invalid,59774
16137,invalid,59884
16138,invalid,59836
16139,invalid,59809
16140,valid,59842
16141,invalid,59805
16142,valid,59780
16143,valid,59703
16144,invalid,59718
16145,invalid,59792
16146,valid,59762
16147,invalid,59770
16148,invalid,59714
16149,invalid,59706
16150,valid,59746
16151,valid,59843
16152,valid,63032
16153,invalid,60253
16154,valid,60206
16155,invalid,59765
16156,valid,59770
16157,invalid,59785
16158,valid,60142
16159,invalid,59574
16160,invalid,59758
16161,invalid,59772
16162,valid,59680
16163,valid,59744
16164,valid,59741
16165,invalid,59747
16166,invalid,59735
16167,invalid,59729
16168,valid,59841
16169,invalid,59759
16170,valid,60636
16171,invalid,59822
16172,invalid,59805
16173,invalid,59771
16174,invalid,59757
16175,invalid,59810
16176,invalid,59728
16177,invalid,60004
16178,valid,59691
16179,valid,59811
16180,valid,59754
16181,invalid,59770
16182,invalid,59775
16183,valid,59753
16184,invalid,59768
16185,valid,60303
16186,invalid,59724
16187,invalid,59738
16188,valid,59843
16189,valid,59739
16190,valid,59799
16191,valid,59720
16192,valid,59740
16193,invalid,59790
16194,invalid,59768
16195,invalid,59749
16196,valid,59799
16197,invalid,59808
16198,invalid,59725
16199,valid,59737
16200,invalid,59713
16201,valid,59800
16202,valid,59772
16203,invalid,59791
16204,valid,59770
16205,valid,59799
16206,valid,59578
16207,valid,59811
16208,valid,59761
16209,valid,59762
16210,invalid,60890
16211,invalid,59847
16212,invalid,59775
16213,invalid,59794
16214,invalid,60888
16215,valid,59761
16216,invalid,59719
16217,invalid,59827
16218,valid,59757
16219,invalid,59796
16220,valid,59728
16221,invalid,59758
16222,valid,59778
16223,invalid,59716
16224,invalid,59732
16225,valid,59778
16226,valid,59744
16227,valid,59778
16228,invalid,59798
16229,valid,60209
16230,invalid,59755
16231,invalid,59756
16232,invalid,59729
16233,invalid,59808
16234,valid,59549
16235,invalid,59790
16236,invalid,59781
16237,invalid,59762
16238,valid,59775
16239,invalid,59776
16240,valid,59760
16241,invalid,59774
16242,invalid,59791
16243,invalid,59751
16244,invalid,59768
16245,invalid,59913
16246,valid,60128
16247,valid,59739
16248,valid,59796
16249,valid,60087
16250,invalid,61095
16251,invalid,61442
16252,invalid,59745
16253,invalid,59724
16254,invalid,59785
16255,valid,59747
16256,valid,59778
16257,valid,59730
16258,valid,59808
16259,invalid,59787
16260,invalid,59797
16261,valid,59777
16262,valid,59686
16263,invalid,59810
16264,valid,59731
16265,invalid,59995
16266,valid,59759
16267,valid,59754
16268,invalid,60435
16269,valid,60221
16270,valid,59823
16271,valid,59764
16272,invalid,59770
16273,valid,59761
16274,invalid,59699
16275,valid,59730
16276,valid,59772
16277,valid,59822
16278,invalid,60885
16279,invalid,59740
16280,invalid,59774
16281,invalid,59724
16282,valid,59742
16283,invalid,59770
16284,valid,59519
16285,valid,59798
16286,valid,59787
16287,valid,59764
16288,valid,59778
16289,invalid,59752
16290,valid,59743
16291,valid,59515
16292,invalid,59718
16293,invalid,59832
16294,valid,59782
16295,invalid,61262
16296,valid,59670
16297,invalid,60940
16298,valid,59935
16299,valid,59816
16300,valid,59781
16301,invalid,60700
16302,valid,61312
16303,valid,59809
16304,invalid,59873
16305,invalid,59787
16306,valid,59804
16307,valid,59824
16308,invalid,59822
16309,invalid,59772
16310,valid,59848
16311,valid,61003
16312,valid,59833
16313,invalid,59790
16314,valid,60101
16315,valid,59787
16316,valid,59795
16317,invalid,60300
16318,valid,59796
16319,valid,59896
16320,valid,59895
16321,valid,59762
16322,valid,59828
16323,invalid,60421
16324,invalid,60447
16325,invalid,59767
16326,invalid,59847
16327,invalid,60408
16328,invalid,60489
16329,invalid,59808
16330,valid,59771
16331,invalid,60481
16332,valid,59769
16333,valid,59744
16334,invalid,59798
16335,valid,59808
16336,valid,59848
16337,valid,59774
16338,valid,59831
16339,valid,59584
16340,invalid,59872
16341,invalid,60351
16342,invalid,59777
16343,invalid,60125
16344,valid,59586
16345,valid,59771
16346,invalid,59768
16347,valid,59773
16348,valid,59731
16349,valid,59795
16350,valid,59778
16351,invalid,59835
16352,valid,59827
16353,valid,60013
16354,invalid,59762
16355,valid,62522
16356,valid,60183
16357,invalid,59797
16358,valid,59792
16359,invalid,59746
16360,invalid,60787
16361,invalid,59850
16362,valid,63086
16363,invalid,59873
16364,valid,59823
16365,invalid,59643
16366,valid,59807
16367,valid,59798
16368,invalid,59802
16369,invalid,59862
16370,valid,60086
16371,valid,59813
16372,invalid,60084
16373,invalid,60187
16374,valid,63093
16375,invalid,60174
16376,invalid,60831
16377,invalid,59836
16378,valid,59777
16379,invalid,61613
16380,invalid,59837
16381,invalid,59801
16382,invalid,59802
16383,valid,59758
16384,valid,59899
16385,valid,59769
16386,valid,59650
16387,invalid,59544
16388,invalid,59808
16389,valid,60523
16390,invalid,59859
16391,valid,59773
16392,valid,59730
16393,valid,60841
16394,invalid,59887
16395,valid,59776
16396,invalid,59773
16397,invalid,60429
16398,valid,59768
16399,invalid,60086
16400,invalid,59765
16401,invalid,59787
16402,invalid,60472
16403,invalid,60263
16404,invalid,59840
16405,valid,59822
16406,valid,59866
16407,invalid,59817
16408,invalid,59829
16409,invalid,59783
16410,invalid,59903
16411,invalid,60446
16412,invalid,59854
16413,invalid,59796
16414,invalid,59752
16415,valid,59756
16416,valid,59760
16417,valid,59752
16418,valid,59813
16419,valid,59776
16420,invalid,59768
16421,valid,59781
16422,valid,59851
16423,valid,59870
16424,valid,59865
16425,invalid,59526
16426,valid,59791
16427,valid,59814
16428,valid,60980
16429,invalid,59775
16430,valid,59808
16431,invalid,59822
16432,valid,59523
16433,invalid,60411
16434,invalid,60187
16435,invalid,59812
16436,valid,60303
16437,invalid,60156
16438,valid,59805
16439,invalid,59807
16440,valid,59743
16441,valid,59782
16442,valid,59809
16443,valid,59884
16444,valid,59683
16445,valid,59786
16446,invalid,59789
16447,valid,59835
16448,valid,60578
16449,valid,59799
16450,invalid,59745
16451,invalid,60158
16452,valid,59819
16453,valid,59856
16454,valid,59810
16455,invalid,59803
16456,valid,59786
16457,valid,59794
16458,valid,60589
16459,invalid,59864
16460,valid,59512
16461,valid,59796
16462,invalid,59831
16463,valid,59815
16464,invalid,59618
16465,valid,59811
16466,valid,59826
16467,valid,59786
16468,invalid,60169
16469,valid,59785
16470,invalid,59808
16471,invalid,59892
16472,invalid,59802
16473,invalid,59801
16474,invalid,59537
16475,invalid,59896
16476,valid,59814
16477,invalid,59841
16478,invalid,59807
16479,valid,59813
16480,invalid,59862
16481,valid,59799
16482,valid,59579
16483,valid,59797
16484,valid,60920
16485,valid,59837
16486,valid,59821
16487,invalid,59784
16488,invalid,59796
16489,valid,59811
16490,valid,59809
16491,invalid,59835
16492,invalid,59843
16493,valid,59784
16494,valid,59898
16495,invalid,60797
16496,valid,59812
16497,valid,59810
16498,invalid,60118
16499,invalid,59782
16500,invalid,59820
16501,valid,59794
16502,valid,59743
16503,valid,59851
16504,invalid,59794
16505,valid,60609
16506,valid,59780
16507,valid,59819
16508,invalid,60107
16509,invalid,59794
16510,valid,59840
16511,valid,59852
16512,invalid,59805
16513,valid,59736
16514,valid,59816
16515,invalid,60621
16516,invalid,59807
16517,valid,59822
16518,valid,60163
16519,valid,59862
16520,invalid,59852
16521,valid,59802
16522,valid,59818
16523,valid,59789
16524,invalid,59962
16525,invalid,60210
16526,valid,59828
16527,valid,59849
16528,valid,59831
16529,valid,59840
16530,invalid,59784
16531,invalid,59831
16532,invalid,59877
16533,valid,60275
16534,invalid,59850
16535,invalid,59824
16536,invalid,59790
16537,valid,60682
16538,valid,59813
16539,valid,59821
16540,valid,59721
16541,valid,59895
16542,valid,59824
16543,invalid,59529
16544,invalid,59867
16545,invalid,59769
16546,valid,59800
16547,valid,60643
16548,valid,59896
16549,valid,59561
16550,invalid,60351
16551,invalid,59819
16552,invalid,59774
16553,invalid,59809
16554,valid,59840
16555,valid,59784
16556,valid,59837
16557,valid,60156
16558,invalid,63220
16559,invalid,63148
16560,invalid,59830
16561,valid,60108
16562,valid,59832
16563,valid,59848
16564,valid,60721
16565,valid,59860
16566,valid,59862
16567,invalid,59809
16568,valid,59816
16569,valid,59866
16570,valid,59566
16571,valid,60381
16572,valid,59851
16573,invalid,59799
16574,invalid,59863
16575,invalid,59716
16576,invalid,59783
16577,valid,59847
16578,invalid,59753
16579,invalid,59765
16580,invalid,59830
16581,valid,60433
16582,valid,59779
16583,valid,59780
16584,invalid,59820
16585,valid,59788
16586,valid,59817
16587,valid,63490
16588,invalid,60267
16589,valid,59812
16590,invalid,59755
16591,valid,59883
16592,invalid,59780
16593,invalid,59794
16594,valid,59841
16595,valid,59816
16596,invalid,59800
16597,invalid,59782
16598,invalid,59849
16599,invalid,59860
16600,invalid,59886
16601,invalid,59810
16602,invalid,59835
16603,valid,59751
16604,valid,59814
16605,invalid,59848
16606,invalid,59810
16607,invalid,59793
16608,invalid,59788
16609,valid,59841
16610,invalid,59794
16611,invalid,59798
16612,valid,59786
16613,valid,59843
16614,valid,60949
16615,invalid,59759
16616,valid,59865
16617,invalid,60412
16618,invalid,59828
16619,invalid,59872
16620,valid,59778
16621,invalid,59862
16622,invalid,59797
16623,valid,59795
16624,valid,59765
16625,invalid,59786
16626,invalid,59857
16627,invalid,60101
16628,invalid,59629
16629,valid,59833
16630,invalid,59783
16631,valid,59771
16632,invalid,59726
16633,valid,59876
16634,valid,59808
16635,invalid,59819
16636,valid,59786
16637,invalid,59855
16638,valid,59806
16639,valid,59851
16640,valid,59785
16641,valid,59781
16642,invalid,59773
16643,invalid,60294
16644,valid,60509
16645,invalid,59792
16646,invalid,59826
16647,invalid,59845
16648,valid,59815
16649,valid,59830
16650,valid,59821
16651,invalid,60967
16652,invalid,59851
16653,valid,59793
16654,valid,59730
16655,valid,59804
16656,valid,59779
16657,valid,60413
16658,invalid,59833
16659,invalid,59807
16660,valid,59784
16661,invalid,59833
16662,valid,59780
16663,valid,59779
16664,invalid,59865
16665,invalid,59812
16666,invalid,59688
16667,valid,59848
16668,invalid,59842
16669,invalid,63121
16670,valid,60179
16671,invalid,59909
16672,invalid,59831
16673,invalid,60088
16674,valid,59803
16675,invalid,60849
16676,valid,59613
16677,valid,59824
16678,invalid,59833
16679,invalid,59761
16680,invalid,59808
16681,valid,59743
16682,valid,59756
16683,valid,59850
16684,invalid,59826
16685,valid,59845
16686,valid,59809
16687,valid,59831
16688,valid,59520
16689,valid,59917
16690,invalid,60266
16691,valid,59845
16692,invalid,59782
16693,valid,59786
16694,invalid,63032
16695,valid,59831
16696,valid,60759
16697,invalid,59807
16698,invalid,59809
16699,invalid,60359
16700,invalid,59840
16701,valid,59777
16702,valid,63503
16703,invalid,59799
16704,invalid,59848
16705,invalid,62071
16706,valid,59890
16707,valid,59816
16708,valid,60235
16709,invalid,59783
16710,valid,60867
16711,valid,60449
16712,valid,59927
16713,valid,60372
16714,valid,59554
16715,invalid,60364
16716,valid,60337
16717,valid,59795
16718,valid,59867
16719,invalid,59747
16720,invalid,59753
16721,valid,59818
16722,invalid,59770
16723,valid,59875
16724,valid,59769
16725,invalid,59816
16726,invalid,59824
16727,valid,60977
16728,invalid,59883
16729,invalid,59759
16730,invalid,60500
16731,invalid,59776
16732,invalid,59813
16733,valid,59837
16734,invalid,63112
16735,valid,59823
16736,valid,59774
16737,valid,59874
16738,invalid,59936
16739,valid,59779
16740,invalid,59836
16741,valid,59773
16742,valid,59812
16743,valid,59809
16744,valid,59756
16745,invalid,59839
16746,valid,60490
16747,valid,59921
16748,invalid,59790
16749,valid,59859
16750,valid,60286
16751,invalid,59786
16752,invalid,59745
16753,invalid,59826
16754,invalid,59753
16755,valid,59837
16756,invalid,59789
16757,invalid,59822
16758,invalid,60435
16759,invalid,63080
16760,invalid,60144
16761,valid,59867
16762,valid,59805
16763,invalid,59800
16764,valid,59828
16765,valid,59745
16766,valid,59811
16767,valid,59806
16768,invalid,59787
16769,valid,59791
16770,invalid,59799
16771,valid,60247
16772,valid,59777
16773,valid,59827
16774,valid,59787
16775,valid,59858
16776,valid,59809
16777,valid,59754
16778,valid,59814
16779,valid,59800
16780,invalid,59767
16781,invalid,61061
16782,valid,59808
16783,invalid,59808
16784,valid,59851
16785,valid,59868
16786,valid,59833
16787,invalid,59796
16788,invalid,59899
16789,valid,59842
16790,valid,59800
16791,invalid,60483
16792,invalid,59856
16793,invalid,59859
16794,valid,60425
16795,invalid,59786
16796,invalid,59791
16797,valid,59798
16798,valid,59820
16799,invalid,59699
16800,valid,59761
16801,valid,59836
16802,valid,59807
16803,invalid,59845
16804,invalid,59767
16805,valid,59768
16806,invalid,59857
16807,valid,59506
16808,valid,59763
16809,valid,59506
16810,invalid,59841
16811,invalid,60497
16812,valid,59778
16813,valid,59864
16814,valid,59820
16815,valid,59793
16816,valid,59814
16817,invalid,63700
16818,valid,60037
16819,invalid,60183
16820,invalid,60817
16821,valid,59808
16822,invalid,59857
16823,valid,59838
16824,valid,59809
16825,invalid,59778
16826,valid,60373
16827,valid,59809
16828,valid,61014
16829,invalid,59836
16830,valid,60122
16831,valid,59806
16832,invalid,59812
16833,valid,60949
16834,valid,59815
16835,invalid,59786
16836,invalid,59745
16837,valid,59742
16838,valid,59796
16839,invalid,59812
16840,valid,59909
16841,valid,59836
16842,valid,59838
16843,invalid,60488
16844,valid,59591
16845,valid,59738
16846,valid,59871
16847,invalid,59820
16848,invalid,59830
16849,invalid,59868
16850,valid,59846
16851,invalid,59841
16852,invalid,59819
16853,valid,59832
16854,invalid,59822
16855,invalid,59783
16856,valid,59822
16857,valid,59761
16858,valid,59843
16859,valid,59772
16860,invalid,60682
16861,invalid,63103
16862,invalid,59825
16863,valid,59761
16864,valid,59796
16865,invalid,60359
16866,valid,59900
16867,valid,59870
16868,valid,61190
16869,valid,60403
16870,valid,59824
16871,valid,60127
16872,valid,59808
16873,invalid,59547
16874,valid,63710
16875,valid,63075
16876,valid,59866
16877,valid,59621
16878,valid,59855
16879,valid,59764
16880,valid,60528
16881,valid,59758
16882,invalid,59794
16883,valid,59778
16884,valid,59783
16885,valid,59789
16886,invalid,59811
16887,invalid,59825
16888,invalid,59588
16889,valid,59833
16890,valid,59677
16891,invalid,59824
16892,valid,59854
16893,invalid,59859
16894,invalid,59808
16895,valid,60970
16896,invalid,59791
16897,valid,59800
16898,valid,59834
16899,invalid,59856
16900,valid,60449
16901,valid,63130
16902,invalid,60142
16903,invalid,59896
16904,valid,59843
16905,valid,59822
16906,invalid,60201
16907,valid,59836
16908,valid,59813
16909,valid,59782
16910,invalid,59799
16911,invalid,59839
16912,invalid,59757
16913,invalid,59888
16914,valid,59856
16915,valid,59869
16916,valid,60240
16917,invalid,59792
16918,invalid,59785
16919,valid,59823
16920,invalid,59861
16921,valid,59833
16922,invalid,59839
16923,valid,60108
16924,invalid,59851
16925,valid,59843
16926,invalid,59787
16927,valid,59808
16928,valid,59827
16929,invalid,63715
16930,valid,61196
16931,valid,59784
16932,valid,61044
16933,invalid,59829
16934,invalid,59822
16935,invalid,60481
16936,invalid,59790
16937,invalid,63145
16938,invalid,60083
16939,valid,60273
16940,invalid,59779
16941,invalid,60512
16942,invalid,59853
16943,valid,59816
16944,invalid,60025
16945,valid,59812
16946,valid,59843
16947,invalid,59800
16948,invalid,59847
16949,invalid,59847
16950,valid,60000
16951,invalid,61099
16952,invalid,59795
16953,valid,59816
16954,valid,59913
16955,valid,59550
16956,invalid,59718
16957,invalid,59794
16958,valid,59783
16959,valid,59815
16960,invalid,59787
16961,valid,61024
16962,valid,59825
16963,invalid,59805
16964,invalid,60418
16965,invalid,59804
16966,invalid,59849
16967,invalid,60328
16968,invalid,59771
16969,invalid,59786
16970,valid,59762
16971,valid,59772
16972,invalid,59866
16973,valid,60694
16974,invalid,59812
16975,valid,59788
16976,valid,59811
16977,invalid,59826
16978,invalid,59767
16979,valid,59793
16980,valid,59783
16981,valid,59796
16982,invalid,59823
16983,valid,61151
16984,invalid,59804
16985,valid,60992
16986,valid,60888
16987,valid,59811
16988,invalid,59795
16989,invalid,60338
16990,valid,59790
16991,valid,59815
16992,valid,59818
16993,valid,59777
16994,valid,59780
16995,invalid,59854
16996,invalid,59628
16997,valid,59552
16998,valid,60408
16999,valid,60239
17000,invalid,59842
17001,invalid,59792
17002,valid,59855
17003,invalid,59598
17004,valid,59774
17005,invalid,59810
17006,invalid,60884
17007,valid,59797
17008,valid,59770
17009,invalid,59783
17010,valid,59813
17011,valid,59747
17012,invalid,59767
17013,invalid,60175
17014,invalid,59784
17015,valid,59777
17016,valid,59825
17017,valid,59509
17018,invalid,59996
17019,valid,60038
17020,valid,59878
17021,invalid,59796
17022,invalid,59762
17023,invalid,59581
17024,valid,59764
17025,valid,60839
17026,invalid,59789
17027,invalid,59775
17028,valid,60104
17029,invalid,59818
17030,valid,59779
17031,invalid,59776
17032,valid,59757
17033,valid,59837
17034,invalid,59775
17035,valid,60760
17036,invalid,59765
17037,invalid,59828
17038,valid,59514
17039,invalid,59796
17040,valid,59795
17041,valid,59778
17042,valid,59815
17043,invalid,59769
17044,invalid,59771
17045,valid,60900
17046,valid,59765
17047,invalid,59814
17048,invalid,59818
17049,valid,59813
17050,invalid,59737
17051,invalid,59794
17052,valid,60045
17053,invalid,59685
17054,valid,59792
17055,invalid,60848
17056,valid,59779
17057,invalid,59792
17058,invalid,60434
17059,valid,59803
17060,valid,59771
17061,valid,59826
17062,invalid,59802
17063,valid,59798
17064,valid,59844
17065,invalid,59977
17066,valid,59788
17067,invalid,59776
17068,valid,60353
17069,valid,59870
17070,valid,59760
17071,invalid,59778
17072,valid,59808
17073,valid,59749
17074,invalid,59840
17075,invalid,60028
17076,invalid,59788
17077,invalid,59809
17078,valid,59829
17079,valid,59761
17080,valid,59827
17081,valid,59715
17082,invalid,59719
17083,invalid,59748
17084,valid,59758
17085,invalid,61129
17086,invalid,59789
17087,valid,59790
17088,invalid,59779
17089,invalid,59539
17090,valid,59722
17091,invalid,59799
17092,invalid,59806
17093,invalid,59812
17094,valid,59840
17095,invalid,60905
17096,valid,59788
17097,valid,59796
17098,invalid,60114
17099,invalid,59767
17100,invalid,59727
17101,invalid,59786
17102,valid,59842
17103,invalid,59734
17104,invalid,59772
17105,invalid,60455
17106,invalid,59769
17107,valid,59785
17108,invalid,60455
17109,invalid,60877
17110,valid,59783
17111,valid,59839
17112,valid,59747
17113,invalid,59786
17114,invalid,59763
17115,valid,59810
17116,invalid,59751
17117,invalid,59817
17118,valid,60141
17119,invalid,59768
17120,invalid,59798
17121,invalid,59786
17122,valid,59857
17123,invalid,59793
17124,invalid,59503
17125,valid,59996
17126,invalid,59779
17127,invalid,59779
17128,valid,60513
17129,invalid,59846
17130,invalid,59823
17131,valid,59757
17132,invalid,59748
17133,invalid,59826
17134,valid,59782
17135,valid,60652
17136,valid,59783
17137,invalid,60648
17138,valid,60480
17139,valid,60869
17140,valid,59794
17141,invalid,60318
17142,valid,59745
17143,invalid,59767
17144,valid,59739
17145,invalid,59786
17146,valid,59811
17147,valid,59723
17148,valid,59822
17149,valid,59811
17150,invalid,59770
17151,invalid,59756
17152,invalid,59769
17153,valid,59519
17154,valid,59740
17155,valid,59555
17156,valid,59829
17157,valid,59706
17158,valid,60991
17159,invalid,59810
17160,invalid,59848
17161,valid,59790
17162,invalid,59745
17163,valid,59862
17164,valid,60221
17165,valid,60953
17166,valid,60273
17167,valid,59751
17168,invalid,63210
17169,invalid,59819
17170,invalid,59781
17171,invalid,59979
17172,valid,60825
17173,invalid,60539
17174,valid,60046
17175,invalid,60312
17176,valid,59796
17177,invalid,59894
17178,valid,59823
17179,invalid,61012
17180,valid,59755
17181,valid,59803
17182,invalid,63299
17183,invalid,63086
17184,valid,60310
17185,invalid,60320
17186,valid,59764
17187,invalid,59751
17188,invalid,59814
17189,valid,59811
17190,valid,59773
17191,valid,59743
17192,valid,60949
17193,valid,59798
17194,valid,59835
17195,invalid,60360
17196,valid,59976
17197,invalid,59796
17198,valid,59837
17199,valid,59818
17200,valid,59756
17201,valid,59784
17202,invalid,59860
17203,valid,59786
17204,invalid,59817
17205,valid,60357
17206,valid,59852
17207,valid,59798
17208,invalid,59782
17209,valid,59755
17210,invalid,59848
17211,valid,59768
17212,invalid,59863
17213,valid,59766
17214,valid,59764
17215,valid,59804
17216,valid,59878
17217,valid,59763
17218,valid,59796
17219,valid,59918
17220,valid,59849
17221,invalid,59735
17222,valid,60929
17223,valid,59794
17224,invalid,59788
17225,invalid,59786
17226,valid,59803
17227,valid,59797
17228,valid,59805
17229,valid,59777
17230,invalid,59784
17231,valid,59769
17232,valid,59888
17233,valid,59848
17234,valid,59831
17235,invalid,59785
17236,valid,59839
17237,invalid,59733
17238,valid,59804
17239,valid,59789
17240,invalid,59889
17241,invalid,59755
17242,invalid,60164
17243,valid,59789
17244,valid,59784
17245,invalid,59810
17246,valid,59594
17247,valid,59803
17248,valid,59776
17249,valid,59797
17250,valid,59889
17251,invalid,59796
17252,invalid,60153
17253,invalid,59839
17254,invalid,60701
17255,valid,59744
17256,invalid,59805
17257,invalid,59795
17258,invalid,59802
17259,invalid,59850
17260,invalid,59524
17261,valid,59482
17262,valid,61526
17263,valid,59822
17264,valid,59800
17265,valid,59524
17266,valid,59792
17267,invalid,59777
17268,invalid,59723
17269,valid,59813
17270,valid,59876
17271,valid,59749
17272,valid,61625
17273,invalid,59803
17274,valid,59799
17275,invalid,59794
17276,invalid,59865
17277,invalid,59781
17278,invalid,59886
17279,valid,59806
17280,valid,59585
17281,invalid,59778
17282,valid,60146
17283,invalid,59760
17284,valid,59794
17285,invalid,60380
17286,invalid,59854
17287,valid,59796
17288,valid,59825
17289,valid,59768
17290,invalid,59831
17291,valid,59530
17292,invalid,59806
17293,invalid,59890
17294,invalid,59807
17295,valid,59799
17296,valid,59860
17297,invalid,59851
17298,invalid,59821
17299,valid,59771
17300,valid,59907
17301,valid,59717
17302,valid,60850
17303,invalid,59760
17304,valid,59734
17305,invalid,60552
17306,invalid,59828
17307,invalid,59807
17308,valid,59859
17309,invalid,59800
17310,valid,59841
17311,valid,61546
17312,valid,59790
17313,valid,59805
17314,invalid,59833
17315,invalid,60276
17316,invalid,59837
17317,invalid,59774
17318,invalid,60556
17319,valid,59789
17320,invalid,59818
17321,valid,59718
17322,invalid,60037
17323,valid,59814
17324,invalid,59832
17325,valid,59851
17326,valid,60098
17327,invalid,61802
17328,valid,59801
17329,invalid,60189
17330,valid,59802
17331,valid,59809
17332,valid,59796
17333,invalid,59808
17334,invalid,59804
17335,invalid,59759
17336,invalid,59819
17337,invalid,60292
17338,valid,59843
17339,valid,59821
17340,invalid,59797
17341,invalid,60171
17342,valid,60125
17343,invalid,60964
17344,invalid,59819
17345,invalid,59808
17346,valid,59811
17347,invalid,59858
17348,valid,59781
17349,valid,59786
17350,invalid,59763
17351,invalid,59775
17352,invalid,59588
17353,invalid,60786
17354,valid,59762
17355,invalid,59783
17356,valid,60349
17357,invalid,59843
17358,invalid,59780
17359,invalid,59830
17360,valid,59831
17361,invalid,59906
17362,valid,59767
17363,invalid,59954
17364,invalid,60110
17365,invalid,60141
17366,invalid,62233
17367,invalid,59773
17368,invalid,59784
17369,invalid,60630
17370,invalid,59800
17371,valid,59799
17372,valid,59809
17373,invalid,59772
17374,valid,60342
17375,valid,60847
17376,invalid,61530
17377,invalid,60085
17378,invalid,60239
17379,invalid,59769
17380,invalid,59832
17381,valid,59835
17382,invalid,59790
17383,invalid,59843
17384,invalid,59788
17385,valid,59788
17386,invalid,59766
17387,valid,59749
17388,valid,59802
17389,valid,59818
17390,valid,59785
17391,invalid,59811
17392,invalid,59757
17393,valid,59787
17394,invalid,59798
17395,invalid,59792
17396,invalid,59785
17397,valid,59787
17398,valid,60264
17399,invalid,59804
17400,invalid,59779
17401,valid,59745
17402,valid,59824
17403,invalid,59822
17404,invalid,59882
17405,invalid,59876
17406,invalid,59609
17407,invalid,59764
17408,valid,59775
17409,invalid,59825
17410,invalid,59783
17411,invalid,60286
17412,invalid,59778
17413,invalid,59770
17414,valid,60175
17415,valid,59730
17416,valid,59725
17417,valid,59764
17418,valid,59769
17419,invalid,59806
17420,invalid,59747
17421,valid,60853
17422,invalid,59730
17423,valid,59763
17424,invalid,59839
17425,invalid,59827
17426,valid,59795
17427,valid,60865
17428,invalid,59855
17429,valid,59790
17430,valid,59846
17431,valid,59795
17432,valid,59755
17433,valid,59747
17434,invalid,60188
17435,valid,63141
17436,invalid,59775
17437,invalid,59770
17438,invalid,59778
17439,invalid,61554
17440,invalid,59510
17441,valid,59796
17442,valid,59755
17443,valid,59770
17444,invalid,59835
17445,invalid,59845
17446,invalid,59795
17447,invalid,60052
17448,valid,59764
17449,invalid,59869
17450,invalid,60516
17451,valid,59811
17452,valid,59801
17453,invalid,59742
17454,valid,59775
17455,invalid,59764
17456,valid,59804
17457,invalid,60962
17458,invalid,60818
17459,invalid,60245
17460,invalid,59863
17461,invalid,59494
17462,invalid,59740
17463,valid,60123
17464,invalid,59739
17465,invalid,59806
17466,invalid,59772
17467,valid,59806
17468,invalid,59819
17469,invalid,59778
17470,invalid,60655
17471,valid,59773
17472,valid,59788
17473,valid,60135
17474,valid,59783
17475,valid,59772
17476,invalid,59792
17477,invalid,60333
17478,invalid,59859
17479,invalid,59741
17480,valid,60187
17481,invalid,59947
17482,invalid,60760
17483,invalid,59791
17484,invalid,60279
17485,invalid,60905
17486,invalid,59736
17487,invalid,59759
17488,valid,61537
17489,valid,59748
17490,valid,59770
17491,valid,59841
17492,valid,59817
17493,invalid,59807
17494,invalid,61118
17495,invalid,59772
17496,invalid,60152
17497,valid,60011
17498,valid,59833
17499,valid,61885
17500,valid,59791
17501,valid,59786
17502,invalid,59904
17503,valid,59841
17504,valid,59785
17505,invalid,59785
17506,invalid,59799
17507,invalid,59825
17508,invalid,59818
17509,invalid,59788
17510,valid,59744
17511,valid,60336
17512,valid,59859
17513,valid,59777
17514,valid,60413
17515,valid,59677
17516,valid,59790
17517,valid,59703
17518,valid,59797
17519,invalid,59989
17520,valid,59783
17521,invalid,59845
17522,invalid,59862
17523,invalid,59857
17524,valid,60369
17525,valid,59809
17526,invalid,59799
17527,valid,59775
17528,invalid,59816
17529,valid,59852
17530,valid,59811
17531,invalid,59633
17532,valid,59770
17533,valid,59762
17534,valid,59853
17535,valid,59761
17536,invalid,59795
17537,valid,59763
17538,invalid,59796
17539,valid,59782
17540,valid,59655
17541,valid,61155
17542,valid,59765
17543,invalid,59816
17544,invalid,60156
17545,valid,59817
17546,valid,59700
17547,invalid,59776
17548,invalid,59791
17549,invalid,59759
17550,invalid,59784
17551,valid,60523
17552,valid,59816
17553,invalid,59830
17554,invalid,60358
17555,valid,59817
17556,invalid,59625
17557,valid,59810
17558,valid,59895
17559,invalid,61339
17560,invalid,59758
17561,invalid,59748
17562,invalid,61278
17563,invalid,59753
17564,valid,59770
17565,invalid,59770
17566,invalid,59809
17567,invalid,60099
17568,invalid,59627
17569,valid,59713
17570,valid,59831
17571,invalid,59835
17572,valid,59835
17573,valid,59749
17574,invalid,59835
17575,valid,60626
17576,invalid,61570
17577,valid,59783
17578,invalid,59803
17579,invalid,59799
17580,invalid,59778
17581,invalid,59845
17582,invalid,59817
17583,invalid,59629
17584,valid,59762
17585,valid,59772
17586,invalid,59851
17587,invalid,59980
17588,valid,59803
17589,invalid,59811
17590,valid,60443
17591,valid,61546
17592,valid,60173
17593,invalid,60499
17594,valid,59813
17595,valid,59754
17596,valid,59790
17597,valid,59740
17598,invalid,59756
17599,invalid,59770
17600,invalid,60294
17601,valid,60251
17602,valid,60589
17603,valid,59766
17604,invalid,59853
17605,invalid,59854
17606,invalid,60495
17607,valid,59790
17608,invalid,59814
17609,valid,59776
17610,invalid,59800
17611,valid,59748
17612,valid,59786
17613,valid,60284
17614,invalid,59820
17615,valid,60038
17616,valid,59821
17617,valid,59735
17618,invalid,59811
17619,valid,59742
17620,valid,59765
17621,valid,59759
17622,valid,59790
17623,valid,59879
17624,valid,59824
17625,invalid,60569
17626,valid,59525
17627,valid,59786
17628,valid,60079
17629,valid,59779
17630,invalid,59824
17631,invalid,59774
17632,valid,59865
17633,valid,59831
17634,invalid,60031
17635,invalid,59925
17636,valid,59772
17637,invalid,60065
17638,invalid,59768
17639,valid,59760
17640,valid,59742
17641,invalid,59747
17642,valid,59771
17643,invalid,59820
17644,invalid,59771
17645,valid,59787
17646,invalid,59837
17647,valid,59805
17648,invalid,59841
17649,valid,59784
17650,valid,59799
17651,invalid,60232
17652,valid,59522
17653,valid,59818
17654,invalid,59826
17655,invalid,59814
17656,invalid,59818
17657,invalid,59729
17658,invalid,59783
17659,valid,59801
17660,invalid,59796
17661,invalid,59858
17662,valid,59795
17663,valid,59523
17664,valid,59864
17665,valid,59766
17666,invalid,59754
17667,valid,59773
17668,invalid,59719
17669,valid,59809
17670,invalid,59798
17671,valid,60699
17672,invalid,59784
17673,valid,59724
17674,valid,60118
17675,valid,59742
17676,valid,59765
17677,valid,59810
17678,valid,59771
17679,invalid,59878
17680,valid,59759
17681,invalid,60083
17682,valid,59650
17683,invalid,59801
17684,invalid,60088
17685,valid,59781
17686,invalid,59779
17687,valid,59747
17688,invalid,59781
17689,invalid,59819
17690,valid,59778
17691,invalid,60855
17692,invalid,59793
17693,invalid,59764
17694,invalid,60352
17695,valid,59877
17696,invalid,59788
17697,valid,59808
17698,invalid,59828
17699,valid,59830
17700,invalid,59764
17701,invalid,59899
17702,invalid,59804
17703,invalid,59686
17704,valid,60081
17705,invalid,59563
17706,invalid,59804
17707,valid,59734
17708,valid,59834
17709,valid,59517
17710,invalid,59780
17711,valid,60936
17712,valid,60648
17713,invalid,59777
17714,valid,60899
17715,valid,59827
17716,invalid,59696
17717,invalid,59817
17718,invalid,59787
17719,invalid,59810
17720,invalid,59782
17721,invalid,59774
17722,valid,59761
17723,invalid,59857
17724,valid,60874
17725,valid,59747
17726,valid,59736
17727,invalid,60361
17728,invalid,59860
17729,valid,59760
17730,valid,59785
17731,invalid,60692
17732,invalid,60085
17733,invalid,59826
17734,invalid,59750
17735,invalid,59572
17736,invalid,59772
17737,valid,60376
17738,invalid,59562
17739,valid,61311
17740,invalid,59806
17741,invalid,59794
17742,valid,59666
17743,invalid,59790
17744,invalid,59791
17745,invalid,59795
17746,invalid,59763
17747,invalid,60118
17748,invalid,59734
17749,valid,59736
17750,valid,59793
17751,invalid,59796
17752,valid,59759
17753,invalid,59785
17754,valid,59788
17755,valid,59821
17756,valid,59774
17757,valid,60729
17758,valid,59788
17759,valid,59833
17760,invalid,59768
17761,invalid,59756
17762,invalid,63093
17763,invalid,60643
17764,invalid,59802
17765,invalid,59850
17766,valid,60383
17767,valid,59780
17768,invalid,59764
17769,invalid,59670
17770,invalid,59693
17771,invalid,59755
17772,invalid,59791
17773,valid,60295
17774,invalid,59830
17775,invalid,60433
17776,valid,59761
17777,valid,59763
17778,invalid,59762
17779,valid,59819
17780,valid,63080
17781,invalid,60138
17782,valid,60464
17783,valid,60098
17784,valid,59621
17785,valid,59846
17786,invalid,59519
17787,invalid,59815
17788,invalid,59836
17789,valid,60120
17790,invalid,59808
17791,valid,60443
17792,invalid,59869
17793,invalid,59767
17794,invalid,59785
17795,invalid,59788
17796,invalid,59899
17797,invalid,59838
17798,valid,59795
17799,valid,59827
17800,valid,59786
17801,invalid,60106
17802,valid,59776
17803,invalid,59723
17804,valid,59794
17805,valid,59847
17806,invalid,59832
17807,invalid,59819
17808,invalid,59743
17809,invalid,59829
17810,invalid,60672
17811,invalid,61540
17812,valid,62282
17813,invalid,59796
17814,valid,59724
17815,valid,59793
17816,valid,59848
17817,invalid,60464
17818,valid,59792
17819,invalid,59790
17820,invalid,59820
17821,valid,62692
17822,invalid,59819
17823,valid,60095
17824,valid,59792
17825,valid,59783
17826,invalid,59825
17827,valid,59782
17828,invalid,60167
17829,valid,62513
17830,invalid,60323
17831,invalid,59768
17832,invalid,59788
17833,valid,59781
17834,invalid,59814
17835,valid,59779
17836,invalid,59796
17837,invalid,59627
17838,invalid,60330
17839,valid,59862
17840,invalid,59752
17841,invalid,59773
17842,valid,59763
17843,invalid,59753
17844,invalid,59796
17845,valid,60051
17846,valid,59741
17847,valid,59799
17848,valid,59800
17849,invalid,59824
17850,invalid,59780
17851,valid,59854
17852,valid,61939
17853,valid,59793
17854,invalid,59749
17855,invalid,59822
17856,valid,59781
17857,valid,59781
17858,invalid,60695
17859,invalid,59561
17860,invalid,59767
17861,invalid,59742
17862,invalid,59827
17863,invalid,59767
17864,valid,59807
17865,valid,59779
17866,valid,59760
17867,valid,59790
17868,invalid,59821
17869,valid,59827
17870,invalid,59859
17871,valid,59768
17872,invalid,59807
17873,invalid,59809
17874,invalid,59758
17875,valid,59529
17876,invalid,59730
17877,invalid,59782
17878,invalid,59748
17879,valid,59764
17880,invalid,59778
17881,invalid,59786
17882,valid,59800
17883,invalid,60868
17884,invalid,59782
17885,valid,60100
17886,valid,59739
17887,valid,59789
17888,valid,61489
17889,invalid,59818
17890,valid,60921
17891,valid,60089
17892,valid,59849
17893,valid,59741
17894,valid,59823
17895,valid,59762
17896,valid,59738
17897,invalid,59776
17898,invalid,60050
17899,valid,59782
17900,invalid,59900
17901,valid,60436
17902,valid,59810
17903,valid,59827
17904,valid,59801
17905,valid,59799
17906,valid,59740
17907,invalid,59756
17908,valid,60130
17909,valid,59818
17910,valid,59776
17911,valid,60509
17912,valid,59808
17913,invalid,59763
17914,invalid,59495
17915,invalid,59806
17916,valid,59736
17917,valid,59724
17918,valid,60714
17919,valid,59758
17920,valid,59733
17921,invalid,59813
17922,invalid,59706
17923,invalid,59823
17924,invalid,59797
17925,invalid,59783
17926,valid,59805
17927,valid,59794
17928,invalid,61056
17929,invalid,59752
17930,valid,59781
17931,invalid,60345
17932,invalid,59787
17933,valid,59835
17934,invalid,59779
17935,invalid,59786
17936,invalid,59781
17937,invalid,59516
17938,invalid,60668
17939,valid,59752
17940,valid,59838
17941,invalid,61543
17942,invalid,60067
17943,valid,60269
17944,valid,59824
17945,invalid,59763
17946,valid,59757
17947,valid,59895
17948,valid,59745
17949,invalid,59835
17950,invalid,59739
17951,invalid,59758
17952,invalid,59767
17953,invalid,60101
17954,invalid,59771
17955,invalid,59737
17956,valid,59801
17957,invalid,59827
17958,invalid,59763
17959,valid,59762
17960,valid,60217
17961,valid,59785
17962,invalid,62369
17963,valid,59799
17964,valid,59816
17965,invalid,59822
17966,invalid,60331
17967,invalid,59761
17968,valid,59773
17969,valid,60510
17970,valid,59739
17971,valid,59876
17972,invalid,59871
17973,invalid,59776
17974,invalid,59832
17975,valid,59785
17976,invalid,61127
17977,invalid,59519
17978,valid,59724
17979,valid,59750
17980,invalid,59839
17981,invalid,59803
17982,valid,59796
17983,invalid,59805
17984,invalid,59768
17985,invalid,59829
17986,valid,59820
17987,valid,59802
17988,invalid,59763
17989,invalid,59758
17990,invalid,59795
17991,valid,59772
17992,invalid,59809
17993,invalid,59716
17994,invalid,59810
17995,invalid,59753
17996,invalid,60118
17997,valid,59710
17998,valid,59832
17999,invalid,59772
18000,valid,59777
18001,valid,59767
18002,valid,59796
18003,invalid,60462
18004,invalid,59833
18005,valid,59782
18006,invalid,59800
18007,invalid,59762
18008,valid,59499
18009,valid,59799
18010,valid,59732
18011,valid,59777
18012,invalid,59837
18013,invalid,60097
18014,valid,59825
18015,valid,59781
18016,invalid,59792
18017,valid,59632
18018,invalid,59841
18019,invalid,59762
18020,invalid,59719
18021,invalid,59768
18022,invalid,59750
18023,valid,60061
18024,invalid,59792
18025,invalid,59765
18026,invalid,59794
18027,invalid,59857
18028,valid,59807
18029,valid,59770
18030,valid,60199
18031,valid,59788
18032,valid,59833
18033,invalid,60510
18034,invalid,59795
18035,valid,59865
18036,invalid,59857
18037,valid,59798
18038,invalid,59810
18039,invalid,59778
18040,valid,59806
18041,valid,59828
18042,valid,59517
18043,invalid,60625
18044,valid,59854
18045,valid,59762
18046,invalid,59874
18047,invalid,59764
18048,invalid,59767
18049,invalid,59884
18050,invalid,59762
18051,invalid,60329
18052,valid,59778
18053,valid,59770
18054,invalid,59780
18055,invalid,59765
18056,valid,59512
18057,invalid,59804
18058,invalid,60404
18059,valid,59738
18060,valid,59813
18061,invalid,59690
18062,invalid,59785
18063,invalid,59696
18064,valid,59739
18065,invalid,59741
18066,valid,59790
18067,valid,59730
18068,valid,60723
18069,invalid,59728
18070,valid,59769
18071,valid,59752
18072,valid,59781
18073,invalid,59780
18074,valid,59751
18075,valid,59795
18076,valid,59875
18077,invalid,59704
18078,invalid,60810
18079,invalid,60101
18080,invalid,59769
18081,valid,60329
18082,invalid,59778
18083,invalid,59797
18084,valid,59781
18085,valid,59791
18086,valid,60230
18087,valid,60130
18088,valid,59530
18089,invalid,59748
18090,invalid,59711
18091,invalid,60341
18092,valid,59629
18093,invalid,59749
18094,invalid,59834
18095,valid,59788
18096,valid,59914
18097,invalid,60075
18098,invalid,59821
18099,valid,59839
18100,valid,60986
18101,invalid,59780
18102,invalid,59815
18103,valid,59762
18104,invalid,59755
18105,invalid,59773
18106,valid,59762
18107,valid,59796
18108,valid,59825
18109,invalid,59783
18110,valid,60711
18111,invalid,59784
18112,valid,59807
18113,valid,60299
18114,valid,59784
18115,invalid,59757
18116,valid,59800
18117,invalid,59803
18118,valid,59890
18119,invalid,59803
18120,invalid,59496
18121,invalid,59820
18122,valid,59757
18123,valid,59831
18124,valid,59833
18125,invalid,60848
18126,valid,59773
18127,valid,59773
18128,valid,59786
18129,valid,59824
18130,invalid,59845
18131,valid,59765
18132,valid,59756
18133,invalid,60089
18134,valid,59818
18135,valid,59737
18136,invalid,59775
18137,invalid,59745
18138,valid,59721
18139,valid,59802
18140,invalid,59799
18141,invalid,59767
18142,valid,59742
18143,invalid,59735
18144,valid,59780
18145,invalid,59779
18146,invalid,59799
18147,valid,59869
18148,valid,59784
18149,invalid,59748
18150,invalid,59751
18151,invalid,59786
18152,valid,59746
18153,valid,59790
18154,invalid,59793
18155,valid,59782
18156,valid,59802
18157,invalid,60265
18158,valid,59732
18159,valid,59811
18160,valid,59846
18161,invalid,59769
18162,valid,59817
18163,valid,59769
18164,invalid,59791
18165,valid,59807
18166,invalid,59787
18167,valid,60624
18168,invalid,59753
18169,invalid,59793
18170,valid,60329
18171,valid,59763
18172,valid,59724
18173,invalid,59858
18174,invalid,59833
18175,invalid,59819
18176,invalid,59785
18177,valid,59847
18178,valid,59848
18179,valid,59729
18180,invalid,60214
18181,valid,59836
18182,valid,59761
18183,valid,59793
18184,valid,59610
18185,valid,59788
18186,invalid,59772
18187,valid,60721
18188,valid,59757
18189,valid,59754
18190,invalid,60080
18191,valid,59773
18192,valid,59851
18193,invalid,59761
18194,valid,59800
18195,invalid,59808
18196,invalid,59803
18197,invalid,60433
18198,valid,59756
18199,invalid,59753
18200,valid,59818
18201,invalid,59756
18202,valid,59736
18203,valid,59822
18204,valid,59788
18205,valid,59774
18206,invalid,59721
18207,invalid,60766
18208,valid,59751
18209,valid,59754
18210,valid,59767
18211,valid,59790
18212,invalid,59810
18213,invalid,59592
18214,valid,59857
18215,valid,59785
18216,invalid,59802
18217,valid,60354
18218,valid,59749
18219,invalid,59779
18220,invalid,59742
18221,valid,59805
18222,invalid,59781
18223,valid,59776
18224,valid,59823
18225,invalid,59773
18226,invalid,59657
18227,invalid,60390
18228,invalid,59810
18229,invalid,59565
18230,valid,59755
18231,valid,59787
18232,valid,59771
18233,invalid,59848
18234,invalid,60307
18235,valid,59772
18236,valid,59813
18237,invalid,60498
18238,valid,59795
18239,invalid,59795
18240,invalid,59817
18241,invalid,59849
18242,invalid,59792
18243,invalid,59783
18244,valid,59731
18245,valid,59839
18246,invalid,59778
18247,invalid,60092
18248,invalid,59815
18249,invalid,60038
18250,invalid,59764
18251,valid,62919
18252,valid,59849
18253,invalid,59877
18254,invalid,59773
18255,invalid,59798
18256,valid,60238
18257,invalid,59753
18258,valid,59797
18259,valid,60401
18260,valid,59784
18261,invalid,60140
18262,valid,60364
18263,invalid,59798
18264,valid,60343
18265,valid,59780
18266,valid,59822
18267,invalid,59733
18268,invalid,59802
18269,invalid,59762
18270,valid,59767
18271,invalid,59796
18272,invalid,59819
18273,valid,59655
18274,invalid,59748
18275,invalid,59826
18276,invalid,59749
18277,invalid,59793
18278,valid,59800
18279,invalid,59812
18280,valid,59804
18281,valid,60123
18282,invalid,59661
18283,valid,59779
18284,valid,59855
18285,invalid,59828
18286,valid,59793
18287,valid,59821
18288,invalid,59781
18289,valid,59837
18290,valid,60827
18291,valid,60471
18292,invalid,59734
18293,invalid,59808
18294,valid,59764
18295,valid,59774
18296,valid,59801
18297,valid,59853
18298,valid,59774
18299,valid,59807
18300,valid,59776
18301,valid,60357
18302,invalid,59796
18303,invalid,59809
18304,valid,59763
18305,invalid,59760
18306,valid,59713
18307,valid,59521
18308,valid,59775
18309,invalid,59751
18310,valid,59811
18311,invalid,61615
18312,invalid,59755
18313,invalid,59848
18314,invalid,59766
18315,valid,61801
18316,valid,59901
18317,invalid,60441
18318,invalid,59805
18319,valid,59742
18320,invalid,59744
18321,invalid,59812
18322,valid,59800
18323,invalid,59817
18324,valid,59535
18325,valid,59787
18326,invalid,59746
18327,valid,60131
18328,valid,59790
18329,valid,59810
18330,valid,59752
18331,invalid,59802
18332,invalid,59747
18333,invalid,59803
18334,invalid,60183
18335,invalid,59797
18336,valid,59890
18337,invalid,60478
18338,valid,61321
18339,valid,59801
18340,valid,61001
18341,invalid,59765
18342,valid,59750
18343,invalid,59821
18344,valid,59752
18345,valid,59796
18346,valid,59759
18347,invalid,59532
18348,invalid,59660
18349,invalid,59799
18350,invalid,60355
18351,valid,63114
18352,valid,59781
18353,invalid,59832
18354,invalid,59787
18355,invalid,59790
18356,valid,60309
18357,valid,59784
18358,invalid,59851
18359,valid,59783
18360,invalid,59786
18361,invalid,59833
18362,valid,59789
18363,invalid,60294
18364,valid,59738
18365,invalid,59776
18366,invalid,60383
18367,invalid,59756
18368,invalid,59789
18369,valid,59554
18370,invalid,60226
18371,invalid,59775
18372,valid,60739
18373,valid,59738
18374,valid,59628
18375,invalid,59784
18376,valid,60196
18377,invalid,59795
18378,valid,59750
18379,valid,59796
18380,invalid,59764
18381,valid,60878
18382,invalid,59763
18383,valid,59774
18384,invalid,59735
18385,valid,59738
18386,invalid,60570
18387,valid,59780
18388,valid,59790
18389,invalid,60406
18390,invalid,59801
18391,invalid,59680
18392,invalid,59803
18393,invalid,59884
18394,valid,59771
18395,valid,59738
18396,valid,59822
18397,invalid,59779
18398,invalid,59748
18399,invalid,59776
18400,invalid,59764
18401,valid,59786
18402,valid,59829
18403,invalid,59792
18404,valid,59741
18405,valid,60930
18406,invalid,59862
18407,valid,59756
18408,invalid,59839
18409,invalid,59846
18410,valid,59578
18411,invalid,59727
18412,valid,59775
18413,invalid,59794
18414,valid,59851
18415,valid,59824
18416,invalid,62534
18417,valid,59774
18418,invalid,59781
18419,invalid,59724
18420,valid,59794
18421,invalid,59846
18422,invalid,59757
18423,valid,59841
18424,valid,60355
18425,invalid,59839
18426,invalid,59745
18427,valid,59768
18428,valid,59581
18429,valid,59783
18430,invalid,59804
18431,valid,60200
18432,invalid,59795
18433,valid,59783
18434,invalid,59834
18435,valid,59741
18436,valid,63158
18437,invalid,60576
18438,valid,59816
18439,valid,59817
18440,invalid,60084
18441,valid,59801
18442,invalid,59771
18443,valid,59815
18444,valid,59773
18445,invalid,61029
18446,invalid,59858
18447,invalid,59785
18448,invalid,59539
18449,valid,61557
18450,invalid,59524
18451,invalid,60092
18452,valid,59819
18453,valid,60352
18454,invalid,59820
18455,invalid,60104
18456,valid,60547
18457,invalid,59746
18458,valid,59811
18459,invalid,59853
18460,valid,59886
18461,valid,59867
18462,invalid,59762
18463,valid,60464
18464,invalid,59817
18465,invalid,59605
18466,invalid,60493
18467,valid,59866
18468,valid,59848
18469,invalid,59659
18470,invalid,59768
18471,valid,59834
18472,valid,59814
18473,valid,60058
18474,valid,59769
18475,valid,63789
18476,valid,62531
18477,invalid,63617
18478,valid,60214
18479,invalid,60171
18480,invalid,59750
18481,valid,59782
18482,invalid,59743
18483,valid,60912
18484,invalid,59800
18485,invalid,59826
18486,valid,59748
18487,invalid,59796
18488,invalid,59800
18489,invalid,59797
18490,valid,59751
18491,valid,59798
18492,invalid,59829
18493,valid,59760
18494,invalid,59783
18495,valid,59759
18496,valid,59845
18497,valid,59809
18498,invalid,59697
18499,valid,59774
18500,invalid,60230
18501,invalid,59754
18502,invalid,59761
18503,valid,60075
18504,invalid,59776
18505,valid,59815
18506,invalid,59808
18507,invalid,59785
18508,invalid,59813
18509,invalid,59717
18510,valid,59741
18511,valid,59767
18512,valid,59781
18513,valid,60300
18514,invalid,59819
18515,valid,59814
18516,invalid,59836
18517,invalid,59778
18518,valid,59818
18519,invalid,59780
18520,valid,60155
18521,valid,59747
18522,valid,59774
18523,invalid,59766
18524,valid,59741
18525,valid,59740
18526,valid,59749
18527,invalid,59762
18528,valid,59782
18529,valid,59866
18530,invalid,60656
18531,invalid,59746
18532,invalid,59802
18533,valid,60459
18534,invalid,59744
18535,valid,59791
18536,valid,59765
18537,valid,59803
18538,invalid,59902
18539,valid,59840
18540,valid,60399
18541,valid,61513
18542,invalid,59773
18543,valid,60220
18544,valid,59787
18545,valid,59795
18546,valid,59786
18547,valid,59726
18548,invalid,59794
18549,invalid,59826
18550,valid,59798
18551,valid,59867
18552,invalid,59798
18553,valid,59773
18554,invalid,59703
18555,valid,59807
18556,valid,61741
18557,valid,59808
18558,invalid,59995
18559,valid,63278
18560,invalid,59769
18561,invalid,59967
18562,valid,59736
18563,valid,59748
18564,valid,60557
18565,invalid,59804
18566,valid,59744
18567,invalid,59817
18568,invalid,59790
18569,valid,59813
18570,valid,59842
18571,valid,60161
18572,invalid,63214
18573,invalid,60086
18574,invalid,59775
18575,invalid,59847
18576,valid,69635
18577,valid,64815
18578,valid,63085
18579,invalid,60892
18580,valid,60005
18581,valid,60117
18582,valid,60111
18583,invalid,60635
18584,valid,60361
18585,invalid,60055
18586,invalid,60040
18587,invalid,60035
18588,invalid,60128
18589,invalid,60265
18590,invalid,60361
18591,invalid,60042
18592,valid,60300
18593,invalid,60027
18594,valid,60070
18595,invalid,60172
18596,valid,60862
18597,invalid,60091
18598,invalid,60884
18599,invalid,60942
18600,invalid,60170
18601,valid,59952
18602,invalid,60801
18603,valid,60055
18604,valid,60049
18605,valid,60066
18606,invalid,59992
18607,invalid,60082
18608,valid,60263
18609,valid,60369
18610,valid,60039
18611,valid,60033
18612,invalid,59999
18613,valid,60075
18614,valid,60035
18615,valid,60130
18616,invalid,60093
18617,valid,60062
18618,valid,60007
18619,invalid,60009
18620,invalid,60065
18621,valid,59956
18622,invalid,60021
18623,invalid,60066
18624,invalid,59988
18625,invalid,60008
18626,invalid,60029
18627,valid,60103
18628,invalid,60054
18629,valid,59991
18630,invalid,60021
18631,invalid,60553
18632,invalid,60011
18633,valid,60087
18634,invalid,60311
18635,valid,60023
18636,invalid,60030
18637,valid,60389
18638,invalid,60126
18639,invalid,60330
18640,valid,60173
18641,invalid,60004
18642,invalid,60382
18643,invalid,59968
18644,valid,60067
18645,invalid,60110
18646,valid,59998
18647,valid,60108
18648,invalid,60027
18649,valid,60033
18650,invalid,60093
18651,valid,59966
18652,invalid,60101
18653,valid,60500
18654,valid,59976
18655,valid,60030
18656,invalid,60013
18657,valid,60117
18658,valid,60063
18659,invalid,60097
18660,invalid,60084
18661,valid,63379
18662,valid,60052
18663,invalid,60080
18664,valid,60129
18665,valid,60053
18666,valid,60032
18667,valid,60034
18668,invalid,60100
18669,invalid,60120
18670,valid,59999
18671,valid,60070
18672,valid,61818
18673,valid,60172
18674,valid,60073
18675,invalid,60085
18676,valid,60210
18677,invalid,60048
18678,valid,60357
18679,invalid,60127
18680,valid,60039
18681,valid,61378
18682,valid,60024
18683,invalid,60105
18684,valid,60402
18685,invalid,60049
18686,valid,60006
18687,invalid,60071
18688,valid,60032
18689,valid,60073
18690,invalid,60084
18691,valid,65479
18692,valid,60069
18693,invalid,63332
18694,invalid,60112
18695,valid,60032
18696,invalid,60118
18697,invalid,60057
18698,valid,60065
18699,valid,60123
18700,invalid,60309
18701,valid,60293
18702,valid,60079
18703,valid,60005
18704,valid,60120
18705,valid,60052
18706,invalid,60352
18707,invalid,60048
18708,valid,60094
18709,invalid,61390
18710,valid,60818
18711,valid,60615
18712,invalid,60042
18713,valid,60100
18714,valid,60128
18715,invalid,60091
18716,invalid,60091
18717,valid,60072
18718,invalid,60051
18719,valid,60088
18720,invalid,60050
18721,valid,60147
18722,invalid,60131
18723,valid,62959
18724,valid,61007
18725,valid,60085
18726,valid,60121
18727,valid,60075
18728,invalid,60070
18729,valid,61312
18730,invalid,60065
18731,invalid,60995
18732,valid,60395
18733,valid,60088
18734,valid,60022
18735,invalid,60059
18736,invalid,60127
18737,invalid,60220
18738,invalid,61670
18739,invalid,60102
18740,invalid,60015
18741,invalid,60736
18742,valid,60076
18743,valid,60100
18744,invalid,60088
18745,valid,60134
18746,invalid,60023
18747,invalid,60096
18748,valid,60016
18749,invalid,60120
18750,valid,60131
18751,valid,60139
18752,valid,59800
18753,invalid,61383
18754,valid,60095
18755,valid,60054
18756,valid,60094
18757,valid,60902
18758,invalid,60051
18759,valid,63371
18760,valid,60453
18761,invalid,60433
18762,invalid,60099
18763,valid,60034
18764,invalid,60054
18765,invalid,60098
18766,valid,60095
18767,valid,60095
18768,invalid,60039
18769,valid,60353
18770,valid,60032
18771,invalid,60016
18772,invalid,61441
18773,invalid,60107
18774,invalid,60090
18775,invalid,61321
18776,valid,60049
18777,valid,60111
18778,invalid,61413
18779,valid,60118
18780,valid,60073
18781,valid,61342
18782,valid,60014
18783,invalid,60059
18784,invalid,60175
18785,valid,60308
18786,valid,60042
18787,valid,60818
18788,invalid,60072
18789,invalid,60043
18790,valid,60023
18791,valid,60022
18792,invalid,60041
18793,invalid,60070
18794,valid,60083
18795,valid,60070
18796,valid,60027
18797,invalid,60058
18798,valid,60071
18799,valid,60104
18800,valid,60016
18801,valid,60067
18802,valid,60107
18803,valid,60401
18804,valid,60073
18805,valid,60084
18806,invalid,60078
18807,invalid,60103
18808,invalid,60028
18809,valid,60113
18810,valid,60072
18811,invalid,60071
18812,invalid,60078
18813,invalid,60084
18814,valid,60098
18815,valid,60061
18816,valid,60690
18817,invalid,60191
18818,valid,60051
18819,valid,61274
18820,invalid,60023
18821,invalid,60060
18822,valid,60079
18823,valid,60070
18824,invalid,60014
18825,valid,60041
18826,valid,59986
18827,valid,60069
18828,valid,60065
18829,valid,59839
18830,invalid,60066
18831,valid,60082
18832,invalid,60006
18833,invalid,60152
18834,valid,60073
18835,invalid,60107
18836,invalid,60076
18837,valid,60159
18838,invalid,61422
18839,valid,60090
18840,invalid,60082
18841,invalid,60588
18842,invalid,60112
18843,valid,60133
18844,invalid,60065
18845,valid,59826
18846,invalid,60029
18847,valid,60121
18848,invalid,60112
18849,valid,60055
18850,invalid,60299
18851,valid,60115
18852,valid,60178
18853,valid,60076
18854,invalid,60283
18855,valid,60147
18856,valid,60189
18857,valid,60139
18858,valid,60960
18859,valid,60118
18860,valid,60096
18861,invalid,60139
18862,valid,60084
18863,invalid,61728
18864,invalid,60128
18865,valid,60067
18866,invalid,60194
18867,valid,60042
18868,invalid,61503
18869,invalid,60444
18870,valid,60450
18871,invalid,60759
18872,invalid,60072
18873,invalid,60012
18874,invalid,61079
18875,invalid,60065
18876,valid,60081
18877,invalid,60377
18878,invalid,60597
18879,valid,60158
18880,valid,61291
18881,valid,60123
18882,valid,60050
18883,invalid,61593
18884,valid,59783
18885,invalid,60007
18886,valid,60033
18887,valid,60017
18888,invalid,63545
18889,valid,60111
18890,invalid,60106
18891,valid,60144
18892,invalid,61705
18893,invalid,61753
18894,invalid,60551
18895,invalid,60282
18896,invalid,60121
18897,invalid,60046
18898,invalid,60310
18899,valid,60088
18900,invalid,60147
18901,valid,60024
18902,valid,60147
18903,invalid,60030
18904,invalid,60052
18905,valid,60109
18906,invalid,60089
18907,invalid,60047
18908,valid,61039
18909,valid,60140
18910,invalid,61418
18911,invalid,60990
18912,invalid,60079
18913,invalid,60106
18914,invalid,60023
18915,valid,63540
18916,valid,60042
18917,invalid,61654
18918,valid,60129
18919,invalid,60083
18920,valid,60010
18921,valid,60088
18922,invalid,59813
18923,valid,60087
18924,invalid,60047
18925,invalid,61003
18926,valid,62004
18927,valid,60087
18928,invalid,60055
18929,invalid,60134
18930,invalid,63454
18931,invalid,60447
18932,invalid,60093
18933,valid,60197
18934,invalid,60040
18935,valid,60075
18936,valid,60100
18937,invalid,60020
18938,invalid,60073
18939,valid,60033
18940,valid,61161
18941,invalid,60046
18942,valid,60089
18943,invalid,60158
18944,invalid,60048
18945,valid,60082
18946,invalid,60664
18947,invalid,60098
18948,valid,60055
18949,invalid,60015
18950,invalid,60124
18951,valid,60157
18952,invalid,60147
18953,valid,60100
18954,valid,60128
18955,valid,60046
18956,invalid,60067
18957,invalid,60107
18958,valid,60102
18959,valid,60916
18960,valid,60081
18961,valid,60110
18962,valid,60119
18963,valid,59960
18964,valid,60073
18965,valid,60067
18966,valid,60048
18967,valid,60084
18968,invalid,60021
18969,valid,60041
18970,invalid,60090
18971,valid,60060
18972,invalid,60123
18973,invalid,60011
18974,valid,60083
18975,invalid,60831
18976,valid,60036
18977,invalid,60015
18978,invalid,60452
18979,valid,60098
18980,invalid,61234
18981,invalid,61142
18982,invalid,60983
18983,valid,60938
18984,invalid,60050
18985,valid,60119
18986,invalid,60015
18987,valid,60985
18988,invalid,60057
18989,valid,60056
18990,valid,60824
18991,invalid,60987
18992,valid,60171
18993,valid,61085
18994,invalid,60307
18995,invalid,60063
18996,invalid,61149
18997,valid,60063
18998,valid,60047
18999,valid,61404
19000,invalid,59973
19001,invalid,60069
19002,valid,60713
19003,invalid,60067
19004,valid,60084
19005,valid,60129
19006,valid,61024
19007,invalid,60045
19008,valid,60705
19009,valid,60061
19010,invalid,60058
19011,valid,60210
19012,valid,60550
19013,invalid,60190
19014,valid,60031
19015,invalid,60090
19016,invalid,60735
19017,invalid,61070
19018,invalid,60760
19019,valid,61351
19020,valid,60441
19021,valid,60386
19022,invalid,60140
19023,valid,60129
19024,valid,60109
19025,invalid,60085
19026,invalid,60107
19027,valid,60110
19028,valid,60150
19029,valid,60043
19030,valid,60401
19031,invalid,60212
19032,valid,60222
19033,invalid,60041
19034,valid,60031
19035,invalid,60019
19036,invalid,60055
19037,valid,60033
19038,invalid,60103
19039,valid,60101
19040,invalid,60026
19041,invalid,60160
19042,valid,60148
19043,invalid,60051
19044,invalid,60154
19045,valid,60082
19046,invalid,60024
19047,invalid,60100
19048,valid,60714
19049,invalid,60058
19050,valid,60133
19051,valid,60804
19052,invalid,60077
19053,valid,60094
19054,valid,64236
19055,valid,63437
19056,invalid,60126
19057,valid,60260
19058,invalid,63477
19059,valid,60066
19060,valid,60116
19061,invalid,60059
19062,valid,60144
19063,valid,61933
19064,invalid,60081
19065,valid,60171
19066,invalid,60080
19067,valid,60057
19068,invalid,61003
19069,valid,60052
19070,valid,60131
19071,valid,61046
19072,valid,60066
19073,invalid,60065
19074,invalid,61163
19075,valid,60096
19076,valid,60112
19077,invalid,60092
19078,invalid,60171
19079,invalid,60055
19080,invalid,60092
19081,valid,60067
19082,valid,60196
19083,valid,60113
19084,invalid,60088
19085,valid,60211
19086,invalid,60100
19087,valid,60121
19088,invalid,60305
19089,invalid,60162
19090,invalid,60041
19091,valid,60169
19092,invalid,60088
19093,valid,60737
19094,valid,60059
19095,invalid,60051
19096,valid,61430
19097,invalid,60106
19098,invalid,60068
19099,valid,61377
19100,invalid,60107
19101,valid,60212
19102,invalid,61232
19103,invalid,60130
19104,invalid,60065
19105,valid,61180
19106,invalid,60160
19107,invalid,60094
19108,valid,61352
19109,invalid,60116
19110,invalid,60130
19111,invalid,61307
19112,valid,60060
19113,valid,60059
19114,invalid,60027
19115,invalid,59872
19116,valid,61592
19117,valid,60186
19118,valid,60607
19119,valid,60086
19120,invalid,60245
19121,valid,59970
19122,valid,60116
19123,invalid,63435
19124,invalid,63955
19125,valid,60121
19126,invalid,60339
19127,invalid,60428
19128,valid,60066
19129,valid,60053
19130,invalid,60055
19131,valid,60076
19132,invalid,60055
19133,valid,60047
19134,invalid,60077
19135,valid,60119
19136,valid,60086
19137,valid,60038
19138,valid,60054
19139,valid,60070
19140,invalid,60934
19141,valid,60060
19142,invalid,60030
19143,valid,60539
19144,invalid,60059
19145,invalid,60003
19146,valid,60068
19147,valid,60094
19148,invalid,60074
19149,invalid,60037
19150,valid,60038
19151,invalid,60020
19152,invalid,60141
19153,invalid,59817
19154,valid,60038
19155,invalid,60090
19156,valid,60679
19157,valid,59826
19158,valid,60043
19159,valid,60466
19160,invalid,60090
19161,invalid,60076
19162,valid,60095
19163,invalid,60061
19164,valid,60976
19165,valid,60035
19166,valid,60120
19167,invalid,60076
19168,valid,60126
19169,invalid,60638
19170,valid,60279
19171,invalid,61628
19172,invalid,62823
19173,valid,60049
19174,valid,60051
19175,valid,59990
19176,invalid,60044
19177,invalid,60131
19178,valid,60077
19179,invalid,60065
19180,valid,60045
19181,valid,60055
19182,valid,61099
19183,valid,60025
19184,invalid,60052
19185,invalid,61194
19186,invalid,60088
19187,invalid,60990
19188,invalid,60387
19189,invalid,60099
19190,invalid,59792
19191,invalid,60473
19192,invalid,60049
19193,valid,60085
19194,invalid,60066
19195,valid,60067
19196,invalid,61014
19197,invalid,60019
19198,invalid,60166
19199,valid,60014
19200,valid,60087
19201,valid,60030
19202,valid,60061
19203,valid,60018
19204,valid,60069
19205,valid,60098
19206,invalid,60051
19207,valid,60846
19208,valid,60062
19209,valid,60037
19210,invalid,60451
19211,valid,60021
19212,valid,60102
19213,valid,60097
19214,invalid,60010
19215,invalid,60031
19216,invalid,60093
19217,valid,60066
19218,invalid,60109
19219,invalid,60075
19220,valid,60082
19221,valid,60110
19222,valid,60114
19223,valid,60215
19224,invalid,60113
19225,invalid,60055
19226,valid,60830
19227,valid,60109
19228,valid,60054
19229,valid,60761
19230,valid,60027
19231,valid,60086
19232,valid,60180
19233,invalid,63358
19234,valid,59821
19235,invalid,60581
19236,valid,59993
19237,invalid,60050
19238,invalid,60577
19239,invalid,60107
19240,valid,60057
19241,valid,60712
19242,valid,60051
19243,invalid,60028
19244,valid,60039
19245,valid,60154
19246,valid,60050
19247,invalid,60043
19248,invalid,60096
19249,invalid,60077
19250,valid,60072
19251,invalid,59746
19252,invalid,60093
19253,invalid,60066
19254,invalid,60049
19255,invalid,60111
19256,invalid,60037
19257,invalid,60076
19258,valid,60032
19259,invalid,60054
19260,invalid,60042
19261,valid,60034
19262,valid,60075
19263,invalid,60167
19264,valid,60050
19265,valid,60041
19266,invalid,60009
19267,invalid,60218
19268,invalid,60029
19269,valid,60040
19270,invalid,60583
19271,invalid,60060
19272,valid,60175
19273,invalid,63547
19274,invalid,60068
19275,invalid,60106
19276,valid,60077
19277,valid,60060
19278,valid,60070
19279,valid,61172
19280,valid,59754
19281,valid,60080
19282,invalid,60656
19283,valid,60079
19284,invalid,60096
19285,valid,60024
19286,invalid,60077
19287,invalid,60085
19288,valid,59753
19289,valid,60103
19290,invalid,60304
19291,valid,60065
19292,valid,59998
19293,invalid,60074
19294,invalid,60128
19295,invalid,60133
19296,invalid,60064
19297,valid,60120
19298,invalid,60962
19299,valid,60058
19300,invalid,60050
19301,invalid,60095
19302,valid,60089
19303,valid,60106
19304,invalid,60089
19305,valid,60053
19306,invalid,60090
19307,invalid,60062
19308,valid,60082
19309,invalid,60055
19310,valid,60114
19311,valid,60107
19312,valid,60076
19313,valid,60050
19314,invalid,60072
19315,valid,60036
19316,invalid,60098
19317,valid,60651
19318,valid,60051
19319,valid,60138
19320,valid,60629
19321,valid,60076
19322,invalid,60459
19323,invalid,63602
19324,invalid,60287
19325,valid,60089
19326,valid,60084
19327,valid,60056
19328,invalid,60083
19329,invalid,60085
19330,invalid,60056
19331,invalid,60379
19332,invalid,60041
19333,invalid,60027
19334,invalid,60955
19335,invalid,60079
19336,valid,60068
19337,invalid,60048
19338,valid,60080
19339,valid,60067
19340,valid,60549
19341,valid,60042
19342,invalid,60058
19343,valid,60081
19344,valid,60093
19345,valid,60085
19346,valid,60099
19347,invalid,60064
19348,valid,60009
19349,invalid,61141
19350,valid,60041
19351,valid,59804
19352,invalid,60437
19353,valid,60123
19354,valid,62084
19355,invalid,63126
19356,invalid,60072
19357,invalid,60460
19358,invalid,60094
19359,invalid,60454
19360,valid,60083
19361,invalid,60075
19362,valid,60117
19363,valid,60044
19364,invalid,60186
19365,invalid,60006
19366,invalid,60036
19367,invalid,60447
19368,valid,60063
19369,valid,60065
19370,valid,60066
19371,invalid,60078
19372,invalid,60099
19373,invalid,60045
19374,valid,60051
19375,valid,60059
19376,invalid,60072
19377,invalid,60035
19378,invalid,60064
19379,valid,60054
19380,valid,63786
19381,invalid,60387
19382,invalid,59953
19383,invalid,60117
19384,invalid,60015
19385,invalid,60084
19386,valid,60063
19387,valid,60067
19388,invalid,60070
19389,invalid,60488
19390,invalid,60676
19391,invalid,60639
19392,invalid,60061
19393,valid,60084
19394,invalid,60090
19395,invalid,60009
19396,valid,60070
19397,invalid,60016
19398,invalid,60024
19399,valid,60186
19400,invalid,60086
19401,invalid,60411
19402,valid,60612
19403,valid,60216
19404,invalid,60187
19405,valid,60079
19406,invalid,60096
19407,valid,60147
19408,invalid,60124
19409,valid,60044
19410,valid,59936
19411,valid,60424
19412,invalid,60106
19413,valid,60089
19414,invalid,61391
19415,valid,60057
19416,invalid,60048
19417,invalid,60800
19418,valid,60171
19419,invalid,60094
19420,valid,60397
19421,valid,60058
19422,valid,60088
19423,valid,60017
19424,invalid,60065
19425,valid,60082
19426,valid,60154
19427,valid,60055
19428,valid,60133
19429,valid,60053
19430,invalid,60114
19431,valid,60041
19432,invalid,60077
19433,valid,60053
19434,invalid,60002
19435,invalid,60078
19436,invalid,62314
19437,valid,60336
19438,valid,60159
19439,invalid,60902
19440,invalid,60060
19441,invalid,60108
19442,valid,60151
19443,valid,60066
19444,invalid,60116
19445,valid,60061
19446,valid,61714
19447,valid,60123
19448,invalid,60433
19449,valid,60141
19450,valid,60078
19451,valid,62555
19452,invalid,60083
19453,valid,60115
19454,invalid,60021
19455,invalid,60143
19456,invalid,60079
19457,invalid,60009
19458,valid,60006
19459,valid,60034
19460,valid,60331
19461,valid,60017
19462,invalid,60057
19463,valid,60072
19464,invalid,60072
19465,invalid,60081
19466,invalid,60059
19467,invalid,60810
19468,valid,60046
19469,valid,60269
19470,invalid,61176
19471,valid,60068
19472,valid,60020
19473,valid,60073
19474,valid,60050
19475,valid,60688
19476,invalid,60195
19477,valid,59995
19478,valid,60057
19479,invalid,59998
19480,valid,60024
19481,invalid,60123
19482,invalid,60035
19483,valid,60100
19484,valid,60111
19485,valid,60974
19486,invalid,60060
19487,invalid,60068
19488,valid,60281
19489,valid,60075
19490,valid,60036
19491,invalid,60517
19492,valid,60074
19493,invalid,60025
19494,valid,60050
19495,valid,60069
19496,valid,60035
19497,invalid,60109
19498,valid,60017
19499,invalid,60050
19500,invalid,60020
19501,invalid,60067
19502,invalid,60036
19503,valid,60025
19504,invalid,60855
19505,valid,60016
19506,invalid,59969
19507,invalid,60463
19508,invalid,60052
19509,invalid,60010
19510,invalid,60967
19511,invalid,60281
19512,valid,60028
19513,valid,60074
19514,valid,60091
19515,valid,61100
19516,valid,60013
19517,valid,60638
19518,valid,60023
19519,valid,59846
19520,valid,60030
19521,valid,60238
19522,valid,60012
19523,invalid,60107
19524,valid,60068
19525,invalid,60079
19526,valid,60920
19527,valid,60021
19528,invalid,60060
19529,valid,60678
19530,invalid,60062
19531,invalid,60049
19532,invalid,60513
19533,valid,60062
19534,invalid,60055
19535,invalid,60004
19536,valid,60013
19537,invalid,59986
19538,valid,60178
19539,valid,60036
19540,valid,60089
19541,invalid,60184
19542,valid,60058
19543,valid,61070
19544,invalid,60009
19545,valid,60316
19546,valid,60023
19547,valid,60032
19548,valid,60157
19549,invalid,60059
19550,valid,60046
19551,invalid,60053
19552,valid,60124
19553,invalid,59976
19554,valid,60072
19555,invalid,62823
19556,valid,60571
19557,invalid,60053
19558,valid,60061
19559,invalid,60715
19560,invalid,60046
19561,invalid,60153
19562,valid,60057
19563,invalid,60065
19564,valid,60094
19565,valid,60169
19566,invalid,60065
19567,valid,60009
19568,valid,60170
19569,invalid,60019
19570,valid,60059
19571,invalid,60073
19572,invalid,60467
19573,valid,60109
19574,invalid,60020
19575,invalid,60046
19576,valid,60045
19577,valid,60131
19578,invalid,60062
19579,invalid,60030
19580,valid,60011
19581,valid,60114
19582,valid,60036
19583,valid,60126
19584,valid,60125
19585,invalid,60032
19586,valid,60076
19587,invalid,60061
19588,valid,60660
19589,invalid,60916
19590,invalid,60041
19591,valid,60567
19592,valid,59983
19593,valid,60062
19594,valid,62292
19595,valid,60981
19596,invalid,60069
19597,valid,60054
19598,invalid,60051
19599,valid,60111
19600,invalid,60081
19601,valid,60038
19602,valid,60929
19603,valid,60085
19604,invalid,60931
19605,invalid,63410
19606,invalid,62847
19607,invalid,60086
19608,valid,60604
19609,valid,60040
19610,valid,60002
19611,invalid,60070
19612,valid,60052
19613,invalid,60046
19614,invalid,60080
19615,valid,60063
19616,invalid,60062
19617,invalid,60042
19618,invalid,60072
19619,valid,60029
19620,valid,59793
19621,invalid,60454
19622,valid,60022
19623,invalid,60035
19624,invalid,60063
19625,invalid,60069
19626,invalid,60014
19627,invalid,59791
19628,invalid,60272
19629,invalid,60575
19630,valid,60059
19631,invalid,60085
19632,invalid,60035
19633,invalid,60101
19634,valid,60100
19635,valid,60050
19636,valid,61634
19637,invalid,62523
19638,invalid,60843
19639,valid,60162
19640,invalid,60043
19641,valid,61580
19642,valid,60045
19643,valid,60168
19644,valid,60049
19645,invalid,60074
19646,valid,60058
19647,invalid,60071
19648,valid,60019
19649,invalid,60184
19650,invalid,60052
19651,valid,60441
19652,valid,60048
19653,valid,60112
19654,valid,60399
19655,valid,59931
19656,valid,60063
19657,invalid,60096
19658,invalid,60076
19659,invalid,60013
19660,valid,60057
19661,invalid,60052
19662,invalid,59983
19663,invalid,60059
19664,valid,59843
19665,invalid,60100
19666,invalid,60061
19667,valid,61175
19668,invalid,59967
19669,invalid,60073
19670,valid,61289
19671,invalid,59991
19672,valid,60110
19673,invalid,60034
19674,valid,60063
19675,valid,60043
19676,valid,60033
19677,valid,59845
19678,invalid,60101
19679,valid,60060
19680,invalid,60053
19681,invalid,60126
19682,invalid,60035
19683,valid,60069
19684,invalid,60096
19685,invalid,60087
19686,invalid,60907
19687,invalid,60306
19688,valid,60075
19689,valid,61222
19690,valid,60016
19691,invalid,60018
19692,invalid,60062
19693,invalid,60038
19694,valid,60030
19695,valid,61681
19696,valid,60043
19697,valid,60079
19698,valid,60426
19699,valid,60070
19700,invalid,60094
19701,invalid,60049
19702,invalid,60029
19703,valid,60056
19704,valid,60020
19705,valid,60074
19706,valid,59808
19707,invalid,60038
19708,valid,60005
19709,valid,60065
19710,invalid,60043
19711,valid,60654
19712,valid,60054
19713,invalid,60050
19714,invalid,60059
19715,valid,60133
19716,invalid,60088
19717,valid,60037
19718,valid,60055
19719,valid,60051
19720,invalid,59786
19721,invalid,60058
19722,valid,60045
19723,valid,60051
19724,valid,60083
19725,valid,59799
19726,valid,60014
19727,invalid,60091
19728,invalid,60027
19729,invalid,60039
19730,valid,60032
19731,valid,63390
19732,invalid,60417
19733,invalid,60638
19734,valid,60101
19735,invalid,59998
19736,valid,61412
19737,invalid,60033
19738,valid,60169
19739,valid,61380
19740,valid,60008
19741,valid,60066
19742,valid,61116
19743,valid,60067
19744,invalid,60070
19745,valid,61201
19746,invalid,60083
19747,valid,60005
19748,valid,61339
19749,invalid,60051
19750,invalid,60059
19751,valid,61387
19752,invalid,60063
19753,valid,60064
19754,valid,61337
19755,invalid,60017
19756,invalid,60006
19757,valid,61158
19758,invalid,60067
19759,invalid,60075
19760,invalid,63375
19761,invalid,60232
19762,valid,60373
19763,invalid,60070
19764,invalid,60113
19765,invalid,60125
19766,invalid,60099
19767,invalid,60150
19768,invalid,59993
19769,valid,61185
19770,valid,60071
19771,valid,60091
19772,invalid,61126
19773,invalid,60088
19774,valid,60031
19775,invalid,60101
19776,invalid,60046
19777,valid,59947
19778,valid,60919
19779,valid,61233
19780,valid,60109
19781,invalid,60355
19782,invalid,60447
19783,valid,60089
19784,invalid,60729
19785,valid,60075
19786,valid,60041
19787,invalid,60062
19788,invalid,60116
19789,valid,60036
19790,valid,60143
19791,valid,60164
19792,valid,60061
19793,invalid,60068
19794,invalid,60030
19795,invalid,60056
19796,invalid,60082
19797,invalid,60122
19798,valid,60039
19799,valid,60144
19800,invalid,60096
19801,invalid,60568
19802,valid,60029
19803,invalid,60460
19804,valid,59804
19805,valid,60055
19806,invalid,60064
19807,valid,60013
19808,valid,60276
19809,invalid,60435
19810,valid,61004
19811,invalid,60104
19812,valid,60056
19813,invalid,60346
19814,invalid,60018
19815,invalid,60075
19816,invalid,60021
19817,valid,60076
19818,invalid,60125
19819,invalid,60964
19820,invalid,60052
19821,valid,60110
19822,valid,60604
19823,invalid,60133
19824,valid,60082
19825,invalid,61264
19826,valid,60090
19827,valid,60110
19828,valid,61342
19829,valid,60072
19830,invalid,60053
19831,invalid,61422
19832,valid,60169
19833,valid,60054
19834,valid,61406
19835,invalid,60051
19836,invalid,60078
19837,invalid,61326
19838,invalid,60066
19839,invalid,60134
19840,invalid,60081
19841,valid,60297
19842,invalid,60046
19843,invalid,60390
19844,valid,59839
19845,valid,60962
19846,invalid,60081
19847,valid,60139
19848,invalid,60064
19849,invalid,60074
19850,valid,60043
19851,invalid,60077
19852,valid,60079
19853,invalid,60119
19854,invalid,60493
19855,invalid,60410
19856,invalid,60470
19857,invalid,60052
19858,invalid,60659
19859,invalid,60063
19860,invalid,60516
19861,invalid,61948
19862,valid,60097
19863,valid,60039
19864,valid,59820
19865,invalid,60368
19866,invalid,60055
19867,invalid,60066
19868,valid,60031
19869,valid,60212
19870,invalid,60122
19871,invalid,60713
19872,invalid,60065
19873,valid,60095
19874,valid,60051
19875,invalid,60071
19876,valid,60173
19877,invalid,60385
19878,invalid,60070
19879,invalid,60084
19880,valid,60096
19881,invalid,60081
19882,valid,60115
19883,invalid,60223
19884,invalid,60035
19885,invalid,60120
19886,invalid,60050
19887,invalid,61348
19888,valid,60093
19889,invalid,60041
19890,invalid,61155
19891,invalid,60102
19892,valid,60155
19893,invalid,61269
19894,invalid,60029
19895,valid,59809
19896,valid,60237
19897,valid,60058
19898,valid,60145
19899,valid,60080
19900,invalid,60061
19901,valid,60041
19902,valid,60079
19903,valid,60101
19904,invalid,60067
19905,invalid,60029
19906,valid,60047
19907,valid,60130
19908,valid,60028
19909,invalid,60583
19910,invalid,60063
19911,valid,60066
19912,invalid,60435
19913,valid,60083
19914,invalid,60015
19915,invalid,60030
19916,invalid,60122
19917,valid,60036
19918,invalid,60078
19919,valid,60051
19920,invalid,60024
19921,invalid,60096
19922,invalid,60105
19923,valid,60057
19924,valid,60094
19925,invalid,60340
19926,valid,60071
19927,valid,60018
19928,valid,60398
19929,valid,59866
19930,invalid,60078
19931,valid,60003
19932,invalid,59856
19933,invalid,60105
19934,valid,60101
19935,valid,61663
19936,valid,60133
19937,invalid,60096
19938,valid,60158
19939,invalid,60134
19940,invalid,60079
19941,valid,60125
19942,valid,60180
19943,invalid,60079
19944,invalid,60066
19945,invalid,60105
19946,valid,60924
19947,invalid,60187
19948,invalid,60186
19949,valid,60898
19950,invalid,60140
19951,valid,60086
19952,valid,61243
19953,valid,60155
19954,invalid,60059
19955,valid,61374
19956,valid,60084
19957,valid,60097
19958,valid,60752
19959,invalid,60120
19960,invalid,60147
19961,invalid,60810
19962,valid,60051
19963,invalid,60121
19964,valid,60135
19965,invalid,60176
19966,invalid,60140
19967,valid,60066
19968,invalid,60101
19969,invalid,60113
19970,valid,60182
19971,valid,60076
19972,invalid,60037
19973,valid,60109
19974,valid,60091
19975,invalid,60162
19976,invalid,60113
19977,invalid,61280
19978,valid,60111
19979,valid,60581
19980,invalid,60526
19981,invalid,60462
19982,invalid,60139
19983,valid,60945
19984,valid,60111
19985,valid,60105
19986,invalid,61275
19987,invalid,60812
19988,invalid,60159
19989,invalid,60752
19990,valid,60027
19991,invalid,61457
19992,invalid,60080
19993,invalid,59947
19994,invalid,60061
19995,invalid,60111
19996,valid,60077
19997,invalid,60918
19998,valid,60129
19999,valid,60045
